Time: Mon Oct 28 15:44:18 2024

Function Index: 9
0.00999451 4576915062710599680
0.0100021 4576919460757110784
0.0100098 4576923858803621888
0.0100174 4576928256850132992
0.010025 4576932654896644096
0.0100327 4576937052943155200
0.0100403 4576941450989666304
0.0100479 4576945849036177408
0.0100555 4576950247082688512
0.0100632 4576954645129199616
0.0100708 4576959043175710720
0.0100784 4576963441222221824
0.0100861 4576967839268732928
0.0100937 4576972237315244032
0.0101013 4576976635361755136
0.0101089 4576981033408266240
0.0101166 4576985431454777344
0.0101242 4576989829501288448
0.0101318 4576994227547799552
0.0101395 4576998625594310656
0.0101471 4577003023640821760
0.0101547 4577007421687332864
0.0101624 4577011819733843968
0.01017 4577016217780355072
0.0101776 4577020615826866176
0.0101852 4577025013873377280
0.0101929 4577029411919888384
0.0102005 4577033809966399488
0.0102081 4577038208012910592
0.0102158 4577042606059421696
0.0102234 4577047004105932800
0.010231 4577051402152443904
0.0102386 4577055800198955008
0.0102463 4577060198245466112
0.0102539 4577064596291977216
0.0102615 4577068994338488320
0.0102692 4577073392384999424
0.0102768 4577077790431510528
0.0102844 4577082188478021632
0.0102921 4577086586524532736
0.0102997 4577090984571043840
0.0103073 4577095382617554944
0.0103149 4577099780664066048
0.0103226 4577104178710577152
0.0103302 4577108576757088256
0.0103378 4577112974803599360
0.0103455 4577117372850110464
0.0103531 4577121770896621568
0.0103607 4577126168943132672
0.0103683 4577130566989643776
0.010376 4577134965036154880
0.0103836 4577139363082665984
0.0103912 4577143761129177088
0.0103989 4577148159175688192
0.0104065 4577152557222199296
0.0104141 4577156955268710400
0.0104218 4577161353315221504
0.0104294 4577165751361732608
0.010437 4577170149408243712
0.0104446 4577174547454754816
0.0104523 4577178945501265920
0.0104599 4577183343547777024
0.0104675 4577187741594288128
0.0104752 4577192139640799232
0.0104828 4577196537687310336
0.0104904 4577200935733821440
0.010498 4577205333780332544
0.0105057 4577209731826843648
0.0105133 4577214129873354752
0.0105209 4577218527919865856
0.0105286 4577222925966376960
0.0105362 4577227324012888064
0.0105438 4577231722059399168
0.0105515 4577236120105910272
0.0105591 4577240518152421376
0.0105667 4577244916198932480
0.0105743 4577249314245443584
0.010582 4577253712291954688
0.0105896 4577258110338465792
0.0105972 4577262508384976896
0.0106049 4577266906431488000
0.0106125 4577271304477999104
0.0106201 4577275702524510208
0.0106277 4577280100571021312
0.0106354 4577284498617532416
0.010643 4577288896664043520
0.0106506 4577293294710554624
0.0106583 4577297692757065728
0.0106659 4577302090803576832
0.0106735 4577306488850087936
0.0106812 4577310886896599040
0.0106888 4577315284943110144
0.0106964 4577319682989621248
0.010704 4577324081036132352
0.0107117 4577328479082643456
0.0107193 4577332877129154560
0.0107269 4577337275175665664
0.0107346 4577341673222176768
0.0107422 4577346071268687872
0.0107498 4577350469315198976
0.0107574 4577354867361710080
0.0107651 4577359265408221184
0.0107727 4577363663454732288
0.0107803 4577368061501243392
0.010788 4577372459547754496
0.0107956 4577376857594265600
0.0108032 4577381255640776704
0.0108109 4577385653687287808
0.0108185 4577390051733798912
0.0108261 4577394449780310016
0.0108337 4577398847826821120
0.0108414 4577403245873332224
0.010849 4577407643919843328
0.0108566 4577412041966354432
0.0108643 4577416440012865536
0.0108719 4577420838059376640
0.0108795 4577425236105887744
0.0108871 4577429634152398848
0.0108948 4577434032198909952
0.0109024 4577438430245421056
0.01091 4577442828291932160
0.0109177 4577447226338443264
0.0109253 4577451624384954368
0.0109329 4577456022431465472
0.0109406 4577460420477976576
0.0109482 4577464818524487680
0.0109558 4577469216570998784
0.0109634 4577473614617509888
0.0109711 4577478012664020992
0.0109787 4577482410710532096
0.0109863 4577486808757043200
0.010994 4577491206803554304
0.0110016 4577495604850065408
0.0110092 4577500002896576512
0.0110168 4577504400943087616
0.0110245 4577508798989598720
0.0110321 4577513197036109824
0.0110397 4577517595082620928
0.0110474 4577521993129132032
0.011055 4577526391175643136
0.0110626 4577530789222154240
0.0110703 4577535187268665344
0.0110779 4577539585315176448
0.0110855 4577543983361687552
0.0110931 4577548381408198656
0.0111008 4577552779454709760
0.0111084 4577557177501220864
0.011116 4577561575547731968
0.0111237 4577565973594243072
0.0111313 4577570371640754176
0.0111389 4577574769687265280
0.0111465 4577579167733776384
0.0111542 4577583565780287488
0.0111618 4577587963826798592
0.0111694 4577592361873309696
0.0111771 4577596759919820800
0.0111847 4577601157966331904
0.0111923 4577605556012843008
0.0112 4577609954059354112
0.0112076 4577614352105865216
0.0112152 4577618750152376320
0.0112228 4577623148198887424
0.0112305 4577627546245398528
0.0112381 4577631944291909632
0.0112457 4577636342338420736
0.0112534 4577640740384931840
0.011261 4577645138431442944
0.0112686 4577649536477954048
0.0112762 4577653934524465152
0.0112839 4577658332570976256
0.0112915 4577662730617487360
0.0112991 4577667128663998464
0.0113068 4577671526710509568
0.0113144 4577675924757020672
0.011322 4577680322803531776
0.0113297 4577684720850042880
0.0113373 4577689118896553984
0.0113449 4577693516943065088
0.0113525 4577697914989576192
0.0113602 4577702313036087296
0.0113678 4577706711082598400
0.0113754 4577711109129109504
0.0113831 4577715507175620608
0.0113907 4577719905222131712
0.0113983 4577724303268642816
0.0114059 4577728701315153920
0.0114136 4577733099361665024
0.0114212 4577737497408176128
0.0114288 4577741895454687232
0.0114365 4577746293501198336
0.0114441 4577750691547709440
0.0114517 4577755089594220544
0.0114594 4577759487640731648
0.011467 4577763885687242752
0.0114746 4577768283733753856
0.0114822 4577772681780264960
0.0114899 4577777079826776064
0.0114975 4577781477873287168
0.0115051 4577785875919798272
0.0115128 4577790273966309376
0.0115204 4577794672012820480
0.011528 4577799070059331584
0.0115356 4577803468105842688
0.0115433 4577807866152353792
0.0115509 4577812264198864896
0.0115585 4577816662245376000
0.0115662 4577821060291887104
0.0115738 4577825458338398208
0.0115814 4577829856384909312
0.0115891 4577834254431420416
0.0115967 4577838652477931520
0.0116043 4577843050524442624
0.0116119 4577847448570953728
0.0116196 4577851846617464832
0.0116272 4577856244663975936
0.0116348 4577860642710487040
0.0116425 4577865040756998144
0.0116501 4577869438803509248
0.0116577 4577873836850020352
0.0116653 4577878234896531456
0.011673 4577882632943042560
0.0116806 4577887030989553664
0.0116882 4577891429036064768
0.0116959 4577895827082575872
0.0117035 4577900225129086976
0.0117111 4577904623175598080
0.0117188 4577909021222109184
0.0117264 4577913419268620288
0.011734 4577917817315131392
0.0117416 4577922215361642496
0.0117493 4577926613408153600
0.0117569 4577931011454664704
0.0117645 4577935409501175808
0.0117722 4577939807547686912
0.0117798 4577944205594198016
0.0117874 4577948603640709120
0.011795 4577953001687220224
0.0118027 4577957399733731328
0.0118103 4577961797780242432
0.0118179 4577966195826753536
0.0118256 4577970593873264640
0.0118332 4577974991919775744
0.0118408 4577979389966286848
0.0118484 4577983788012797952
0.0118561 4577988186059309056
0.0118637 4577992584105820160
0.0118713 4577996982152331264
0.011879 4578001380198842368
0.0118866 4578005778245353472
0.0118942 4578010176291864576
0.0119019 4578014574338375680
0.0119095 4578018972384886784
0.0119171 4578023370431397888
0.0119247 4578027768477908992
0.0119324 4578032166524420096
0.01194 4578036564570931200
0.0119476 4578040962617442304
0.0119553 4578045360663953408
0.0119629 4578049758710464512
0.0119705 4578054156756975616
0.0119781 4578058554803486720
0.0119858 4578062952849997824
0.0119934 4578067350896508928
0.012001 4578071748943020032
0.0120087 4578076146989531136
0.0120163 4578080545036042240
0.0120239 4578084943082553344
0.0120316 4578089341129064448
0.0120392 4578093739175575552
0.0120468 4578098137222086656
0.0120544 4578102535268597760
0.0120621 4578106933315108864
0.0120697 4578111331361619968
0.0120773 4578115729408131072
0.012085 4578120127454642176
0.0120926 4578124525501153280
0.0121002 4578128923547664384
0.0121078 4578133321594175488
0.0121155 4578137719640686592
0.0121231 4578142117687197696
0.0121307 4578146515733708800
0.0121384 4578150913780219904
0.012146 4578155311826731008
0.0121536 4578159709873242112
0.0121613 4578164107919753216
0.0121689 4578168505966264320
0.0121765 4578172904012775424
0.0121841 4578177302059286528
0.0121918 4578181700105797632
0.0121994 4578186098152308736
0.012207 4578190496198819840
0.0122147 4578194894245330944
0.0122223 4578199292291842048
0.0122299 4578203690338353152
0.0122375 4578208088384864256
0.0122452 4578212486431375360
0.0122528 4578216884477886464
0.0122604 4578221282524397568
0.0122681 4578225680570908672
0.0122757 4578230078617419776
0.0122833 4578234476663930880
0.012291 4578238874710441984
0.0122986 4578243272756953088
0.0123062 4578247670803464192
0.0123138 4578252068849975296
0.0123215 4578256466896486400
0.0123291 4578260864942997504
0.0123367 4578265262989508608
0.0123444 4578269661036019712
0.012352 4578274059082530816
0.0123596 4578278457129041920
0.0123672 4578282855175553024
0.0123749 4578287253222064128
0.0123825 4578291651268575232
0.0123901 4578296049315086336
0.0123978 4578300447361597440
0.0124054 4578304845408108544
0.012413 4578309243454619648
0.0124207 4578313641501130752
0.0124283 4578318039547641856
0.0124359 4578322437594152960
0.0124435 4578326835640664064
0.0124512 4578331233687175168
0.0124588 4578335631733686272
0.0124664 4578340029780197376
0.0124741 4578344427826708480
0.0124817 4578348825873219584
0.0124893 4578353223919730688
0.0124969 4578357621966241792
0.0125046 4578362020012752896
0.0125122 4578366418059264000
0.0125198 4578370816105775104
0.0125275 4578375214152286208
0.0125351 4578379612198797312
0.0125427 4578384010245308416
0.0125504 4578388408291819520
0.012558 4578392806338330624
0.0125656 4578397204384841728
0.0125732 4578401602431352832
0.0125809 4578406000477863936
0.0125885 4578410398524375040
0.0125961 4578414796570886144
0.0126038 4578419194617397248
0.0126114 4578423592663908352
0.012619 4578427990710419456
0.0126266 4578432388756930560
0.0126343 4578436786803441664
0.0126419 4578441184849952768
0.0126495 4578445582896463872
0.0126572 4578449980942974976
0.0126648 4578454378989486080
0.0126724 4578458777035997184
0.0126801 4578463175082508288
0.0126877 4578467573129019392
0.0126953 4578471971175530496
0.0127029 4578476369222041600
0.0127106 4578480767268552704
0.0127182 4578485165315063808
0.0127258 4578489563361574912
0.0127335 4578493961408086016
0.0127411 4578498359454597120
0.0127487 4578502757501108224
0.0127563 4578507155547619328
0.012764 4578511553594130432
0.0127716 4578515951640641536
0.0127792 4578520349687152640
0.0127869 4578524747733663744
0.0127945 4578529145780174848
0.0128021 4578533543826685952
0.0128098 4578537941873197056
0.0128174 4578542339919708160
0.012825 4578546737966219264
0.0128326 4578551136012730368
0.0128403 4578555534059241472
0.0128479 4578559932105752576
0.0128555 4578564330152263680
0.0128632 4578568728198774784
0.0128708 4578573126245285888
0.0128784 4578577524291796992
0.012886 4578581922338308096
0.0128937 4578586320384819200
0.0129013 4578590718431330304
0.0129089 4578595116477841408
0.0129166 4578599514524352512
0.0129242 4578603912570863616
0.0129318 4578608310617374720
0.0129395 4578612708663885824
0.0129471 4578617106710396928
0.0129547 4578621504756908032
0.0129623 4578625902803419136
0.01297 4578630300849930240
0.0129776 4578634698896441344
0.0129852 4578639096942952448
0.0129929 4578643494989463552
0.0130005 4578647893035974656
0.0130081 4578652291082485760
0.0130157 4578656689128996864
0.0130234 4578661087175507968
0.013031 4578665485222019072
0.0130386 4578669883268530176
0.0130463 4578674281315041280
0.0130539 4578678679361552384
0.0130615 4578683077408063488
0.0130692 4578687475454574592
0.0130768 4578691873501085696
0.0130844 4578696271547596800
0.013092 4578700669594107904
0.0130997 4578705067640619008
0.0131073 4578709465687130112
0.0131149 4578713863733641216
0.0131226 4578718261780152320
0.0131302 4578722659826663424
0.0131378 4578727057873174528
0.0131454 4578731455919685632
0.0131531 4578735853966196736
0.0131607 4578740252012707840
0.0131683 4578744650059218944
0.013176 4578749048105730048
0.0131836 4578753446152241152
0.0131912 4578757844198752256
0.0131989 4578762242245263360
0.0132065 4578766640291774464
0.0132141 4578771038338285568
0.0132217 4578775436384796672
0.0132294 4578779834431307776
0.013237 4578784232477818880
0.0132446 4578788630524329984
0.0132523 4578793028570841088
0.0132599 4578797426617352192
0.0132675 4578801824663863296
0.0132751 4578806222710374400
0.0132828 4578810620756885504
0.0132904 4578815018803396608
0.013298 4578819416849907712
0.0133057 4578823814896418816
0.0133133 4578828212942929920
0.0133209 4578832610989441024
0.0133286 4578837009035952128
0.0133362 4578841407082463232
0.0133438 4578845805128974336
0.0133514 4578850203175485440
0.0133591 4578854601221996544
0.0133667 4578858999268507648
0.0133743 4578863397315018752
0.013382 4578867795361529856
0.0133896 4578872193408040960
0.0133972 4578876591454552064
0.0134048 4578880989501063168
0.0134125 4578885387547574272
0.0134201 4578889785594085376
0.0134277 4578894183640596480
0.0134354 4578898581687107584
0.013443 4578902979733618688
0.0134506 4578907377780129792
0.0134583 4578911775826640896
0.0134659 4578916173873152000
0.0134735 4578920571919663104
0.0134811 4578924969966174208
0.0134888 4578929368012685312
0.0134964 4578933766059196416
0.013504 4578938164105707520
0.0135117 4578942562152218624
0.0135193 4578946960198729728
0.0135269 4578951358245240832
0.0135345 4578955756291751936
0.0135422 4578960154338263040
0.0135498 4578964552384774144
0.0135574 4578968950431285248
0.0135651 4578973348477796352
0.0135727 4578977746524307456
0.0135803 4578982144570818560
0.013588 4578986542617329664
0.0135956 4578990940663840768
0.0136032 4578995338710351872
0.0136108 4578999736756862976
0.0136185 4579004134803374080
0.0136261 4579008532849885184
0.0136337 4579012930896396288
0.0136414 4579017328942907392
0.013649 4579021726989418496
0.0136566 4579026125035929600
0.0136642 4579030523082440704
0.0136719 4579034921128951808
0.0136795 4579039319175462912
0.0136871 4579043717221974016
0.0136948 4579048115268485120
0.0137024 4579052513314996224
0.01371 4579056911361507328
0.0137177 4579061309408018432
0.0137253 4579065707454529536
0.0137329 4579070105501040640
0.0137405 4579074503547551744
0.0137482 4579078901594062848
0.0137558 4579083299640573952
0.0137634 4579087697687085056
0.0137711 4579092095733596160
0.0137787 4579096493780107264
0.0137863 4579100891826618368
0.0137939 4579105289873129472
0.0138016 4579109687919640576
0.0138092 4579114085966151680
0.0138168 4579118484012662784
0.0138245 4579122882059173888
0.0138321 4579127280105684992
0.0138397 4579131678152196096
0.0138474 4579136076198707200
0.013855 4579140474245218304
0.0138626 4579144872291729408
0.0138702 4579149270338240512
0.0138779 4579153668384751616
0.0138855 4579158066431262720
0.0138931 4579162464477773824
0.0139008 4579166862524284928
0.0139084 4579171260570796032
0.013916 4579175658617307136
0.0139236 4579180056663818240
0.0139313 4579184454710329344
0.0139389 4579188852756840448
0.0139465 4579193250803351552
0.0139542 4579197648849862656
0.0139618 4579202046896373760
0.0139694 4579206444942884864
0.0139771 4579210842989395968
0.0139847 4579215241035907072
0.0139923 4579219639082418176
0.0139999 4579224037128929280
0.0140076 4579228435175440384
0.0140152 4579232833221951488
0.0140228 4579237231268462592
0.0140305 4579241629314973696
0.0140381 4579246027361484800
0.0140457 4579250425407995904
0.0140533 4579254823454507008
0.014061 4579259221501018112
0.0140686 4579263619547529216
0.0140762 4579268017594040320
0.0140839 4579272415640551424
0.0140915 4579276813687062528
0.0140991 4579281211733573632
0.0141068 4579285609780084736
0.0141144 4579290007826595840
0.014122 4579294405873106944
0.0141296 4579298803919618048
0.0141373 4579303201966129152
0.0141449 4579307600012640256
0.0141525 4579311998059151360
0.0141602 4579316396105662464
0.0141678 4579320794152173568
0.0141754 4579325192198684672
0.014183 4579329590245195776
0.0141907 4579333988291706880
0.0141983 4579338386338217984
0.0142059 4579342784384729088
0.0142136 4579347182431240192
0.0142212 4579351580477751296
0.0142288 4579355978524262400
0.0142365 4579360376570773504
0.0142441 4579364774617284608
0.0142517 4579369172663795712
0.0142593 4579373570710306816
0.014267 4579377968756817920
0.0142746 4579382366803329024
0.0142822 4579386764849840128
0.0142899 4579391162896351232
0.0142975 4579395560942862336
0.0143051 4579399958989373440
0.0143127 4579404357035884544
0.0143204 4579408755082395648
0.014328 4579413153128906752
0.0143356 4579417551175417856
0.0143433 4579421949221928960
0.0143509 4579426347268440064
0.0143585 4579430745314951168
0.0143661 4579435143361462272
0.0143738 4579439541407973376
0.0143814 4579443939454484480
0.014389 4579448337500995584
0.0143967 4579452735547506688
0.0144043 4579457133594017792
0.0144119 4579461531640528896
0.0144196 4579465929687040000
0.0144272 4579470327733551104
0.0144348 4579474725780062208
0.0144424 4579479123826573312
0.0144501 4579483521873084416
0.0144577 4579487919919595520
0.0144653 4579492317966106624
0.014473 4579496716012617728
0.0144806 4579501114059128832
0.0144882 4579505512105639936
0.0144958 4579509910152151040
0.0145035 4579514308198662144
0.0145111 4579518706245173248
0.0145187 4579523104291684352
0.0145264 4579527502338195456
0.014534 4579531900384706560
0.0145416 4579536298431217664
0.0145493 4579540696477728768
0.0145569 4579545094524239872
0.0145645 4579549492570750976
0.0145721 4579553890617262080
0.0145798 4579558288663773184
0.0145874 4579562686710284288
0.014595 4579567084756795392
0.0146027 4579571482803306496
0.0146103 4579575880849817600
0.0146179 4579580278896328704
0.0146255 4579584676942839808
0.0146332 4579589074989350912
0.0146408 4579593473035862016
0.0146484 4579597871082373120
0.0146561 4579602269128884224
0.0146637 4579606667175395328
0.0146713 4579611065221906432
0.014679 4579615463268417536
0.0146866 4579619861314928640
0.0146942 4579624259361439744
0.0147018 4579628657407950848
0.0147095 4579633055454461952
0.0147171 4579637453500973056
0.0147247 4579641851547484160
0.0147324 4579646249593995264
0.01474 4579650647640506368
0.0147476 4579655045687017472
0.0147552 4579659443733528576
0.0147629 4579663841780039680
0.0147705 4579668239826550784
0.0147781 4579672637873061888
0.0147858 4579677035919572992
0.0147934 4579681433966084096
0.014801 4579685832012595200
0.0148087 4579690230059106304
0.0148163 4579694628105617408
0.0148239 4579699026152128512
0.0148315 4579703424198639616
0.0148392 4579707822245150720
0.0148468 4579712220291661824
0.0148544 4579716618338172928
0.0148621 4579721016384684032
0.0148697 4579725414431195136
0.0148773 4579729812477706240
0.0148849 4579734210524217344
0.0148926 4579738608570728448
0.0149002 4579743006617239552
0.0149078 4579747404663750656
0.0149155 4579751802710261760
0.0149231 4579756200756772864
0.0149307 4579760598803283968
0.0149384 4579764996849795072
0.014946 4579769394896306176
0.0149536 4579773792942817280
0.0149612 4579778190989328384
0.0149689 4579782589035839488
0.0149765 4579786987082350592
0.0149841 4579791385128861696
0.0149918 4579795783175372800
0.0149994 4579800181221883904
0.015007 4579804579268395008
0.0150146 4579808977314906112
0.0150223 4579813375361417216
0.0150299 4579817773407928320
0.0150375 4579822171454439424
0.0150452 4579826569500950528
0.0150528 4579830967547461632
0.0150604 4579835365593972736
0.0150681 4579839763640483840
0.0150757 4579844161686994944
0.0150833 4579848559733506048
0.0150909 4579852957780017152
0.0150986 4579857355826528256
0.0151062 4579861753873039360
0.0151138 4579866151919550464
0.0151215 4579870549966061568
0.0151291 4579874948012572672
0.0151367 4579879346059083776
0.0151443 4579883744105594880
0.015152 4579888142152105984
0.0151596 4579892540198617088
0.0151672 4579896938245128192
0.0151749 4579901336291639296
0.0151825 4579905734338150400
0.0151901 4579910132384661504
0.0151978 4579914530431172608
0.0152054 4579918928477683712
0.015213 4579923326524194816
0.0152206 4579927724570705920
0.0152283 4579932122617217024
0.0152359 4579936520663728128
0.0152435 4579940918710239232
0.0152512 4579945316756750336
0.0152588 4579949714803261440
0.0152664 4579954112849772544
0.015274 4579958510896283648
0.0152817 4579962908942794752
0.0152893 4579967306989305856
0.0152969 4579971705035816960
0.0153046 4579976103082328064
0.0153122 4579980501128839168
0.0153198 4579984899175350272
0.0153275 4579989297221861376
0.0153351 4579993695268372480
0.0153427 4579998093314883584
0.0153503 4580002491361394688
0.015358 4580006889407905792
0.0153656 4580011287454416896
0.0153732 4580015685500928000
0.0153809 4580020083547439104
0.0153885 4580024481593950208
0.0153961 4580028879640461312
0.0154037 4580033277686972416
0.0154114 4580037675733483520
0.015419 4580042073779994624
0.0154266 4580046471826505728
0.0154343 4580050869873016832
0.0154419 4580055267919527936
0.0154495 4580059665966039040
0.0154572 4580064064012550144
0.0154648 4580068462059061248
0.0154724 4580072860105572352
0.01548 4580077258152083456
0.0154877 4580081656198594560
0.0154953 4580086054245105664
0.0155029 4580090452291616768
0.0155106 4580094850338127872
0.0155182 4580099248384638976
0.0155258 4580103646431150080
0.0155334 4580108044477661184
0.0155411 4580112442524172288
0.0155487 4580116840570683392
0.0155563 4580121238617194496
0.015564 4580125636663705600
0.0155716 4580130034710216704
0.0155792 4580134432756727808
0.0155869 4580138830803238912
0.0155945 4580143228849750016
0.0156021 4580147626896261120
0.0156097 4580152024942772224
0.0156174 4580156422989283328
0.015625 4580160821035794432
0.0156403 4580165219082305536
0.0156555 4580169617128816640
0.0156708 4580174015175327744
0.015686 4580178413221838848
0.0157013 4580182811268349952
0.0157166 4580187209314861056
0.0157318 4580191607361372160
0.0157471 4580196005407883264
0.0157623 4580200403454394368
0.0157776 4580204801500905472
0.0157928 4580209199547416576
0.0158081 4580213597593927680
0.0158234 4580217995640438784
0.0158386 4580222393686949888
0.0158539 4580226791733460992
0.0158691 4580231189779972096
0.0158844 4580235587826483200
0.0158997 4580239985872994304
0.0159149 4580244383919505408
0.0159302 4580248781966016512
0.0159454 4580253180012527616
0.0159607 4580257578059038720
0.015976 4580261976105549824
0.0159912 4580266374152060928
0.0160065 4580270772198572032
0.0160217 4580275170245083136
0.016037 4580279568291594240
0.0160522 4580283966338105344
0.0160675 4580288364384616448
0.0160828 4580292762431127552
0.016098 4580297160477638656
0.0161133 4580301558524149760
0.0161285 4580305956570660864
0.0161438 4580310354617171968
0.0161591 4580314752663683072
0.0161743 4580319150710194176
0.0161896 4580323548756705280
0.0162048 4580327946803216384
0.0162201 4580332344849727488
0.0162354 4580336742896238592
0.0162506 4580341140942749696
0.0162659 4580345538989260800
0.0162811 4580349937035771904
0.0162964 4580354335082283008
0.0163116 4580358733128794112
0.0163269 4580363131175305216
0.0163422 4580367529221816320
0.0163574 4580371927268327424
0.0163727 4580376325314838528
0.0163879 4580380723361349632
0.0164032 4580385121407860736
0.0164185 4580389519454371840
0.0164337 4580393917500882944
0.016449 4580398315547394048
0.0164642 4580402713593905152
0.0164795 4580407111640416256
0.0164948 4580411509686927360
0.01651 4580415907733438464
0.0165253 4580420305779949568
0.0165405 4580424703826460672
0.0165558 4580429101872971776
0.016571 4580433499919482880
0.0165863 4580437897965993984
0.0166016 4580442296012505088
0.0166168 4580446694059016192
0.0166321 4580451092105527296
0.0166473 4580455490152038400
0.0166626 4580459888198549504
0.0166779 4580464286245060608
0.0166931 4580468684291571712
0.0167084 4580473082338082816
0.0167236 4580477480384593920
0.0167389 4580481878431105024
0.0167542 4580486276477616128
0.0167694 4580490674524127232
0.0167847 4580495072570638336
0.0167999 4580499470617149440
0.0168152 4580503868663660544
0.0168304 4580508266710171648
0.0168457 4580512664756682752
0.016861 4580517062803193856
0.0168762 4580521460849704960
0.0168915 4580525858896216064
0.0169067 4580530256942727168
0.016922 4580534654989238272
0.0169373 4580539053035749376
0.0169525 4580543451082260480
0.0169678 4580547849128771584
0.016983 4580552247175282688
0.0169983 4580556645221793792
0.0170135 4580561043268304896
0.0170288 4580565441314816000
0.0170441 4580569839361327104
0.0170593 4580574237407838208
0.0170746 4580578635454349312
0.0170898 4580583033500860416
0.0171051 4580587431547371520
0.0171204 4580591829593882624
0.0171356 4580596227640393728
0.0171509 4580600625686904832
0.0171661 4580605023733415936
0.0171814 4580609421779927040
0.0171967 4580613819826438144
0.0172119 4580618217872949248
0.0172272 4580622615919460352
0.0172424 4580627013965971456
0.0172577 4580631412012482560
0.0172729 4580635810058993664
0.0172882 4580640208105504768
0.0173035 4580644606152015872
0.0173187 4580649004198526976
0.017334 4580653402245038080
0.0173492 4580657800291549184
0.0173645 4580662198338060288
0.0173798 4580666596384571392
0.017395 4580670994431082496
0.0174103 4580675392477593600
0.0174255 4580679790524104704
0.0174408 4580684188570615808
0.0174561 4580688586617126912
0.0174713 4580692984663638016
0.0174866 4580697382710149120
0.0175018 4580701780756660224
0.0175171 4580706178803171328
0.0175323 4580710576849682432
0.0175476 4580714974896193536
0.0175629 4580719372942704640
0.0175781 4580723770989215744
0.0175934 4580728169035726848
0.0176086 4580732567082237952
0.0176239 4580736965128749056
0.0176392 4580741363175260160
0.0176544 4580745761221771264
0.0176697 4580750159268282368
0.0176849 4580754557314793472
0.0177002 4580758955361304576
0.0177155 4580763353407815680
0.0177307 4580767751454326784
0.017746 4580772149500837888
0.0177612 4580776547547348992
0.0177765 4580780945593860096
0.0177917 4580785343640371200
0.017807 4580789741686882304
0.0178223 4580794139733393408
0.0178375 4580798537779904512
0.0178528 4580802935826415616
0.017868 4580807333872926720
0.0178833 4580811731919437824
0.0178986 4580816129965948928
0.0179138 4580820528012460032
0.0179291 4580824926058971136
0.0179443 4580829324105482240
0.0179596 4580833722151993344
0.0179749 4580838120198504448
0.0179901 4580842518245015552
0.0180054 4580846916291526656
0.0180206 4580851314338037760
0.0180359 4580855712384548864
0.0180511 4580860110431059968
0.0180664 4580864508477571072
0.0180817 4580868906524082176
0.0180969 4580873304570593280
0.0181122 4580877702617104384
0.0181274 4580882100663615488
0.0181427 4580886498710126592
0.018158 4580890896756637696
0.0181732 4580895294803148800
0.0181885 4580899692849659904
0.0182037 4580904090896171008
0.018219 4580908488942682112
0.0182343 4580912886989193216
0.0182495 4580917285035704320
0.0182648 4580921683082215424
0.01828 4580926081128726528
0.0182953 4580930479175237632
0.0183105 4580934877221748736
0.0183258 4580939275268259840
0.0183411 4580943673314770944
0.0183563 4580948071361282048
0.0183716 4580952469407793152
0.0183868 4580956867454304256
0.0184021 4580961265500815360
0.0184174 4580965663547326464
0.0184326 4580970061593837568
0.0184479 4580974459640348672
0.0184631 4580978857686859776
0.0184784 4580983255733370880
0.0184937 4580987653779881984
0.0185089 4580992051826393088
0.0185242 4580996449872904192
0.0185394 4581000847919415296
0.0185547 4581005245965926400
0.0185699 4581009644012437504
0.0185852 4581014042058948608
0.0186005 4581018440105459712
0.0186157 4581022838151970816
0.018631 4581027236198481920
0.0186462 4581031634244993024
0.0186615 4581036032291504128
0.0186768 4581040430338015232
0.018692 4581044828384526336
0.0187073 4581049226431037440
0.0187225 4581053624477548544
0.0187378 4581058022524059648
0.0187531 4581062420570570752
0.0187683 4581066818617081856
0.0187836 4581071216663592960
0.0187988 4581075614710104064
0.0188141 4581080012756615168
0.0188293 4581084410803126272
0.0188446 4581088808849637376
0.0188599 4581093206896148480
0.0188751 4581097604942659584
0.0188904 4581102002989170688
0.0189056 4581106401035681792
0.0189209 4581110799082192896
0.0189362 4581115197128704000
0.0189514 4581119595175215104
0.0189667 4581123993221726208
0.0189819 4581128391268237312
0.0189972 4581132789314748416
0.0190125 4581137187361259520
0.0190277 4581141585407770624
0.019043 4581145983454281728
0.0190582 4581150381500792832
0.0190735 4581154779547303936
0.0190887 4581159177593815040
0.019104 4581163575640326144
0.0191193 4581167973686837248
0.0191345 4581172371733348352
0.0191498 4581176769779859456
0.019165 4581181167826370560
0.0191803 4581185565872881664
0.0191956 4581189963919392768
0.0192108 4581194361965903872
0.0192261 4581198760012414976
0.0192413 4581203158058926080
0.0192566 4581207556105437184
0.0192719 4581211954151948288
0.0192871 4581216352198459392
0.0193024 4581220750244970496
0.0193176 4581225148291481600
0.0193329 4581229546337992704
0.0193481 4581233944384503808
0.0193634 4581238342431014912
0.0193787 4581242740477526016
0.0193939 4581247138524037120
0.0194092 4581251536570548224
0.0194244 4581255934617059328
0.0194397 4581260332663570432
0.019455 4581264730710081536
0.0194702 4581269128756592640
0.0194855 4581273526803103744
0.0195007 4581277924849614848
0.019516 4581282322896125952
0.0195312 4581286720942637056
0.0195465 4581291118989148160
0.0195618 4581295517035659264
0.019577 4581299915082170368
0.0195923 4581304313128681472
0.0196075 4581308711175192576
0.0196228 4581313109221703680
0.0196381 4581317507268214784
0.0196533 4581321905314725888
0.0196686 4581326303361236992
0.0196838 4581330701407748096
0.0196991 4581335099454259200
0.0197144 4581339497500770304
0.0197296 4581343895547281408
0.0197449 4581348293593792512
0.0197601 4581352691640303616
0.0197754 4581357089686814720
0.0197906 4581361487733325824
0.0198059 4581365885779836928
0.0198212 4581370283826348032
0.0198364 4581374681872859136
0.0198517 4581379079919370240
0.0198669 4581383477965881344
0.0198822 4581387876012392448
0.0198975 4581392274058903552
0.0199127 4581396672105414656
0.019928 4581401070151925760
0.0199432 4581405468198436864
0.0199585 4581409866244947968
0.0199738 4581414264291459072
0.019989 4581418662337970176
0.0200043 4581423060384481280
0.0200195 4581427458430992384
0.0200348 4581431856477503488
0.02005 4581436254524014592
0.0200653 4581440652570525696
0.0200806 4581445050617036800
0.0200958 4581449448663547904
0.0201111 4581453846710059008
0.0201263 4581458244756570112
0.0201416 4581462642803081216
0.0201569 4581467040849592320
0.0201721 4581471438896103424
0.0201874 4581475836942614528
0.0202026 4581480234989125632
0.0202179 4581484633035636736
0.0202332 4581489031082147840
0.0202484 4581493429128658944
0.0202637 4581497827175170048
0.0202789 4581502225221681152
0.0202942 4581506623268192256
0.0203094 4581511021314703360
0.0203247 4581515419361214464
0.02034 4581519817407725568
0.0203552 4581524215454236672
0.0203705 4581528613500747776
0.0203857 4581533011547258880
0.020401 4581537409593769984
0.0204163 4581541807640281088
0.0204315 4581546205686792192
0.0204468 4581550603733303296
0.020462 4581555001779814400
0.0204773 4581559399826325504
0.0204926 4581563797872836608
0.0205078 4581568195919347712
0.0205231 4581572593965858816
0.0205383 4581576992012369920
0.0205536 4581581390058881024
0.0205688 4581585788105392128
0.0205841 4581590186151903232
0.0205994 4581594584198414336
0.0206146 4581598982244925440
0.0206299 4581603380291436544
0.0206451 4581607778337947648
0.0206604 4581612176384458752
0.0206757 4581616574430969856
0.0206909 4581620972477480960
0.0207062 4581625370523992064
0.0207214 4581629768570503168
0.0207367 4581634166617014272
0.020752 4581638564663525376
0.0207672 4581642962710036480
0.0207825 4581647360756547584
0.0207977 4581651758803058688
0.020813 4581656156849569792
0.0208282 4581660554896080896
0.0208435 4581664952942592000
0.0208588 4581669350989103104
0.020874 4581673749035614208
0.0208893 4581678147082125312
0.0209045 4581682545128636416
0.0209198 4581686943175147520
0.0209351 4581691341221658624
0.0209503 4581695739268169728
0.0209656 4581700137314680832
0.0209808 4581704535361191936
0.0209961 4581708933407703040
0.0210114 4581713331454214144
0.0210266 4581717729500725248
0.0210419 4581722127547236352
0.0210571 4581726525593747456
0.0210724 4581730923640258560
0.0210876 4581735321686769664
0.0211029 4581739719733280768
0.0211182 4581744117779791872
0.0211334 4581748515826302976
0.0211487 4581752913872814080
0.0211639 4581757311919325184
0.0211792 4581761709965836288
0.0211945 4581766108012347392
0.0212097 4581770506058858496
0.021225 4581774904105369600
0.0212402 4581779302151880704
0.0212555 4581783700198391808
0.0212708 4581788098244902912
0.021286 4581792496291414016
0.0213013 4581796894337925120
0.0213165 4581801292384436224
0.0213318 4581805690430947328
0.021347 4581810088477458432
0.0213623 4581814486523969536
0.0213776 4581818884570480640
0.0213928 4581823282616991744
0.0214081 4581827680663502848
0.0214233 4581832078710013952
0.0214386 4581836476756525056
0.0214539 4581840874803036160
0.0214691 4581845272849547264
0.0214844 4581849670896058368
0.0214996 4581854068942569472
0.0215149 4581858466989080576
0.0215302 4581862865035591680
0.0215454 4581867263082102784
0.0215607 4581871661128613888
0.0215759 4581876059175124992
0.0215912 4581880457221636096
0.0216064 4581884855268147200
0.0216217 4581889253314658304
0.021637 4581893651361169408
0.0216522 4581898049407680512
0.0216675 4581902447454191616
0.0216827 4581906845500702720
0.021698 4581911243547213824
0.0217133 4581915641593724928
0.0217285 4581920039640236032
0.0217438 4581924437686747136
0.021759 4581928835733258240
0.0217743 4581933233779769344
0.0217896 4581937631826280448
0.0218048 4581942029872791552
0.0218201 4581946427919302656
0.0218353 4581950825965813760
0.0218506 4581955224012324864
0.0218658 4581959622058835968
0.0218811 4581964020105347072
0.0218964 4581968418151858176
0.0219116 4581972816198369280
0.0219269 4581977214244880384
0.0219421 4581981612291391488
0.0219574 4581986010337902592
0.0219727 4581990408384413696
0.0219879 4581994806430924800
0.0220032 4581999204477435904
0.0220184 4582003602523947008
0.0220337 4582008000570458112
0.022049 4582012398616969216
0.0220642 4582016796663480320
0.0220795 4582021194709991424
0.0220947 4582025592756502528
0.02211 4582029990803013632
0.0221252 4582034388849524736
0.0221405 4582038786896035840
0.0221558 4582043184942546944
0.022171 4582047582989058048
0.0221863 4582051981035569152
0.0222015 4582056379082080256
0.0222168 4582060777128591360
0.0222321 4582065175175102464
0.0222473 4582069573221613568
0.0222626 4582073971268124672
0.0222778 4582078369314635776
0.0222931 4582082767361146880
0.0223083 4582087165407657984
0.0223236 4582091563454169088
0.0223389 4582095961500680192
0.0223541 4582100359547191296
0.0223694 4582104757593702400
0.0223846 4582109155640213504
0.0223999 4582113553686724608
0.0224152 4582117951733235712
0.0224304 4582122349779746816
0.0224457 4582126747826257920
0.0224609 4582131145872769024
0.0224762 4582135543919280128
0.0224915 4582139941965791232
0.0225067 4582144340012302336
0.022522 4582148738058813440
0.0225372 4582153136105324544
0.0225525 4582157534151835648
0.0225677 4582161932198346752
0.022583 4582166330244857856
0.0225983 4582170728291368960
0.0226135 4582175126337880064
0.0226288 4582179524384391168
0.022644 4582183922430902272
0.0226593 4582188320477413376
0.0226746 4582192718523924480
0.0226898 4582197116570435584
0.0227051 4582201514616946688
0.0227203 4582205912663457792
0.0227356 4582210310709968896
0.0227509 4582214708756480000
0.0227661 4582219106802991104
0.0227814 4582223504849502208
0.0227966 4582227902896013312
0.0228119 4582232300942524416
0.0228271 4582236698989035520
0.0228424 4582241097035546624
0.0228577 4582245495082057728
0.0228729 4582249893128568832
0.0228882 4582254291175079936
0.0229034 4582258689221591040
0.0229187 4582263087268102144
0.022934 4582267485314613248
0.0229492 4582271883361124352
0.0229645 4582276281407635456
0.0229797 4582280679454146560
0.022995 4582285077500657664
0.0230103 4582289475547168768
0.0230255 4582293873593679872
0.0230408 4582298271640190976
0.023056 4582302669686702080
0.0230713 4582307067733213184
0.0230865 4582311465779724288
0.0231018 4582315863826235392
0.0231171 4582320261872746496
0.0231323 4582324659919257600
0.0231476 4582329057965768704
0.0231628 4582333456012279808
0.0231781 4582337854058790912
0.0231934 4582342252105302016
0.0232086 4582346650151813120
0.0232239 4582351048198324224
0.0232391 4582355446244835328
0.0232544 4582359844291346432
0.0232697 4582364242337857536
0.0232849 4582368640384368640
0.0233002 4582373038430879744
0.0233154 4582377436477390848
0.0233307 4582381834523901952
0.0233459 4582386232570413056
0.0233612 4582390630616924160
0.0233765 4582395028663435264
0.0233917 4582399426709946368
0.023407 4582403824756457472
0.0234222 4582408222802968576
0.0234375 4582412620849479680
0.0234528 4582417018895990784
0.023468 4582421416942501888
0.0234833 4582425814989012992
0.0234985 4582430213035524096
0.0235138 4582434611082035200
0.0235291 4582439009128546304
0.0235443 4582443407175057408
0.0235596 4582447805221568512
0.0235748 4582452203268079616
0.0235901 4582456601314590720
0.0236053 4582460999361101824
0.0236206 4582465397407612928
0.0236359 4582469795454124032
0.0236511 4582474193500635136
0.0236664 4582478591547146240
0.0236816 4582482989593657344
0.0236969 4582487387640168448
0.0237122 4582491785686679552
0.0237274 4582496183733190656
0.0237427 4582500581779701760
0.0237579 4582504979826212864
0.0237732 4582509377872723968
0.0237885 4582513775919235072
0.0238037 4582518173965746176
0.023819 4582522572012257280
0.0238342 4582526970058768384
0.0238495 4582531368105279488
0.0238647 4582535766151790592
0.02388 4582540164198301696
0.0238953 4582544562244812800
0.0239105 4582548960291323904
0.0239258 4582553358337835008
0.023941 4582557756384346112
0.0239563 4582562154430857216
0.0239716 4582566552477368320
0.0239868 4582570950523879424
0.0240021 4582575348570390528
0.0240173 4582579746616901632
0.0240326 4582584144663412736
0.0240479 4582588542709923840
0.0240631 4582592940756434944
0.0240784 4582597338802946048
0.0240936 4582601736849457152
0.0241089 4582606134895968256
0.0241241 4582610532942479360
0.0241394 4582614930988990464
0.0241547 4582619329035501568
0.0241699 4582623727082012672
0.0241852 4582628125128523776
0.0242004 4582632523175034880
0.0242157 4582636921221545984
0.024231 4582641319268057088
0.0242462 4582645717314568192
0.0242615 4582650115361079296
0.0242767 4582654513407590400
0.024292 4582658911454101504
0.0243073 4582663309500612608
0.0243225 4582667707547123712
0.0243378 4582672105593634816
0.024353 4582676503640145920
0.0243683 4582680901686657024
0.0243835 4582685299733168128
0.0243988 4582689697779679232
0.0244141 4582694095826190336
0.0244293 4582698493872701440
0.0244446 4582702891919212544
0.0244598 4582707289965723648
0.0244751 4582711688012234752
0.0244904 4582716086058745856
0.0245056 4582720484105256960
0.0245209 4582724882151768064
0.0245361 4582729280198279168
0.0245514 4582733678244790272
0.0245667 4582738076291301376
0.0245819 4582742474337812480
0.0245972 4582746872384323584
0.0246124 4582751270430834688
0.0246277 4582755668477345792
0.0246429 4582760066523856896
0.0246582 4582764464570368000
0.0246735 4582768862616879104
0.0246887 4582773260663390208
0.024704 4582777658709901312
0.0247192 4582782056756412416
0.0247345 4582786454802923520
0.0247498 4582790852849434624
0.024765 4582795250895945728
0.0247803 4582799648942456832
0.0247955 4582804046988967936
0.0248108 4582808445035479040
0.024826 4582812843081990144
0.0248413 4582817241128501248
0.0248566 4582821639175012352
0.0248718 4582826037221523456
0.0248871 4582830435268034560
0.0249023 4582834833314545664
0.0249176 4582839231361056768
0.0249329 4582843629407567872
0.0249481 4582848027454078976
0.0249634 4582852425500590080
0.0249786 4582856823547101184
0.0249939 4582861221593612288
0.0250092 4582865619640123392
0.0250244 4582870017686634496
0.0250397 4582874415733145600
0.0250549 4582878813779656704
0.0250702 4582883211826167808
0.0250854 4582887609872678912
0.0251007 4582892007919190016
0.025116 4582896405965701120
0.0251312 4582900804012212224
0.0251465 4582905202058723328
0.0251617 4582909600105234432
0.025177 4582913998151745536
0.0251923 4582918396198256640
0.0252075 4582922794244767744
0.0252228 4582927192291278848
0.025238 4582931590337789952
0.0252533 4582935988384301056
0.0252686 4582940386430812160
0.0252838 4582944784477323264
0.0252991 4582949182523834368
0.0253143 4582953580570345472
0.0253296 4582957978616856576
0.0253448 4582962376663367680
0.0253601 4582966774709878784
0.0253754 4582971172756389888
0.0253906 4582975570802900992
0.0254059 4582979968849412096
0.0254211 4582984366895923200
0.0254364 4582988764942434304
0.0254517 4582993162988945408
0.0254669 4582997561035456512
0.0254822 4583001959081967616
0.0254974 4583006357128478720
0.0255127 4583010755174989824
0.025528 4583015153221500928
0.0255432 4583019551268012032
0.0255585 4583023949314523136
0.0255737 4583028347361034240
0.025589 4583032745407545344
0.0256042 4583037143454056448
0.0256195 4583041541500567552
0.0256348 4583045939547078656
0.02565 4583050337593589760
0.0256653 4583054735640100864
0.0256805 4583059133686611968
0.0256958 4583063531733123072
0.0257111 4583067929779634176
0.0257263 4583072327826145280
0.0257416 4583076725872656384
0.0257568 4583081123919167488
0.0257721 4583085521965678592
0.0257874 4583089920012189696
0.0258026 4583094318058700800
0.0258179 4583098716105211904
0.0258331 4583103114151723008
0.0258484 4583107512198234112
0.0258636 4583111910244745216
0.0258789 4583116308291256320
0.0258942 4583120706337767424
0.0259094 4583125104384278528
0.0259247 4583129502430789632
0.0259399 4583133900477300736
0.0259552 4583138298523811840
0.0259705 4583142696570322944
0.0259857 4583147094616834048
0.026001 4583151492663345152
0.0260162 4583155890709856256
0.0260315 4583160288756367360
0.0260468 4583164686802878464
0.026062 4583169084849389568
0.0260773 4583173482895900672
0.0260925 4583177880942411776
0.0261078 4583182278988922880
0.026123 4583186677035433984
0.0261383 4583191075081945088
0.0261536 4583195473128456192
0.0261688 4583199871174967296
0.0261841 4583204269221478400
0.0261993 4583208667267989504
0.0262146 4583213065314500608
0.0262299 4583217463361011712
0.0262451 4583221861407522816
0.0262604 4583226259454033920
0.0262756 4583230657500545024
0.0262909 4583235055547056128
0.0263062 4583239453593567232
0.0263214 4583243851640078336
0.0263367 4583248249686589440
0.0263519 4583252647733100544
0.0263672 4583257045779611648
0.0263824 4583261443826122752
0.0263977 4583265841872633856
0.026413 4583270239919144960
0.0264282 4583274637965656064
0.0264435 4583279036012167168
0.0264587 4583283434058678272
0.026474 4583287832105189376
0.0264893 4583292230151700480
0.0265045 4583296628198211584
0.0265198 4583301026244722688
0.026535 4583305424291233792
0.0265503 4583309822337744896
0.0265656 4583314220384256000
0.0265808 4583318618430767104
0.0265961 4583323016477278208
0.0266113 4583327414523789312
0.0266266 4583331812570300416
0.0266418 4583336210616811520
0.0266571 4583340608663322624
0.0266724 4583345006709833728
0.0266876 4583349404756344832
0.0267029 4583353802802855936
0.0267181 4583358200849367040
0.0267334 4583362598895878144
0.0267487 4583366996942389248
0.0267639 4583371394988900352
0.0267792 4583375793035411456
0.0267944 4583380191081922560
0.0268097 4583384589128433664
0.026825 4583388987174944768
0.0268402 4583393385221455872
0.0268555 4583397783267966976
0.0268707 4583402181314478080
0.026886 4583406579360989184
0.0269012 4583410977407500288
0.0269165 4583415375454011392
0.0269318 4583419773500522496
0.026947 4583424171547033600
0.0269623 4583428569593544704
0.0269775 4583432967640055808
0.0269928 4583437365686566912
0.0270081 4583441763733078016
0.0270233 4583446161779589120
0.0270386 4583450559826100224
0.0270538 4583454957872611328
0.0270691 4583459355919122432
0.0270844 4583463753965633536
0.0270996 4583468152012144640
0.0271149 4583472550058655744
0.0271301 4583476948105166848
0.0271454 4583481346151677952
0.0271606 4583485744198189056
0.0271759 4583490142244700160
0.0271912 4583494540291211264
0.0272064 4583498938337722368
0.0272217 4583503336384233472
0.0272369 4583507734430744576
0.0272522 4583512132477255680
0.0272675 4583516530523766784
0.0272827 4583520928570277888
0.027298 4583525326616788992
0.0273132 4583529724663300096
0.0273285 4583534122709811200
0.0273438 4583538520756322304
0.027359 4583542918802833408
0.0273743 4583547316849344512
0.0273895 4583551714895855616
0.0274048 4583556112942366720
0.02742 4583560510988877824
0.0274353 4583564909035388928
0.0274506 4583569307081900032
0.0274658 4583573705128411136
0.0274811 4583578103174922240
0.0274963 4583582501221433344
0.0275116 4583586899267944448
0.0275269 4583591297314455552
0.0275421 4583595695360966656
0.0275574 4583600093407477760
0.0275726 4583604491453988864
0.0275879 4583608889500499968
0.0276031 4583613287547011072
0.0276184 4583617685593522176
0.0276337 4583622083640033280
0.0276489 4583626481686544384
0.0276642 4583630879733055488
0.0276794 4583635277779566592
0.0276947 4583639675826077696
0.02771 4583644073872588800
0.0277252 4583648471919099904
0.0277405 4583652869965611008
0.0277557 4583657268012122112
0.027771 4583661666058633216
0.0277863 4583666064105144320
0.0278015 4583670462151655424
0.0278168 4583674860198166528
0.027832 4583679258244677632
0.0278473 4583683656291188736
0.0278625 4583688054337699840
0.0278778 4583692452384210944
0.0278931 4583696850430722048
0.0279083 4583701248477233152
0.0279236 4583705646523744256
0.0279388 4583710044570255360
0.0279541 4583714442616766464
0.0279694 4583718840663277568
0.0279846 4583723238709788672
0.0279999 4583727636756299776
0.0280151 4583732034802810880
0.0280304 4583736432849321984
0.0280457 4583740830895833088
0.0280609 4583745228942344192
0.0280762 4583749626988855296
0.0280914 4583754025035366400
0.0281067 4583758423081877504
0.0281219 4583762821128388608
0.0281372 4583767219174899712
0.0281525 4583771617221410816
0.0281677 4583776015267921920
0.028183 4583780413314433024
0.0281982 4583784811360944128
0.0282135 4583789209407455232
0.0282288 4583793607453966336
0.028244 4583798005500477440
0.0282593 4583802403546988544
0.0282745 4583806801593499648
0.0282898 4583811199640010752
0.0283051 4583815597686521856
0.0283203 4583819995733032960
0.0283356 4583824393779544064
0.0283508 4583828791826055168
0.0283661 4583833189872566272
0.0283813 4583837587919077376
0.0283966 4583841985965588480
0.0284119 4583846384012099584
0.0284271 4583850782058610688
0.0284424 4583855180105121792
0.0284576 4583859578151632896
0.0284729 4583863976198144000
0.0284882 4583868374244655104
0.0285034 4583872772291166208
0.0285187 4583877170337677312
0.0285339 4583881568384188416
0.0285492 4583885966430699520
0.0285645 4583890364477210624
0.0285797 4583894762523721728
0.028595 4583899160570232832
0.0286102 4583903558616743936
0.0286255 4583907956663255040
0.0286407 4583912354709766144
0.028656 4583916752756277248
0.0286713 4583921150802788352
0.0286865 4583925548849299456
0.0287018 4583929946895810560
0.028717 4583934344942321664
0.0287323 4583938742988832768
0.0287476 4583943141035343872
0.0287628 4583947539081854976
0.0287781 4583951937128366080
0.0287933 4583956335174877184
0.0288086 4583960733221388288
0.0288239 4583965131267899392
0.0288391 4583969529314410496
0.0288544 4583973927360921600
0.0288696 4583978325407432704
0.0288849 4583982723453943808
0.0289001 4583987121500454912
0.0289154 4583991519546966016
0.0289307 4583995917593477120
0.0289459 4584000315639988224
0.0289612 4584004713686499328
0.0289764 4584009111733010432
0.0289917 4584013509779521536
0.029007 4584017907826032640
0.0290222 4584022305872543744
0.0290375 4584026703919054848
0.0290527 4584031101965565952
0.029068 4584035500012077056
0.0290833 4584039898058588160
0.0290985 4584044296105099264
0.0291138 4584048694151610368
0.029129 4584053092198121472
0.0291443 4584057490244632576
0.0291595 4584061888291143680
0.0291748 4584066286337654784
0.0291901 4584070684384165888
0.0292053 4584075082430676992
0.0292206 4584079480477188096
0.0292358 4584083878523699200
0.0292511 4584088276570210304
0.0292664 4584092674616721408
0.0292816 4584097072663232512
0.0292969 4584101470709743616
0.0293121 4584105868756254720
0.0293274 4584110266802765824
0.0293427 4584114664849276928
0.0293579 4584119062895788032
0.0293732 4584123460942299136
0.0293884 4584127858988810240
0.0294037 4584132257035321344
0.0294189 4584136655081832448
0.0294342 4584141053128343552
0.0294495 4584145451174854656
0.0294647 4584149849221365760
0.02948 4584154247267876864
0.0294952 4584158645314387968
0.0295105 4584163043360899072
0.0295258 4584167441407410176
0.029541 4584171839453921280
0.0295563 4584176237500432384
0.0295715 4584180635546943488
0.0295868 4584185033593454592
0.0296021 4584189431639965696
0.0296173 4584193829686476800
0.0296326 4584198227732987904
0.0296478 4584202625779499008
0.0296631 4584207023826010112
0.0296783 4584211421872521216
0.0296936 4584215819919032320
0.0297089 4584220217965543424
0.0297241 4584224616012054528
0.0297394 4584229014058565632
0.0297546 4584233412105076736
0.0297699 4584237810151587840
0.0297852 4584242208198098944
0.0298004 4584246606244610048
0.0298157 4584251004291121152
0.0298309 4584255402337632256
0.0298462 4584259800384143360
0.0298615 4584264198430654464
0.0298767 4584268596477165568
0.029892 4584272994523676672
0.0299072 4584277392570187776
0.0299225 4584281790616698880
0.0299377 4584286188663209984
0.029953 4584290586709721088
0.0299683 4584294984756232192
0.0299835 4584299382802743296
0.0299988 4584303780849254400
0.030014 4584308178895765504
0.0300293 4584312576942276608
0.0300446 4584316974988787712
0.0300598 4584321373035298816
0.0300751 4584325771081809920
0.0300903 4584330169128321024
0.0301056 4584334567174832128
0.0301208 4584338965221343232
0.0301361 4584343363267854336
0.0301514 4584347761314365440
0.0301666 4584352159360876544
0.0301819 4584356557407387648
0.0301971 4584360955453898752
0.0302124 4584365353500409856
0.0302277 4584369751546920960
0.0302429 4584374149593432064
0.0302582 4584378547639943168
0.0302734 4584382945686454272
0.0302887 4584387343732965376
0.030304 4584391741779476480
0.0303192 4584396139825987584
0.0303345 4584400537872498688
0.0303497 4584404935919009792
0.030365 4584409333965520896
0.0303802 4584413732012032000
0.0303955 4584418130058543104
0.0304108 4584422528105054208
0.030426 4584426926151565312
0.0304413 4584431324198076416
0.0304565 4584435722244587520
0.0304718 4584440120291098624
0.0304871 4584444518337609728
0.0305023 4584448916384120832
0.0305176 4584453314430631936
0.0305328 4584457712477143040
0.0305481 4584462110523654144
0.0305634 4584466508570165248
0.0305786 4584470906616676352
0.0305939 4584475304663187456
0.0306091 4584479702709698560
0.0306244 4584484100756209664
0.0306396 4584488498802720768
0.0306549 4584492896849231872
0.0306702 4584497294895742976
0.0306854 4584501692942254080
0.0307007 4584506090988765184
0.0307159 4584510489035276288
0.0307312 4584514887081787392
0.0307465 4584519285128298496
0.0307617 4584523683174809600
0.030777 4584528081221320704
0.0307922 4584532479267831808
0.0308075 4584536877314342912
0.0308228 4584541275360854016
0.030838 4584545673407365120
0.0308533 4584550071453876224
0.0308685 4584554469500387328
0.0308838 4584558867546898432
0.030899 4584563265593409536
0.0309143 4584567663639920640
0.0309296 4584572061686431744
0.0309448 4584576459732942848
0.0309601 4584580857779453952
0.0309753 4584585255825965056
0.0309906 4584589653872476160
0.0310059 4584594051918987264
0.0310211 4584598449965498368
0.0310364 4584602848012009472
0.0310516 4584607246058520576
0.0310669 4584611644105031680
0.0310822 4584616042151542784
0.0310974 4584620440198053888
0.0311127 4584624838244564992
0.0311279 4584629236291076096
0.0311432 4584633634337587200
0.0311584 4584638032384098304
0.0311737 4584642430430609408
0.031189 4584646828477120512
0.0312042 4584651226523631616
0.0312195 4584655624570142720
0.0312347 4584660022616653824
0.03125 4584664420663164928
0.0312805 4584668818709676032
0.031311 4584673216756187136
0.0313416 4584677614802698240
0.0313721 4584682012849209344
0.0314026 4584686410895720448
0.0314331 4584690808942231552
0.0314636 4584695206988742656
0.0314941 4584699605035253760
0.0315247 4584704003081764864
0.0315552 4584708401128275968
0.0315857 4584712799174787072
0.0316162 4584717197221298176
0.0316467 4584721595267809280
0.0316772 4584725993314320384
0.0317078 4584730391360831488
0.0317383 4584734789407342592
0.0317688 4584739187453853696
0.0317993 4584743585500364800
0.0318298 4584747983546875904
0.0318604 4584752381593387008
0.0318909 4584756779639898112
0.0319214 4584761177686409216
0.0319519 4584765575732920320
0.0319824 4584769973779431424
0.0320129 4584774371825942528
0.0320435 4584778769872453632
0.032074 4584783167918964736
0.0321045 4584787565965475840
0.032135 4584791964011986944
0.0321655 4584796362058498048
0.032196 4584800760105009152
0.0322266 4584805158151520256
0.0322571 4584809556198031360
0.0322876 4584813954244542464
0.0323181 4584818352291053568
0.0323486 4584822750337564672
0.0323792 4584827148384075776
0.0324097 4584831546430586880
0.0324402 4584835944477097984
0.0324707 4584840342523609088
0.0325012 4584844740570120192
0.0325317 4584849138616631296
0.0325623 4584853536663142400
0.0325928 4584857934709653504
0.0326233 4584862332756164608
0.0326538 4584866730802675712
0.0326843 4584871128849186816
0.0327148 4584875526895697920
0.0327454 4584879924942209024
0.0327759 4584884322988720128
0.0328064 4584888721035231232
0.0328369 4584893119081742336
0.0328674 4584897517128253440
0.0328979 4584901915174764544
0.0329285 4584906313221275648
0.032959 4584910711267786752
0.0329895 4584915109314297856
0.03302 4584919507360808960
0.0330505 4584923905407320064
0.0330811 4584928303453831168
0.0331116 4584932701500342272
0.0331421 4584937099546853376
0.0331726 4584941497593364480
0.0332031 4584945895639875584
0.0332336 4584950293686386688
0.0332642 4584954691732897792
0.0332947 4584959089779408896
0.0333252 4584963487825920000
0.0333557 4584967885872431104
0.0333862 4584972283918942208
0.0334167 4584976681965453312
0.0334473 4584981080011964416
0.0334778 4584985478058475520
0.0335083 4584989876104986624
0.0335388 4584994274151497728
0.0335693 4584998672198008832
0.0335999 4585003070244519936
0.0336304 4585007468291031040
0.0336609 4585011866337542144
0.0336914 4585016264384053248
0.0337219 4585020662430564352
0.0337524 4585025060477075456
0.033783 4585029458523586560
0.0338135 4585033856570097664
0.033844 4585038254616608768
0.0338745 4585042652663119872
0.033905 4585047050709630976
0.0339355 4585051448756142080
0.0339661 4585055846802653184
0.0339966 4585060244849164288
0.0340271 4585064642895675392
0.0340576 4585069040942186496
0.0340881 4585073438988697600
0.0341187 4585077837035208704
0.0341492 4585082235081719808
0.0341797 4585086633128230912
0.0342102 4585091031174742016
0.0342407 4585095429221253120
0.0342712 4585099827267764224
0.0343018 4585104225314275328
0.0343323 4585108623360786432
0.0343628 4585113021407297536
0.0343933 4585117419453808640
0.0344238 4585121817500319744
0.0344543 4585126215546830848
0.0344849 4585130613593341952
0.0345154 4585135011639853056
0.0345459 4585139409686364160
0.0345764 4585143807732875264
0.0346069 4585148205779386368
0.0346375 4585152603825897472
0.034668 4585157001872408576
0.0346985 4585161399918919680
0.034729 4585165797965430784
0.0347595 4585170196011941888
0.03479 4585174594058452992
0.0348206 4585178992104964096
0.0348511 4585183390151475200
0.0348816 4585187788197986304
0.0349121 4585192186244497408
0.0349426 4585196584291008512
0.0349731 4585200982337519616
0.0350037 4585205380384030720
0.0350342 4585209778430541824
0.0350647 4585214176477052928
0.0350952 4585218574523564032
0.0351257 4585222972570075136
0.0351562 4585227370616586240
0.0351868 4585231768663097344
0.0352173 4585236166709608448
0.0352478 4585240564756119552
0.0352783 4585244962802630656
0.0353088 4585249360849141760
0.0353394 4585253758895652864
0.0353699 4585258156942163968
0.0354004 4585262554988675072
0.0354309 4585266953035186176
0.0354614 4585271351081697280
0.0354919 4585275749128208384
0.0355225 4585280147174719488
0.035553 4585284545221230592
0.0355835 4585288943267741696
0.035614 4585293341314252800
0.0356445 4585297739360763904
0.035675 4585302137407275008
0.0357056 4585306535453786112
0.0357361 4585310933500297216
0.0357666 4585315331546808320
0.0357971 4585319729593319424
0.0358276 4585324127639830528
0.0358582 4585328525686341632
0.0358887 4585332923732852736
0.0359192 4585337321779363840
0.0359497 4585341719825874944
0.0359802 4585346117872386048
0.0360107 4585350515918897152
0.0360413 4585354913965408256
0.0360718 4585359312011919360
0.0361023 4585363710058430464
0.0361328 4585368108104941568
0.0361633 4585372506151452672
0.0361938 4585376904197963776
0.0362244 4585381302244474880
0.0362549 4585385700290985984
0.0362854 4585390098337497088
0.0363159 4585394496384008192
0.0363464 4585398894430519296
0.036377 4585403292477030400
0.0364075 4585407690523541504
0.036438 4585412088570052608
0.0364685 4585416486616563712
0.036499 4585420884663074816
0.0365295 4585425282709585920
0.0365601 4585429680756097024
0.0365906 4585434078802608128
0.0366211 4585438476849119232
0.0366516 4585442874895630336
0.0366821 4585447272942141440
0.0367126 4585451670988652544
0.0367432 4585456069035163648
0.0367737 4585460467081674752
0.0368042 4585464865128185856
0.0368347 4585469263174696960
0.0368652 4585473661221208064
0.0368958 4585478059267719168
0.0369263 4585482457314230272
0.0369568 4585486855360741376
0.0369873 4585491253407252480
0.0370178 4585495651453763584
0.0370483 4585500049500274688
0.0370789 4585504447546785792
0.0371094 4585508845593296896
0.0371399 4585513243639808000
0.0371704 4585517641686319104
0.0372009 4585522039732830208
0.0372314 4585526437779341312
0.037262 4585530835825852416
0.0372925 4585535233872363520
0.037323 4585539631918874624
0.0373535 4585544029965385728
0.037384 4585548428011896832
0.0374146 4585552826058407936
0.0374451 4585557224104919040
0.0374756 4585561622151430144
0.0375061 4585566020197941248
0.0375366 4585570418244452352
0.0375671 4585574816290963456
0.0375977 4585579214337474560
0.0376282 4585583612383985664
0.0376587 4585588010430496768
0.0376892 4585592408477007872
0.0377197 4585596806523518976
0.0377502 4585601204570030080
0.0377808 4585605602616541184
0.0378113 4585610000663052288
0.0378418 4585614398709563392
0.0378723 4585618796756074496
0.0379028 4585623194802585600
0.0379333 4585627592849096704
0.0379639 4585631990895607808
0.0379944 4585636388942118912
0.0380249 4585640786988630016
0.0380554 4585645185035141120
0.0380859 4585649583081652224
0.0381165 4585653981128163328
0.038147 4585658379174674432
0.0381775 4585662777221185536
0.038208 4585667175267696640
0.0382385 4585671573314207744
0.038269 4585675971360718848
0.0382996 4585680369407229952
0.0383301 4585684767453741056
0.0383606 4585689165500252160
0.0383911 4585693563546763264
0.0384216 4585697961593274368
0.0384521 4585702359639785472
0.0384827 4585706757686296576
0.0385132 4585711155732807680
0.0385437 4585715553779318784
0.0385742 4585719951825829888
0.0386047 4585724349872340992
0.0386353 4585728747918852096
0.0386658 4585733145965363200
0.0386963 4585737544011874304
0.0387268 4585741942058385408
0.0387573 4585746340104896512
0.0387878 4585750738151407616
0.0388184 4585755136197918720
0.0388489 4585759534244429824
0.0388794 4585763932290940928
0.0389099 4585768330337452032
0.0389404 4585772728383963136
0.0389709 4585777126430474240
0.0390015 4585781524476985344
0.039032 4585785922523496448
0.0390625 4585790320570007552
0.039093 4585794718616518656
0.0391235 4585799116663029760
0.0391541 4585803514709540864
0.0391846 4585807912756051968
0.0392151 4585812310802563072
0.0392456 4585816708849074176
0.0392761 4585821106895585280
0.0393066 4585825504942096384
0.0393372 4585829902988607488
0.0393677 4585834301035118592
0.0393982 4585838699081629696
0.0394287 4585843097128140800
0.0394592 4585847495174651904
0.0394897 4585851893221163008
0.0395203 4585856291267674112
0.0395508 4585860689314185216
0.0395813 4585865087360696320
0.0396118 4585869485407207424
0.0396423 4585873883453718528
0.0396729 4585878281500229632
0.0397034 4585882679546740736
0.0397339 4585887077593251840
0.0397644 4585891475639762944
0.0397949 4585895873686274048
0.0398254 4585900271732785152
0.039856 4585904669779296256
0.0398865 4585909067825807360
0.039917 4585913465872318464
0.0399475 4585917863918829568
0.039978 4585922261965340672
0.0400085 4585926660011851776
0.0400391 4585931058058362880
0.0400696 4585935456104873984
0.0401001 4585939854151385088
0.0401306 4585944252197896192
0.0401611 4585948650244407296
0.0401917 4585953048290918400
0.0402222 4585957446337429504
0.0402527 4585961844383940608
0.0402832 4585966242430451712
0.0403137 4585970640476962816
0.0403442 4585975038523473920
0.0403748 4585979436569985024
0.0404053 4585983834616496128
0.0404358 4585988232663007232
0.0404663 4585992630709518336
0.0404968 4585997028756029440
0.0405273 4586001426802540544
0.0405579 4586005824849051648
0.0405884 4586010222895562752
0.0406189 4586014620942073856
0.0406494 4586019018988584960
0.0406799 4586023417035096064
0.0407104 4586027815081607168
0.040741 4586032213128118272
0.0407715 4586036611174629376
0.040802 4586041009221140480
0.0408325 4586045407267651584
0.040863 4586049805314162688
0.0408936 4586054203360673792
0.0409241 4586058601407184896
0.0409546 4586062999453696000
0.0409851 4586067397500207104
0.0410156 4586071795546718208
0.0410461 4586076193593229312
0.0410767 4586080591639740416
0.0411072 4586084989686251520
0.0411377 4586089387732762624
0.0411682 4586093785779273728
0.0411987 4586098183825784832
0.0412292 4586102581872295936
0.0412598 4586106979918807040
0.0412903 4586111377965318144
0.0413208 4586115776011829248
0.0413513 4586120174058340352
0.0413818 4586124572104851456
0.0414124 4586128970151362560
0.0414429 4586133368197873664
0.0414734 4586137766244384768
0.0415039 4586142164290895872
0.0415344 4586146562337406976
0.0415649 4586150960383918080
0.0415955 4586155358430429184
0.041626 4586159756476940288
0.0416565 4586164154523451392
0.041687 4586168552569962496
0.0417175 4586172950616473600
0.041748 4586177348662984704
0.0417786 4586181746709495808
0.0418091 4586186144756006912
0.0418396 4586190542802518016
0.0418701 4586194940849029120
0.0419006 4586199338895540224
0.0419312 4586203736942051328
0.0419617 4586208134988562432
0.0419922 4586212533035073536
0.0420227 4586216931081584640
0.0420532 4586221329128095744
0.0420837 4586225727174606848
0.0421143 4586230125221117952
0.0421448 4586234523267629056
0.0421753 4586238921314140160
0.0422058 4586243319360651264
0.0422363 4586247717407162368
0.0422668 4586252115453673472
0.0422974 4586256513500184576
0.0423279 4586260911546695680
0.0423584 4586265309593206784
0.0423889 4586269707639717888
0.0424194 4586274105686228992
0.04245 4586278503732740096
0.0424805 4586282901779251200
0.042511 4586287299825762304
0.0425415 4586291697872273408
0.042572 4586296095918784512
0.0426025 4586300493965295616
0.0426331 4586304892011806720
0.0426636 4586309290058317824
0.0426941 4586313688104828928
0.0427246 4586318086151340032
0.0427551 4586322484197851136
0.0427856 4586326882244362240
0.0428162 4586331280290873344
0.0428467 4586335678337384448
0.0428772 4586340076383895552
0.0429077 4586344474430406656
0.0429382 4586348872476917760
0.0429688 4586353270523428864
0.0429993 4586357668569939968
0.0430298 4586362066616451072
0.0430603 4586366464662962176
0.0430908 4586370862709473280
0.0431213 4586375260755984384
0.0431519 4586379658802495488
0.0431824 4586384056849006592
0.0432129 4586388454895517696
0.0432434 4586392852942028800
0.0432739 4586397250988539904
0.0433044 4586401649035051008
0.043335 4586406047081562112
0.0433655 4586410445128073216
0.043396 4586414843174584320
0.0434265 4586419241221095424
0.043457 4586423639267606528
0.0434875 4586428037314117632
0.0435181 4586432435360628736
0.0435486 4586436833407139840
0.0435791 4586441231453650944
0.0436096 4586445629500162048
0.0436401 4586450027546673152
0.0436707 4586454425593184256
0.0437012 4586458823639695360
0.0437317 4586463221686206464
0.0437622 4586467619732717568
0.0437927 4586472017779228672
0.0438232 4586476415825739776
0.0438538 4586480813872250880
0.0438843 4586485211918761984
0.0439148 4586489609965273088
0.0439453 4586494008011784192
0.0439758 4586498406058295296
0.0440063 4586502804104806400
0.0440369 4586507202151317504
0.0440674 4586511600197828608
0.0440979 4586515998244339712
0.0441284 4586520396290850816
0.0441589 4586524794337361920
0.0441895 4586529192383873024
0.04422 4586533590430384128
0.0442505 4586537988476895232
0.044281 4586542386523406336
0.0443115 4586546784569917440
0.044342 4586551182616428544
0.0443726 4586555580662939648
0.0444031 4586559978709450752
0.0444336 4586564376755961856
0.0444641 4586568774802472960
0.0444946 4586573172848984064
0.0445251 4586577570895495168
0.0445557 4586581968942006272
0.0445862 4586586366988517376
0.0446167 4586590765035028480
0.0446472 4586595163081539584
0.0446777 4586599561128050688
0.0447083 4586603959174561792
0.0447388 4586608357221072896
0.0447693 4586612755267584000
0.0447998 4586617153314095104
0.0448303 4586621551360606208
0.0448608 4586625949407117312
0.0448914 4586630347453628416
0.0449219 4586634745500139520
0.0449524 4586639143546650624
0.0449829 4586643541593161728
0.0450134 4586647939639672832
0.0450439 4586652337686183936
0.0450745 4586656735732695040
0.045105 4586661133779206144
0.0451355 4586665531825717248
0.045166 4586669929872228352
0.0451965 4586674327918739456
0.0452271 4586678725965250560
0.0452576 4586683124011761664
0.0452881 4586687522058272768
0.0453186 4586691920104783872
0.0453491 4586696318151294976
0.0453796 4586700716197806080
0.0454102 4586705114244317184
0.0454407 4586709512290828288
0.0454712 4586713910337339392
0.0455017 4586718308383850496
0.0455322 4586722706430361600
0.0455627 4586727104476872704
0.0455933 4586731502523383808
0.0456238 4586735900569894912
0.0456543 4586740298616406016
0.0456848 4586744696662917120
0.0457153 4586749094709428224
0.0457458 4586753492755939328
0.0457764 4586757890802450432
0.0458069 4586762288848961536
0.0458374 4586766686895472640
0.0458679 4586771084941983744
0.0458984 4586775482988494848
0.045929 4586779881035005952
0.0459595 4586784279081517056
0.04599 4586788677128028160
0.0460205 4586793075174539264
0.046051 4586797473221050368
0.0460815 4586801871267561472
0.0461121 4586806269314072576
0.0461426 4586810667360583680
0.0461731 4586815065407094784
0.0462036 4586819463453605888
0.0462341 4586823861500116992
0.0462646 4586828259546628096
0.0462952 4586832657593139200
0.0463257 4586837055639650304
0.0463562 4586841453686161408
0.0463867 4586845851732672512
0.0464172 4586850249779183616
0.0464478 4586854647825694720
0.0464783 4586859045872205824
0.0465088 4586863443918716928
0.0465393 4586867841965228032
0.0465698 4586872240011739136
0.0466003 4586876638058250240
0.0466309 4586881036104761344
0.0466614 4586885434151272448
0.0466919 4586889832197783552
0.0467224 4586894230244294656
0.0467529 4586898628290805760
0.0467834 4586903026337316864
0.046814 4586907424383827968
0.0468445 4586911822430339072
0.046875 4586916220476850176
0.0469055 4586920618523361280
0.046936 4586925016569872384
0.0469666 4586929414616383488
0.0469971 4586933812662894592
0.0470276 4586938210709405696
0.0470581 4586942608755916800
0.0470886 4586947006802427904
0.0471191 4586951404848939008
0.0471497 4586955802895450112
0.0471802 4586960200941961216
0.0472107 4586964598988472320
0.0472412 4586968997034983424
0.0472717 4586973395081494528
0.0473022 4586977793128005632
0.0473328 4586982191174516736
0.0473633 4586986589221027840
0.0473938 4586990987267538944
0.0474243 4586995385314050048
0.0474548 4586999783360561152
0.0474854 4587004181407072256
0.0475159 4587008579453583360
0.0475464 4587012977500094464
0.0475769 4587017375546605568
0.0476074 4587021773593116672
0.0476379 4587026171639627776
0.0476685 4587030569686138880
0.047699 4587034967732649984
0.0477295 4587039365779161088
0.04776 4587043763825672192
0.0477905 4587048161872183296
0.047821 4587052559918694400
0.0478516 4587056957965205504
0.0478821 4587061356011716608
0.0479126 4587065754058227712
0.0479431 4587070152104738816
0.0479736 4587074550151249920
0.0480042 4587078948197761024
0.0480347 4587083346244272128
0.0480652 4587087744290783232
0.0480957 4587092142337294336
0.0481262 4587096540383805440
0.0481567 4587100938430316544
0.0481873 4587105336476827648
0.0482178 4587109734523338752
0.0482483 4587114132569849856
0.0482788 4587118530616360960
0.0483093 4587122928662872064
0.0483398 4587127326709383168
0.0483704 4587131724755894272
0.0484009 4587136122802405376
0.0484314 4587140520848916480
0.0484619 4587144918895427584
0.0484924 4587149316941938688
0.0485229 4587153714988449792
0.0485535 4587158113034960896
0.048584 4587162511081472000
0.0486145 4587166909127983104
0.048645 4587171307174494208
0.0486755 4587175705221005312
0.0487061 4587180103267516416
0.0487366 4587184501314027520
0.0487671 4587188899360538624
0.0487976 4587193297407049728
0.0488281 4587197695453560832
0.0488586 4587202093500071936
0.0488892 4587206491546583040
0.0489197 4587210889593094144
0.0489502 4587215287639605248
0.0489807 4587219685686116352
0.0490112 4587224083732627456
0.0490417 4587228481779138560
0.0490723 4587232879825649664
0.0491028 4587237277872160768
0.0491333 4587241675918671872
0.0491638 4587246073965182976
0.0491943 4587250472011694080
0.0492249 4587254870058205184
0.0492554 4587259268104716288
0.0492859 4587263666151227392
0.0493164 4587268064197738496
0.0493469 4587272462244249600
0.0493774 4587276860290760704
0.049408 4587281258337271808
0.0494385 4587285656383782912
0.049469 4587290054430294016
0.0494995 4587294452476805120
0.04953 4587298850523316224
0.0495605 4587303248569827328
0.0495911 4587307646616338432
0.0496216 4587312044662849536
0.0496521 4587316442709360640
0.0496826 4587320840755871744
0.0497131 4587325238802382848
0.0497437 4587329636848893952
0.0497742 4587334034895405056
0.0498047 4587338432941916160
0.0498352 4587342830988427264
0.0498657 4587347229034938368
0.0498962 4587351627081449472
0.0499268 4587356025127960576
0.0499573 4587360423174471680
0.0499878 4587364821220982784
0.0500183 4587369219267493888
0.0500488 4587373617314004992
0.0500793 4587378015360516096
0.0501099 4587382413407027200
0.0501404 4587386811453538304
0.0501709 4587391209500049408
0.0502014 4587395607546560512
0.0502319 4587400005593071616
0.0502625 4587404403639582720
0.050293 4587408801686093824
0.0503235 4587413199732604928
0.050354 4587417597779116032
0.0503845 4587421995825627136
0.050415 4587426393872138240
0.0504456 4587430791918649344
0.0504761 4587435189965160448
0.0505066 4587439588011671552
0.0505371 4587443986058182656
0.0505676 4587448384104693760
0.0505981 4587452782151204864
0.0506287 4587457180197715968
0.0506592 4587461578244227072
0.0506897 4587465976290738176
0.0507202 4587470374337249280
0.0507507 4587474772383760384
0.0507812 4587479170430271488
0.0508118 4587483568476782592
0.0508423 4587487966523293696
0.0508728 4587492364569804800
0.0509033 4587496762616315904
0.0509338 4587501160662827008
0.0509644 4587505558709338112
0.0509949 4587509956755849216
0.0510254 4587514354802360320
0.0510559 4587518752848871424
0.0510864 4587523150895382528
0.0511169 4587527548941893632
0.0511475 4587531946988404736
0.051178 4587536345034915840
0.0512085 4587540743081426944
0.051239 4587545141127938048
0.0512695 4587549539174449152
0.0513 4587553937220960256
0.0513306 4587558335267471360
0.0513611 4587562733313982464
0.0513916 4587567131360493568
0.0514221 4587571529407004672
0.0514526 4587575927453515776
0.0514832 4587580325500026880
0.0515137 4587584723546537984
0.0515442 4587589121593049088
0.0515747 4587593519639560192
0.0516052 4587597917686071296
0.0516357 4587602315732582400
0.0516663 4587606713779093504
0.0516968 4587611111825604608
0.0517273 4587615509872115712
0.0517578 4587619907918626816
0.0517883 4587624305965137920
0.0518188 4587628704011649024
0.0518494 4587633102058160128
0.0518799 4587637500104671232
0.0519104 4587641898151182336
0.0519409 4587646296197693440
0.0519714 4587650694244204544
0.052002 4587655092290715648
0.0520325 4587659490337226752
0.052063 4587663888383737856
0.0520935 4587668286430248960
0.052124 4587672684476760064
0.0521545 4587677082523271168
0.0521851 4587681480569782272
0.0522156 4587685878616293376
0.0522461 4587690276662804480
0.0522766 4587694674709315584
0.0523071 4587699072755826688
0.0523376 4587703470802337792
0.0523682 4587707868848848896
0.0523987 4587712266895360000
0.0524292 4587716664941871104
0.0524597 4587721062988382208
0.0524902 4587725461034893312
0.0525208 4587729859081404416
0.0525513 4587734257127915520
0.0525818 4587738655174426624
0.0526123 4587743053220937728
0.0526428 4587747451267448832
0.0526733 4587751849313959936
0.0527039 4587756247360471040
0.0527344 4587760645406982144
0.0527649 4587765043453493248
0.0527954 4587769441500004352
0.0528259 4587773839546515456
0.0528564 4587778237593026560
0.052887 4587782635639537664
0.0529175 4587787033686048768
0.052948 4587791431732559872
0.0529785 4587795829779070976
0.053009 4587800227825582080
0.0530396 4587804625872093184
0.0530701 4587809023918604288
0.0531006 4587813421965115392
0.0531311 4587817820011626496
0.0531616 4587822218058137600
0.0531921 4587826616104648704
0.0532227 4587831014151159808
0.0532532 4587835412197670912
0.0532837 4587839810244182016
0.0533142 4587844208290693120
0.0533447 4587848606337204224
0.0533752 4587853004383715328
0.0534058 4587857402430226432
0.0534363 4587861800476737536
0.0534668 4587866198523248640
0.0534973 4587870596569759744
0.0535278 4587874994616270848
0.0535583 4587879392662781952
0.0535889 4587883790709293056
0.0536194 4587888188755804160
0.0536499 4587892586802315264
0.0536804 4587896984848826368
0.0537109 4587901382895337472
0.0537415 4587905780941848576
0.053772 4587910178988359680
0.0538025 4587914577034870784
0.053833 4587918975081381888
0.0538635 4587923373127892992
0.053894 4587927771174404096
0.0539246 4587932169220915200
0.0539551 4587936567267426304
0.0539856 4587940965313937408
0.0540161 4587945363360448512
0.0540466 4587949761406959616
0.0540771 4587954159453470720
0.0541077 4587958557499981824
0.0541382 4587962955546492928
0.0541687 4587967353593004032
0.0541992 4587971751639515136
0.0542297 4587976149686026240
0.0542603 4587980547732537344
0.0542908 4587984945779048448
0.0543213 4587989343825559552
0.0543518 4587993741872070656
0.0543823 4587998139918581760
0.0544128 4588002537965092864
0.0544434 4588006936011603968
0.0544739 4588011334058115072
0.0545044 4588015732104626176
0.0545349 4588020130151137280
0.0545654 4588024528197648384
0.0545959 4588028926244159488
0.0546265 4588033324290670592
0.054657 4588037722337181696
0.0546875 4588042120383692800
0.054718 4588046518430203904
0.0547485 4588050916476715008
0.0547791 4588055314523226112
0.0548096 4588059712569737216
0.0548401 4588064110616248320
0.0548706 4588068508662759424
0.0549011 4588072906709270528
0.0549316 4588077304755781632
0.0549622 4588081702802292736
0.0549927 4588086100848803840
0.0550232 4588090498895314944
0.0550537 4588094896941826048
0.0550842 4588099294988337152
0.0551147 4588103693034848256
0.0551453 4588108091081359360
0.0551758 4588112489127870464
0.0552063 4588116887174381568
0.0552368 4588121285220892672
0.0552673 4588125683267403776
0.0552979 4588130081313914880
0.0553284 4588134479360425984
0.0553589 4588138877406937088
0.0553894 4588143275453448192
0.0554199 4588147673499959296
0.0554504 4588152071546470400
0.055481 4588156469592981504
0.0555115 4588160867639492608
0.055542 4588165265686003712
0.0555725 4588169663732514816
0.055603 4588174061779025920
0.0556335 4588178459825537024
0.0556641 4588182857872048128
0.0556946 4588187255918559232
0.0557251 4588191653965070336
0.0557556 4588196052011581440
0.0557861 4588200450058092544
0.0558167 4588204848104603648
0.0558472 4588209246151114752
0.0558777 4588213644197625856
0.0559082 4588218042244136960
0.0559387 4588222440290648064
0.0559692 4588226838337159168
0.0559998 4588231236383670272
0.0560303 4588235634430181376
0.0560608 4588240032476692480
0.0560913 4588244430523203584
0.0561218 4588248828569714688
0.0561523 4588253226616225792
0.0561829 4588257624662736896
0.0562134 4588262022709248000
0.0562439 4588266420755759104
0.0562744 4588270818802270208
0.0563049 4588275216848781312
0.0563354 4588279614895292416
0.056366 4588284012941803520
0.0563965 4588288410988314624
0.056427 4588292809034825728
0.0564575 4588297207081336832
0.056488 4588301605127847936
0.0565186 4588306003174359040
0.0565491 4588310401220870144
0.0565796 4588314799267381248
0.0566101 4588319197313892352
0.0566406 4588323595360403456
0.0566711 4588327993406914560
0.0567017 4588332391453425664
0.0567322 4588336789499936768
0.0567627 4588341187546447872
0.0567932 4588345585592958976
0.0568237 4588349983639470080
0.0568542 4588354381685981184
0.0568848 4588358779732492288
0.0569153 4588363177779003392
0.0569458 4588367575825514496
0.0569763 4588371973872025600
0.0570068 4588376371918536704
0.0570374 4588380769965047808
0.0570679 4588385168011558912
0.0570984 4588389566058070016
0.0571289 4588393964104581120
0.0571594 4588398362151092224
0.0571899 4588402760197603328
0.0572205 4588407158244114432
0.057251 4588411556290625536
0.0572815 4588415954337136640
0.057312 4588420352383647744
0.0573425 4588424750430158848
0.057373 4588429148476669952
0.0574036 4588433546523181056
0.0574341 4588437944569692160
0.0574646 4588442342616203264
0.0574951 4588446740662714368
0.0575256 4588451138709225472
0.0575562 4588455536755736576
0.0575867 4588459934802247680
0.0576172 4588464332848758784
0.0576477 4588468730895269888
0.0576782 4588473128941780992
0.0577087 4588477526988292096
0.0577393 4588481925034803200
0.0577698 4588486323081314304
0.0578003 4588490721127825408
0.0578308 4588495119174336512
0.0578613 4588499517220847616
0.0578918 4588503915267358720
0.0579224 4588508313313869824
0.0579529 4588512711360380928
0.0579834 4588517109406892032
0.0580139 4588521507453403136
0.0580444 4588525905499914240
0.058075 4588530303546425344
0.0581055 4588534701592936448
0.058136 4588539099639447552
0.0581665 4588543497685958656
0.058197 4588547895732469760
0.0582275 4588552293778980864
0.0582581 4588556691825491968
0.0582886 4588561089872003072
0.0583191 4588565487918514176
0.0583496 4588569885965025280
0.0583801 4588574284011536384
0.0584106 4588578682058047488
0.0584412 4588583080104558592
0.0584717 4588587478151069696
0.0585022 4588591876197580800
0.0585327 4588596274244091904
0.0585632 4588600672290603008
0.0585938 4588605070337114112
0.0586243 4588609468383625216
0.0586548 4588613866430136320
0.0586853 4588618264476647424
0.0587158 4588622662523158528
0.0587463 4588627060569669632
0.0587769 4588631458616180736
0.0588074 4588635856662691840
0.0588379 4588640254709202944
0.0588684 4588644652755714048
0.0588989 4588649050802225152
0.0589294 4588653448848736256
0.05896 4588657846895247360
0.0589905 4588662244941758464
0.059021 4588666642988269568
0.0590515 4588671041034780672
0.059082 4588675439081291776
0.0591125 4588679837127802880
0.0591431 4588684235174313984
0.0591736 4588688633220825088
0.0592041 4588693031267336192
0.0592346 4588697429313847296
0.0592651 4588701827360358400
0.0592957 4588706225406869504
0.0593262 4588710623453380608
0.0593567 4588715021499891712
0.0593872 4588719419546402816
0.0594177 4588723817592913920
0.0594482 4588728215639425024
0.0594788 4588732613685936128
0.0595093 4588737011732447232
0.0595398 4588741409778958336
0.0595703 4588745807825469440
0.0596008 4588750205871980544
0.0596313 4588754603918491648
0.0596619 4588759001965002752
0.0596924 4588763400011513856
0.0597229 4588767798058024960
0.0597534 4588772196104536064
0.0597839 4588776594151047168
0.0598145 4588780992197558272
0.059845 4588785390244069376
0.0598755 4588789788290580480
0.059906 4588794186337091584
0.0599365 4588798584383602688
0.059967 4588802982430113792
0.0599976 4588807380476624896
0.0600281 4588811778523136000
0.0600586 4588816176569647104
0.0600891 4588820574616158208
0.0601196 4588824972662669312
0.0601501 4588829370709180416
0.0601807 4588833768755691520
0.0602112 4588838166802202624
0.0602417 4588842564848713728
0.0602722 4588846962895224832
0.0603027 4588851360941735936
0.0603333 4588855758988247040
0.0603638 4588860157034758144
0.0603943 4588864555081269248
0.0604248 4588868953127780352
0.0604553 4588873351174291456
0.0604858 4588877749220802560
0.0605164 4588882147267313664
0.0605469 4588886545313824768
0.0605774 4588890943360335872
0.0606079 4588895341406846976
0.0606384 4588899739453358080
0.0606689 4588904137499869184
0.0606995 4588908535546380288
0.06073 4588912933592891392
0.0607605 4588917331639402496
0.060791 4588921729685913600
0.0608215 4588926127732424704
0.0608521 4588930525778935808
0.0608826 4588934923825446912
0.0609131 4588939321871958016
0.0609436 4588943719918469120
0.0609741 4588948117964980224
0.0610046 4588952516011491328
0.0610352 4588956914058002432
0.0610657 4588961312104513536
0.0610962 4588965710151024640
0.0611267 4588970108197535744
0.0611572 4588974506244046848
0.0611877 4588978904290557952
0.0612183 4588983302337069056
0.0612488 4588987700383580160
0.0612793 4588992098430091264
0.0613098 4588996496476602368
0.0613403 4589000894523113472
0.0613708 4589005292569624576
0.0614014 4589009690616135680
0.0614319 4589014088662646784
0.0614624 4589018486709157888
0.0614929 4589022884755668992
0.0615234 4589027282802180096
0.061554 4589031680848691200
0.0615845 4589036078895202304
0.061615 4589040476941713408
0.0616455 4589044874988224512
0.061676 4589049273034735616
0.0617065 4589053671081246720
0.0617371 4589058069127757824
0.0617676 4589062467174268928
0.0617981 4589066865220780032
0.0618286 4589071263267291136
0.0618591 4589075661313802240
0.0618896 4589080059360313344
0.0619202 4589084457406824448
0.0619507 4589088855453335552
0.0619812 4589093253499846656
0.0620117 4589097651546357760
0.0620422 4589102049592868864
0.0620728 4589106447639379968
0.0621033 4589110845685891072
0.0621338 4589115243732402176
0.0621643 4589119641778913280
0.0621948 4589124039825424384
0.0622253 4589128437871935488
0.0622559 4589132835918446592
0.0622864 4589137233964957696
0.0623169 4589141632011468800
0.0623474 4589146030057979904
0.0623779 4589150428104491008
0.0624084 4589154826151002112
0.062439 4589159224197513216
0.0624695 4589163622244024320
0.0625 4589168020290535424
0.062561 4589172418337046528
0.0626221 4589176816383557632
0.0626831 4589181214430068736
0.0627441 4589185612476579840
0.0628052 4589190010523090944
0.0628662 4589194408569602048
0.0629272 4589198806616113152
0.0629883 4589203204662624256
0.0630493 4589207602709135360
0.0631104 4589212000755646464
0.0631714 4589216398802157568
0.0632324 4589220796848668672
0.0632935 4589225194895179776
0.0633545 4589229592941690880
0.0634155 4589233990988201984
0.0634766 4589238389034713088
0.0635376 4589242787081224192
0.0635986 4589247185127735296
0.0636597 4589251583174246400
0.0637207 4589255981220757504
0.0637817 4589260379267268608
0.0638428 4589264777313779712
0.0639038 4589269175360290816
0.0639648 4589273573406801920
0.0640259 4589277971453313024
0.0640869 4589282369499824128
0.0641479 4589286767546335232
0.064209 4589291165592846336
0.06427 4589295563639357440
0.0643311 4589299961685868544
0.0643921 4589304359732379648
0.0644531 4589308757778890752
0.0645142 4589313155825401856
0.0645752 4589317553871912960
0.0646362 4589321951918424064
0.0646973 4589326349964935168
0.0647583 4589330748011446272
0.0648193 4589335146057957376
0.0648804 4589339544104468480
0.0649414 4589343942150979584
0.0650024 4589348340197490688
0.0650635 4589352738244001792
0.0651245 4589357136290512896
0.0651855 4589361534337024000
0.0652466 4589365932383535104
0.0653076 4589370330430046208
0.0653687 4589374728476557312
0.0654297 4589379126523068416
0.0654907 4589383524569579520
0.0655518 4589387922616090624
0.0656128 4589392320662601728
0.0656738 4589396718709112832
0.0657349 4589401116755623936
0.0657959 4589405514802135040
0.0658569 4589409912848646144
0.065918 4589414310895157248
0.065979 4589418708941668352
0.06604 4589423106988179456
0.0661011 4589427505034690560
0.0661621 4589431903081201664
0.0662231 4589436301127712768
0.0662842 4589440699174223872
0.0663452 4589445097220734976
0.0664062 4589449495267246080
0.0664673 4589453893313757184
0.0665283 4589458291360268288
0.0665894 4589462689406779392
0.0666504 4589467087453290496
0.0667114 4589471485499801600
0.0667725 4589475883546312704
0.0668335 4589480281592823808
0.0668945 4589484679639334912
0.0669556 4589489077685846016
0.0670166 4589493475732357120
0.0670776 4589497873778868224
0.0671387 4589502271825379328
0.0671997 4589506669871890432
0.0672607 4589511067918401536
0.0673218 4589515465964912640
0.0673828 4589519864011423744
0.0674438 4589524262057934848
0.0675049 4589528660104445952
0.0675659 4589533058150957056
0.067627 4589537456197468160
0.067688 4589541854243979264
0.067749 4589546252290490368
0.0678101 4589550650337001472
0.0678711 4589555048383512576
0.0679321 4589559446430023680
0.0679932 4589563844476534784
0.0680542 4589568242523045888
0.0681152 4589572640569556992
0.0681763 4589577038616068096
0.0682373 4589581436662579200
0.0682983 4589585834709090304
0.0683594 4589590232755601408
0.0684204 4589594630802112512
0.0684814 4589599028848623616
0.0685425 4589603426895134720
0.0686035 4589607824941645824
0.0686646 4589612222988156928
0.0687256 4589616621034668032
0.0687866 4589621019081179136
0.0688477 4589625417127690240
0.0689087 4589629815174201344
0.0689697 4589634213220712448
0.0690308 4589638611267223552
0.0690918 4589643009313734656
0.0691528 4589647407360245760
0.0692139 4589651805406756864
0.0692749 4589656203453267968
0.0693359 4589660601499779072
0.069397 4589664999546290176
0.069458 4589669397592801280
0.069519 4589673795639312384
0.0695801 4589678193685823488
0.0696411 4589682591732334592
0.0697021 4589686989778845696
0.0697632 4589691387825356800
0.0698242 4589695785871867904
0.0698853 4589700183918379008
0.0699463 4589704581964890112
0.0700073 4589708980011401216
0.0700684 4589713378057912320
0.0701294 4589717776104423424
0.0701904 4589722174150934528
0.0702515 4589726572197445632
0.0703125 4589730970243956736
0.0703735 4589735368290467840
0.0704346 4589739766336978944
0.0704956 4589744164383490048
0.0705566 4589748562430001152
0.0706177 4589752960476512256
0.0706787 4589757358523023360
0.0707397 4589761756569534464
0.0708008 4589766154616045568
0.0708618 4589770552662556672
0.0709229 4589774950709067776
0.0709839 4589779348755578880
0.0710449 4589783746802089984
0.071106 4589788144848601088
0.071167 4589792542895112192
0.071228 4589796940941623296
0.0712891 4589801338988134400
0.0713501 4589805737034645504
0.0714111 4589810135081156608
0.0714722 4589814533127667712
0.0715332 4589818931174178816
0.0715942 4589823329220689920
0.0716553 4589827727267201024
0.0717163 4589832125313712128
0.0717773 4589836523360223232
0.0718384 4589840921406734336
0.0718994 4589845319453245440
0.0719604 4589849717499756544
0.0720215 4589854115546267648
0.0720825 4589858513592778752
0.0721436 4589862911639289856
0.0722046 4589867309685800960
0.0722656 4589871707732312064
0.0723267 4589876105778823168
0.0723877 4589880503825334272
0.0724487 4589884901871845376
0.0725098 4589889299918356480
0.0725708 4589893697964867584
0.0726318 4589898096011378688
0.0726929 4589902494057889792
0.0727539 4589906892104400896
0.0728149 4589911290150912000
0.072876 4589915688197423104
0.072937 4589920086243934208
0.072998 4589924484290445312
0.0730591 4589928882336956416
0.0731201 4589933280383467520
0.0731812 4589937678429978624
0.0732422 4589942076476489728
0.0733032 4589946474523000832
0.0733643 4589950872569511936
0.0734253 4589955270616023040
0.0734863 4589959668662534144
0.0735474 4589964066709045248
0.0736084 4589968464755556352
0.0736694 4589972862802067456
0.0737305 4589977260848578560
0.0737915 4589981658895089664
0.0738525 4589986056941600768
0.0739136 4589990454988111872
0.0739746 4589994853034622976
0.0740356 4589999251081134080
0.0740967 4590003649127645184
0.0741577 4590008047174156288
0.0742188 4590012445220667392
0.0742798 4590016843267178496
0.0743408 4590021241313689600
0.0744019 4590025639360200704
0.0744629 4590030037406711808
0.0745239 4590034435453222912
0.074585 4590038833499734016
0.074646 4590043231546245120
0.074707 4590047629592756224
0.0747681 4590052027639267328
0.0748291 4590056425685778432
0.0748901 4590060823732289536
0.0749512 4590065221778800640
0.0750122 4590069619825311744
0.0750732 4590074017871822848
0.0751343 4590078415918333952
0.0751953 4590082813964845056
0.0752563 4590087212011356160
0.0753174 4590091610057867264
0.0753784 4590096008104378368
0.0754395 4590100406150889472
0.0755005 4590104804197400576
0.0755615 4590109202243911680
0.0756226 4590113600290422784
0.0756836 4590117998336933888
0.0757446 4590122396383444992
0.0758057 4590126794429956096
0.0758667 4590131192476467200
0.0759277 4590135590522978304
0.0759888 4590139988569489408
0.0760498 4590144386616000512
0.0761108 4590148784662511616
0.0761719 4590153182709022720
0.0762329 4590157580755533824
0.0762939 4590161978802044928
0.076355 4590166376848556032
0.076416 4590170774895067136
0.0764771 4590175172941578240
0.0765381 4590179570988089344
0.0765991 4590183969034600448
0.0766602 4590188367081111552
0.0767212 4590192765127622656
0.0767822 4590197163174133760
0.0768433 4590201561220644864
0.0769043 4590205959267155968
0.0769653 4590210357313667072
0.0770264 4590214755360178176
0.0770874 4590219153406689280
0.0771484 4590223551453200384
0.0772095 4590227949499711488
0.0772705 4590232347546222592
0.0773315 4590236745592733696
0.0773926 4590241143639244800
0.0774536 4590245541685755904
0.0775146 4590249939732267008
0.0775757 4590254337778778112
0.0776367 4590258735825289216
0.0776978 4590263133871800320
0.0777588 4590267531918311424
0.0778198 4590271929964822528
0.0778809 4590276328011333632
0.0779419 4590280726057844736
0.0780029 4590285124104355840
0.078064 4590289522150866944
0.078125 4590293920197378048
0.078186 4590298318243889152
0.0782471 4590302716290400256
0.0783081 4590307114336911360
0.0783691 4590311512383422464
0.0784302 4590315910429933568
0.0784912 4590320308476444672
0.0785522 4590324706522955776
0.0786133 4590329104569466880
0.0786743 4590333502615977984
0.0787354 4590337900662489088
0.0787964 4590342298709000192
0.0788574 4590346696755511296
0.0789185 4590351094802022400
0.0789795 4590355492848533504
0.0790405 4590359890895044608
0.0791016 4590364288941555712
0.0791626 4590368686988066816
0.0792236 4590373085034577920
0.0792847 4590377483081089024
0.0793457 4590381881127600128
0.0794067 4590386279174111232
0.0794678 4590390677220622336
0.0795288 4590395075267133440
0.0795898 4590399473313644544
0.0796509 4590403871360155648
0.0797119 4590408269406666752
0.0797729 4590412667453177856
0.079834 4590417065499688960
0.079895 4590421463546200064
0.0799561 4590425861592711168
0.0800171 4590430259639222272
0.0800781 4590434657685733376
0.0801392 4590439055732244480
0.0802002 4590443453778755584
0.0802612 4590447851825266688
0.0803223 4590452249871777792
0.0803833 4590456647918288896
0.0804443 4590461045964800000
0.0805054 4590465444011311104
0.0805664 4590469842057822208
0.0806274 4590474240104333312
0.0806885 4590478638150844416
0.0807495 4590483036197355520
0.0808105 4590487434243866624
0.0808716 4590491832290377728
0.0809326 4590496230336888832
0.0809937 4590500628383399936
0.0810547 4590505026429911040
0.0811157 4590509424476422144
0.0811768 4590513822522933248
0.0812378 4590518220569444352
0.0812988 4590522618615955456
0.0813599 4590527016662466560
0.0814209 4590531414708977664
0.0814819 4590535812755488768
0.081543 4590540210801999872
0.081604 4590544608848510976
0.081665 4590549006895022080
0.0817261 4590553404941533184
0.0817871 4590557802988044288
0.0818481 4590562201034555392
0.0819092 4590566599081066496
0.0819702 4590570997127577600
0.0820312 4590575395174088704
0.0820923 4590579793220599808
0.0821533 4590584191267110912
0.0822144 4590588589313622016
0.0822754 4590592987360133120
0.0823364 4590597385406644224
0.0823975 4590601783453155328
0.0824585 4590606181499666432
0.0825195 4590610579546177536
0.0825806 4590614977592688640
0.0826416 4590619375639199744
0.0827026 4590623773685710848
0.0827637 4590628171732221952
0.0828247 4590632569778733056
0.0828857 4590636967825244160
0.0829468 4590641365871755264
0.0830078 4590645763918266368
0.0830688 4590650161964777472
0.0831299 4590654560011288576
0.0831909 4590658958057799680
0.083252 4590663356104310784
0.083313 4590667754150821888
0.083374 4590672152197332992
0.0834351 4590676550243844096
0.0834961 4590680948290355200
0.0835571 4590685346336866304
0.0836182 4590689744383377408
0.0836792 4590694142429888512
0.0837402 4590698540476399616
0.0838013 4590702938522910720
0.0838623 4590707336569421824
0.0839233 4590711734615932928
0.0839844 4590716132662444032
0.0840454 4590720530708955136
0.0841064 4590724928755466240
0.0841675 4590729326801977344
0.0842285 4590733724848488448
0.0842896 4590738122894999552
0.0843506 4590742520941510656
0.0844116 4590746918988021760
0.0844727 4590751317034532864
0.0845337 4590755715081043968
0.0845947 4590760113127555072
0.0846558 4590764511174066176
0.0847168 4590768909220577280
0.0847778 4590773307267088384
0.0848389 4590777705313599488
0.0848999 4590782103360110592
0.0849609 4590786501406621696
0.085022 4590790899453132800
0.085083 4590795297499643904
0.085144 4590799695546155008
0.0852051 4590804093592666112
0.0852661 4590808491639177216
0.0853271 4590812889685688320
0.0853882 4590817287732199424
0.0854492 4590821685778710528
0.0855103 4590826083825221632
0.0855713 4590830481871732736
0.0856323 4590834879918243840
0.0856934 4590839277964754944
0.0857544 4590843676011266048
0.0858154 4590848074057777152
0.0858765 4590852472104288256
0.0859375 4590856870150799360
0.0859985 4590861268197310464
0.0860596 4590865666243821568
0.0861206 4590870064290332672
0.0861816 4590874462336843776
0.0862427 4590878860383354880
0.0863037 4590883258429865984
0.0863647 4590887656476377088
0.0864258 4590892054522888192
0.0864868 4590896452569399296
0.0865479 4590900850615910400
0.0866089 4590905248662421504
0.0866699 4590909646708932608
0.086731 4590914044755443712
0.086792 4590918442801954816
0.086853 4590922840848465920
0.0869141 4590927238894977024
0.0869751 4590931636941488128
0.0870361 4590936034987999232
0.0870972 4590940433034510336
0.0871582 4590944831081021440
0.0872192 4590949229127532544
0.0872803 4590953627174043648
0.0873413 4590958025220554752
0.0874023 4590962423267065856
0.0874634 4590966821313576960
0.0875244 4590971219360088064
0.0875854 4590975617406599168
0.0876465 4590980015453110272
0.0877075 4590984413499621376
0.0877686 4590988811546132480
0.0878296 4590993209592643584
0.0878906 4590997607639154688
0.0879517 4591002005685665792
0.0880127 4591006403732176896
0.0880737 4591010801778688000
0.0881348 4591015199825199104
0.0881958 4591019597871710208
0.0882568 4591023995918221312
0.0883179 4591028393964732416
0.0883789 4591032792011243520
0.0884399 4591037190057754624
0.088501 4591041588104265728
0.088562 4591045986150776832
0.088623 4591050384197287936
0.0886841 4591054782243799040
0.0887451 4591059180290310144
0.0888062 4591063578336821248
0.0888672 4591067976383332352
0.0889282 4591072374429843456
0.0889893 4591076772476354560
0.0890503 4591081170522865664
0.0891113 4591085568569376768
0.0891724 4591089966615887872
0.0892334 4591094364662398976
0.0892944 4591098762708910080
0.0893555 4591103160755421184
0.0894165 4591107558801932288
0.0894775 4591111956848443392
0.0895386 4591116354894954496
0.0895996 4591120752941465600
0.0896606 4591125150987976704
0.0897217 4591129549034487808
0.0897827 4591133947080998912
0.0898438 4591138345127510016
0.0899048 4591142743174021120
0.0899658 4591147141220532224
0.0900269 4591151539267043328
0.0900879 4591155937313554432
0.0901489 4591160335360065536
0.09021 4591164733406576640
0.090271 4591169131453087744
0.090332 4591173529499598848
0.0903931 4591177927546109952
0.0904541 4591182325592621056
0.0905151 4591186723639132160
0.0905762 4591191121685643264
0.0906372 4591195519732154368
0.0906982 4591199917778665472
0.0907593 4591204315825176576
0.0908203 4591208713871687680
0.0908813 4591213111918198784
0.0909424 4591217509964709888
0.0910034 4591221908011220992
0.0910645 4591226306057732096
0.0911255 4591230704104243200
0.0911865 4591235102150754304
0.0912476 4591239500197265408
0.0913086 4591243898243776512
0.0913696 4591248296290287616
0.0914307 4591252694336798720
0.0914917 4591257092383309824
0.0915527 4591261490429820928
0.0916138 4591265888476332032
0.0916748 4591270286522843136
0.0917358 4591274684569354240
0.0917969 4591279082615865344
0.0918579 4591283480662376448
0.0919189 4591287878708887552
0.09198 4591292276755398656
0.092041 4591296674801909760
0.0921021 4591301072848420864
0.0921631 4591305470894931968
0.0922241 4591309868941443072
0.0922852 4591314266987954176
0.0923462 4591318665034465280
0.0924072 4591323063080976384
0.0924683 4591327461127487488
0.0925293 4591331859173998592
0.0925903 4591336257220509696
0.0926514 4591340655267020800
0.0927124 4591345053313531904
0.0927734 4591349451360043008
0.0928345 4591353849406554112
0.0928955 4591358247453065216
0.0929565 4591362645499576320
0.0930176 4591367043546087424
0.0930786 4591371441592598528
0.0931396 4591375839639109632
0.0932007 4591380237685620736
0.0932617 4591384635732131840
0.0933228 4591389033778642944
0.0933838 4591393431825154048
0.0934448 4591397829871665152
0.0935059 4591402227918176256
0.0935669 4591406625964687360
0.0936279 4591411024011198464
0.093689 4591415422057709568
0.09375 4591419820104220672
0.093811 4591424218150731776
0.0938721 4591428616197242880
0.0939331 4591433014243753984
0.0939941 4591437412290265088
0.0940552 4591441810336776192
0.0941162 4591446208383287296
0.0941772 4591450606429798400
0.0942383 4591455004476309504
0.0942993 4591459402522820608
0.0943604 4591463800569331712
0.0944214 4591468198615842816
0.0944824 4591472596662353920
0.0945435 4591476994708865024
0.0946045 4591481392755376128
0.0946655 4591485790801887232
0.0947266 4591490188848398336
0.0947876 4591494586894909440
0.0948486 4591498984941420544
0.0949097 4591503382987931648
0.0949707 4591507781034442752
0.0950317 4591512179080953856
0.0950928 4591516577127464960
0.0951538 4591520975173976064
0.0952148 4591525373220487168
0.0952759 4591529771266998272
0.0953369 4591534169313509376
0.0953979 4591538567360020480
0.095459 4591542965406531584
0.09552 4591547363453042688
0.0955811 4591551761499553792
0.0956421 4591556159546064896
0.0957031 4591560557592576000
0.0957642 4591564955639087104
0.0958252 4591569353685598208
0.0958862 4591573751732109312
0.0959473 4591578149778620416
0.0960083 4591582547825131520
0.0960693 4591586945871642624
0.0961304 4591591343918153728
0.0961914 4591595741964664832
0.0962524 4591600140011175936
0.0963135 4591604538057687040
0.0963745 4591608936104198144
0.0964355 4591613334150709248
0.0964966 4591617732197220352
0.0965576 4591622130243731456
0.0966187 4591626528290242560
0.0966797 4591630926336753664
0.0967407 4591635324383264768
0.0968018 4591639722429775872
0.0968628 4591644120476286976
0.0969238 4591648518522798080
0.0969849 4591652916569309184
0.0970459 4591657314615820288
0.0971069 4591661712662331392
0.097168 4591666110708842496
0.097229 4591670508755353600
0.09729 4591674906801864704
0.0973511 4591679304848375808
0.0974121 4591683702894886912
0.0974731 4591688100941398016
0.0975342 4591692498987909120
0.0975952 4591696897034420224
0.0976562 4591701295080931328
0.0977173 4591705693127442432
0.0977783 4591710091173953536
0.0978394 4591714489220464640
0.0979004 4591718887266975744
0.0979614 4591723285313486848
0.0980225 4591727683359997952
0.0980835 4591732081406509056
0.0981445 4591736479453020160
0.0982056 4591740877499531264
0.0982666 4591745275546042368
0.0983276 4591749673592553472
0.0983887 4591754071639064576
0.0984497 4591758469685575680
0.0985107 4591762867732086784
0.0985718 4591767265778597888
0.0986328 4591771663825108992
0.0986938 4591776061871620096
0.0987549 4591780459918131200
0.0988159 4591784857964642304
0.098877 4591789256011153408
0.098938 4591793654057664512
0.098999 4591798052104175616
0.0990601 4591802450150686720
0.0991211 4591806848197197824
0.0991821 4591811246243708928
0.0992432 4591815644290220032
0.0993042 4591820042336731136
0.0993652 4591824440383242240
0.0994263 4591828838429753344
0.0994873 4591833236476264448
0.0995483 4591837634522775552
0.0996094 4591842032569286656
0.0996704 4591846430615797760
0.0997314 4591850828662308864
0.0997925 4591855226708819968
0.0998535 4591859624755331072
0.0999146 4591864022801842176
0.0999756 4591868420848353280
0.100037 4591872818894864384
0.100098 4591877216941375488
0.100159 4591881614987886592
0.10022 4591886013034397696
0.100281 4591890411080908800
0.100342 4591894809127419904
0.100403 4591899207173931008
0.100464 4591903605220442112
0.100525 4591908003266953216
0.100586 4591912401313464320
0.100647 4591916799359975424
0.100708 4591921197406486528
0.100769 4591925595452997632
0.10083 4591929993499508736
0.100891 4591934391546019840
0.100952 4591938789592530944
0.101013 4591943187639042048
0.101074 4591947585685553152
0.101135 4591951983732064256
0.101196 4591956381778575360
0.101257 4591960779825086464
0.101318 4591965177871597568
0.101379 4591969575918108672
0.10144 4591973973964619776
0.101501 4591978372011130880
0.101562 4591982770057641984
0.101624 4591987168104153088
0.101685 4591991566150664192
0.101746 4591995964197175296
0.101807 4592000362243686400
0.101868 4592004760290197504
0.101929 4592009158336708608
0.10199 4592013556383219712
0.102051 4592017954429730816
0.102112 4592022352476241920
0.102173 4592026750522753024
0.102234 4592031148569264128
0.102295 4592035546615775232
0.102356 4592039944662286336
0.102417 4592044342708797440
0.102478 4592048740755308544
0.102539 4592053138801819648
0.1026 4592057536848330752
0.102661 4592061934894841856
0.102722 4592066332941352960
0.102783 4592070730987864064
0.102844 4592075129034375168
0.102905 4592079527080886272
0.102966 4592083925127397376
0.103027 4592088323173908480
0.103088 4592092721220419584
0.103149 4592097119266930688
0.10321 4592101517313441792
0.103271 4592105915359952896
0.103333 4592110313406464000
0.103394 4592114711452975104
0.103455 4592119109499486208
0.103516 4592123507545997312
0.103577 4592127905592508416
0.103638 4592132303639019520
0.103699 4592136701685530624
0.10376 4592141099732041728
0.103821 4592145497778552832
0.103882 4592149895825063936
0.103943 4592154293871575040
0.104004 4592158691918086144
0.104065 4592163089964597248
0.104126 4592167488011108352
0.104187 4592171886057619456
0.104248 4592176284104130560
0.104309 4592180682150641664
0.10437 4592185080197152768
0.104431 4592189478243663872
0.104492 4592193876290174976
0.104553 4592198274336686080
0.104614 4592202672383197184
0.104675 4592207070429708288
0.104736 4592211468476219392
0.104797 4592215866522730496
0.104858 4592220264569241600
0.104919 4592224662615752704
0.10498 4592229060662263808
0.105042 4592233458708774912
0.105103 4592237856755286016
0.105164 4592242254801797120
0.105225 4592246652848308224
0.105286 4592251050894819328
0.105347 4592255448941330432
0.105408 4592259846987841536
0.105469 4592264245034352640
0.10553 4592268643080863744
0.105591 4592273041127374848
0.105652 4592277439173885952
0.105713 4592281837220397056
0.105774 4592286235266908160
0.105835 4592290633313419264
0.105896 4592295031359930368
0.105957 4592299429406441472
0.106018 4592303827452952576
0.106079 4592308225499463680
0.10614 4592312623545974784
0.106201 4592317021592485888
0.106262 4592321419638996992
0.106323 4592325817685508096
0.106384 4592330215732019200
0.106445 4592334613778530304
0.106506 4592339011825041408
0.106567 4592343409871552512
0.106628 4592347807918063616
0.106689 4592352205964574720
0.10675 4592356604011085824
0.106812 4592361002057596928
0.106873 4592365400104108032
0.106934 4592369798150619136
0.106995 4592374196197130240
0.107056 4592378594243641344
0.107117 4592382992290152448
0.107178 4592387390336663552
0.107239 4592391788383174656
0.1073 4592396186429685760
0.107361 4592400584476196864
0.107422 4592404982522707968
0.107483 4592409380569219072
0.107544 4592413778615730176
0.107605 4592418176662241280
0.107666 4592422574708752384
0.107727 4592426972755263488
0.107788 4592431370801774592
0.107849 4592435768848285696
0.10791 4592440166894796800
0.107971 4592444564941307904
0.108032 4592448962987819008
0.108093 4592453361034330112
0.108154 4592457759080841216
0.108215 4592462157127352320
0.108276 4592466555173863424
0.108337 4592470953220374528
0.108398 4592475351266885632
0.108459 4592479749313396736
0.108521 4592484147359907840
0.108582 4592488545406418944
0.108643 4592492943452930048
0.108704 4592497341499441152
0.108765 4592501739545952256
0.108826 4592506137592463360
0.108887 4592510535638974464
0.108948 4592514933685485568
0.109009 4592519331731996672
0.10907 4592523729778507776
0.109131 4592528127825018880
0.109192 4592532525871529984
0.109253 4592536923918041088
0.109314 4592541321964552192
0.109375 4592545720011063296
0.109436 4592550118057574400
0.109497 4592554516104085504
0.109558 4592558914150596608
0.109619 4592563312197107712
0.10968 4592567710243618816
0.109741 4592572108290129920
0.109802 4592576506336641024
0.109863 4592580904383152128
0.109924 4592585302429663232
0.109985 4592589700476174336
0.110046 4592594098522685440
0.110107 4592598496569196544
0.110168 4592602894615707648
0.110229 4592607292662218752
0.110291 4592611690708729856
0.110352 4592616088755240960
0.110413 4592620486801752064
0.110474 4592624884848263168
0.110535 4592629282894774272
0.110596 4592633680941285376
0.110657 4592638078987796480
0.110718 4592642477034307584
0.110779 4592646875080818688
0.11084 4592651273127329792
0.110901 4592655671173840896
0.110962 4592660069220352000
0.111023 4592664467266863104
0.111084 4592668865313374208
0.111145 4592673263359885312
0.111206 4592677661406396416
0.111267 4592682059452907520
0.111328 4592686457499418624
0.111389 4592690855545929728
0.11145 4592695253592440832
0.111511 4592699651638951936
0.111572 4592704049685463040
0.111633 4592708447731974144
0.111694 4592712845778485248
0.111755 4592717243824996352
0.111816 4592721641871507456
0.111877 4592726039918018560
0.111938 4592730437964529664
0.112 4592734836011040768
0.112061 4592739234057551872
0.112122 4592743632104062976
0.112183 4592748030150574080
0.112244 4592752428197085184
0.112305 4592756826243596288
0.112366 4592761224290107392
0.112427 4592765622336618496
0.112488 4592770020383129600
0.112549 4592774418429640704
0.11261 4592778816476151808
0.112671 4592783214522662912
0.112732 4592787612569174016
0.112793 4592792010615685120
0.112854 4592796408662196224
0.112915 4592800806708707328
0.112976 4592805204755218432
0.113037 4592809602801729536
0.113098 4592814000848240640
0.113159 4592818398894751744
0.11322 4592822796941262848
0.113281 4592827194987773952
0.113342 4592831593034285056
0.113403 4592835991080796160
0.113464 4592840389127307264
0.113525 4592844787173818368
0.113586 4592849185220329472
0.113647 4592853583266840576
0.113708 4592857981313351680
0.11377 4592862379359862784
0.113831 4592866777406373888
0.113892 4592871175452884992
0.113953 4592875573499396096
0.114014 4592879971545907200
0.114075 4592884369592418304
0.114136 4592888767638929408
0.114197 4592893165685440512
0.114258 4592897563731951616
0.114319 4592901961778462720
0.11438 4592906359824973824
0.114441 4592910757871484928
0.114502 4592915155917996032
0.114563 4592919553964507136
0.114624 4592923952011018240
0.114685 4592928350057529344
0.114746 4592932748104040448
0.114807 4592937146150551552
0.114868 4592941544197062656
0.114929 4592945942243573760
0.11499 4592950340290084864
0.115051 4592954738336595968
0.115112 4592959136383107072
0.115173 4592963534429618176
0.115234 4592967932476129280
0.115295 4592972330522640384
0.115356 4592976728569151488
0.115417 4592981126615662592
0.115479 4592985524662173696
0.11554 4592989922708684800
0.115601 4592994320755195904
0.115662 4592998718801707008
0.115723 4593003116848218112
0.115784 4593007514894729216
0.115845 4593011912941240320
0.115906 4593016310987751424
0.115967 4593020709034262528
0.116028 4593025107080773632
0.116089 4593029505127284736
0.11615 4593033903173795840
0.116211 4593038301220306944
0.116272 4593042699266818048
0.116333 4593047097313329152
0.116394 4593051495359840256
0.116455 4593055893406351360
0.116516 4593060291452862464
0.116577 4593064689499373568
0.116638 4593069087545884672
0.116699 4593073485592395776
0.11676 4593077883638906880
0.116821 4593082281685417984
0.116882 4593086679731929088
0.116943 4593091077778440192
0.117004 4593095475824951296
0.117065 4593099873871462400
0.117126 4593104271917973504
0.117188 4593108669964484608
0.117249 4593113068010995712
0.11731 4593117466057506816
0.117371 4593121864104017920
0.117432 4593126262150529024
0.117493 4593130660197040128
0.117554 4593135058243551232
0.117615 4593139456290062336
0.117676 4593143854336573440
0.117737 4593148252383084544
0.117798 4593152650429595648
0.117859 4593157048476106752
0.11792 4593161446522617856
0.117981 4593165844569128960
0.118042 4593170242615640064
0.118103 4593174640662151168
0.118164 4593179038708662272
0.118225 4593183436755173376
0.118286 4593187834801684480
0.118347 4593192232848195584
0.118408 4593196630894706688
0.118469 4593201028941217792
0.11853 4593205426987728896
0.118591 4593209825034240000
0.118652 4593214223080751104
0.118713 4593218621127262208
0.118774 4593223019173773312
0.118835 4593227417220284416
0.118896 4593231815266795520
0.118958 4593236213313306624
0.119019 4593240611359817728
0.11908 4593245009406328832
0.119141 4593249407452839936
0.119202 4593253805499351040
0.119263 4593258203545862144
0.119324 4593262601592373248
0.119385 4593266999638884352
0.119446 4593271397685395456
0.119507 4593275795731906560
0.119568 4593280193778417664
0.119629 4593284591824928768
0.11969 4593288989871439872
0.119751 4593293387917950976
0.119812 4593297785964462080
0.119873 4593302184010973184
0.119934 4593306582057484288
0.119995 4593310980103995392
0.120056 4593315378150506496
0.120117 4593319776197017600
0.120178 4593324174243528704
0.120239 4593328572290039808
0.1203 4593332970336550912
0.120361 4593337368383062016
0.120422 4593341766429573120
0.120483 4593346164476084224
0.120544 4593350562522595328
0.120605 4593354960569106432
0.120667 4593359358615617536
0.120728 4593363756662128640
0.120789 4593368154708639744
0.12085 4593372552755150848
0.120911 4593376950801661952
0.120972 4593381348848173056
0.121033 4593385746894684160
0.121094 4593390144941195264
0.121155 4593394542987706368
0.121216 4593398941034217472
0.121277 4593403339080728576
0.121338 4593407737127239680
0.121399 4593412135173750784
0.12146 4593416533220261888
0.121521 4593420931266772992
0.121582 4593425329313284096
0.121643 4593429727359795200
0.121704 4593434125406306304
0.121765 4593438523452817408
0.121826 4593442921499328512
0.121887 4593447319545839616
0.121948 4593451717592350720
0.122009 4593456115638861824
0.12207 4593460513685372928
0.122131 4593464911731884032
0.122192 4593469309778395136
0.122253 4593473707824906240
0.122314 4593478105871417344
0.122375 4593482503917928448
0.122437 4593486901964439552
0.122498 4593491300010950656
0.122559 4593495698057461760
0.12262 4593500096103972864
0.122681 4593504494150483968
0.122742 4593508892196995072
0.122803 4593513290243506176
0.122864 4593517688290017280
0.122925 4593522086336528384
0.122986 4593526484383039488
0.123047 4593530882429550592
0.123108 4593535280476061696
0.123169 4593539678522572800
0.12323 4593544076569083904
0.123291 4593548474615595008
0.123352 4593552872662106112
0.123413 4593557270708617216
0.123474 4593561668755128320
0.123535 4593566066801639424
0.123596 4593570464848150528
0.123657 4593574862894661632
0.123718 4593579260941172736
0.123779 4593583658987683840
0.12384 4593588057034194944
0.123901 4593592455080706048
0.123962 4593596853127217152
0.124023 4593601251173728256
0.124084 4593605649220239360
0.124146 4593610047266750464
0.124207 4593614445313261568
0.124268 4593618843359772672
0.124329 4593623241406283776
0.12439 4593627639452794880
0.124451 4593632037499305984
0.124512 4593636435545817088
0.124573 4593640833592328192
0.124634 4593645231638839296
0.124695 4593649629685350400
0.124756 4593654027731861504
0.124817 4593658425778372608
0.124878 4593662823824883712
0.124939 4593667221871394816
0.125 4593671619917905920
0.125122 4593676017964417024
0.125244 4593680416010928128
0.125366 4593684814057439232
0.125488 4593689212103950336
0.12561 4593693610150461440
0.125732 4593698008196972544
0.125854 4593702406243483648
0.125977 4593706804289994752
0.126099 4593711202336505856
0.126221 4593715600383016960
0.126343 4593719998429528064
0.126465 4593724396476039168
0.126587 4593728794522550272
0.126709 4593733192569061376
0.126831 4593737590615572480
0.126953 4593741988662083584
0.127075 4593746386708594688
0.127197 4593750784755105792
0.127319 4593755182801616896
0.127441 4593759580848128000
0.127563 4593763978894639104
0.127686 4593768376941150208
0.127808 4593772774987661312
0.12793 4593777173034172416
0.128052 4593781571080683520
0.128174 4593785969127194624
0.128296 4593790367173705728
0.128418 4593794765220216832
0.12854 4593799163266727936
0.128662 4593803561313239040
0.128784 4593807959359750144
0.128906 4593812357406261248
0.129028 4593816755452772352
0.12915 4593821153499283456
0.129272 4593825551545794560
0.129395 4593829949592305664
0.129517 4593834347638816768
0.129639 4593838745685327872
0.129761 4593843143731838976
0.129883 4593847541778350080
0.130005 4593851939824861184
0.130127 4593856337871372288
0.130249 4593860735917883392
0.130371 4593865133964394496
0.130493 4593869532010905600
0.130615 4593873930057416704
0.130737 4593878328103927808
0.130859 4593882726150438912
0.130981 4593887124196950016
0.131104 4593891522243461120
0.131226 4593895920289972224
0.131348 4593900318336483328
0.13147 4593904716382994432
0.131592 4593909114429505536
0.131714 4593913512476016640
0.131836 4593917910522527744
0.131958 4593922308569038848
0.13208 4593926706615549952
0.132202 4593931104662061056
0.132324 4593935502708572160
0.132446 4593939900755083264
0.132568 4593944298801594368
0.13269 4593948696848105472
0.132812 4593953094894616576
0.132935 4593957492941127680
0.133057 4593961890987638784
0.133179 4593966289034149888
0.133301 4593970687080660992
0.133423 4593975085127172096
0.133545 4593979483173683200
0.133667 4593983881220194304
0.133789 4593988279266705408
0.133911 4593992677313216512
0.134033 4593997075359727616
0.134155 4594001473406238720
0.134277 4594005871452749824
0.134399 4594010269499260928
0.134521 4594014667545772032
0.134644 4594019065592283136
0.134766 4594023463638794240
0.134888 4594027861685305344
0.13501 4594032259731816448
0.135132 4594036657778327552
0.135254 4594041055824838656
0.135376 4594045453871349760
0.135498 4594049851917860864
0.13562 4594054249964371968
0.135742 4594058648010883072
0.135864 4594063046057394176
0.135986 4594067444103905280
0.136108 4594071842150416384
0.13623 4594076240196927488
0.136353 4594080638243438592
0.136475 4594085036289949696
0.136597 4594089434336460800
0.136719 4594093832382971904
0.136841 4594098230429483008
0.136963 4594102628475994112
0.137085 4594107026522505216
0.137207 4594111424569016320
0.137329 4594115822615527424
0.137451 4594120220662038528
0.137573 4594124618708549632
0.137695 4594129016755060736
0.137817 4594133414801571840
0.137939 4594137812848082944
0.138062 4594142210894594048
0.138184 4594146608941105152
0.138306 4594151006987616256
0.138428 4594155405034127360
0.13855 4594159803080638464
0.138672 4594164201127149568
0.138794 4594168599173660672
0.138916 4594172997220171776
0.139038 4594177395266682880
0.13916 4594181793313193984
0.139282 4594186191359705088
0.139404 4594190589406216192
0.139526 4594194987452727296
0.139648 4594199385499238400
0.139771 4594203783545749504
0.139893 4594208181592260608
0.140015 4594212579638771712
0.140137 4594216977685282816
0.140259 4594221375731793920
0.140381 4594225773778305024
0.140503 4594230171824816128
0.140625 4594234569871327232
0.140747 4594238967917838336
0.140869 4594243365964349440
0.140991 4594247764010860544
0.141113 4594252162057371648
0.141235 4594256560103882752
0.141357 4594260958150393856
0.141479 4594265356196904960
0.141602 4594269754243416064
0.141724 4594274152289927168
0.141846 4594278550336438272
0.141968 4594282948382949376
0.14209 4594287346429460480
0.142212 4594291744475971584
0.142334 4594296142522482688
0.142456 4594300540568993792
0.142578 4594304938615504896
0.1427 4594309336662016000
0.142822 4594313734708527104
0.142944 4594318132755038208
0.143066 4594322530801549312
0.143188 4594326928848060416
0.143311 4594331326894571520
0.143433 4594335724941082624
0.143555 4594340122987593728
0.143677 4594344521034104832
0.143799 4594348919080615936
0.143921 4594353317127127040
0.144043 4594357715173638144
0.144165 4594362113220149248
0.144287 4594366511266660352
0.144409 4594370909313171456
0.144531 4594375307359682560
0.144653 4594379705406193664
0.144775 4594384103452704768
0.144897 4594388501499215872
0.14502 4594392899545726976
0.145142 4594397297592238080
0.145264 4594401695638749184
0.145386 4594406093685260288
0.145508 4594410491731771392
0.14563 4594414889778282496
0.145752 4594419287824793600
0.145874 4594423685871304704
0.145996 4594428083917815808
0.146118 4594432481964326912
0.14624 4594436880010838016
0.146362 4594441278057349120
0.146484 4594445676103860224
0.146606 4594450074150371328
0.146729 4594454472196882432
0.146851 4594458870243393536
0.146973 4594463268289904640
0.147095 4594467666336415744
0.147217 4594472064382926848
0.147339 4594476462429437952
0.147461 4594480860475949056
0.147583 4594485258522460160
0.147705 4594489656568971264
0.147827 4594494054615482368
0.147949 4594498452661993472
0.148071 4594502850708504576
0.148193 4594507248755015680
0.148315 4594511646801526784
0.148438 4594516044848037888
0.14856 4594520442894548992
0.148682 4594524840941060096
0.148804 4594529238987571200
0.148926 4594533637034082304
0.149048 4594538035080593408
0.14917 4594542433127104512
0.149292 4594546831173615616
0.149414 4594551229220126720
0.149536 4594555627266637824
0.149658 4594560025313148928
0.14978 4594564423359660032
0.149902 4594568821406171136
0.150024 4594573219452682240
0.150146 4594577617499193344
0.150269 4594582015545704448
0.150391 4594586413592215552
0.150513 4594590811638726656
0.150635 4594595209685237760
0.150757 4594599607731748864
0.150879 4594604005778259968
0.151001 4594608403824771072
0.151123 4594612801871282176
0.151245 4594617199917793280
0.151367 4594621597964304384
0.151489 4594625996010815488
0.151611 4594630394057326592
0.151733 4594634792103837696
0.151855 4594639190150348800
0.151978 4594643588196859904
0.1521 4594647986243371008
0.152222 4594652384289882112
0.152344 4594656782336393216
0.152466 4594661180382904320
0.152588 4594665578429415424
0.15271 4594669976475926528
0.152832 4594674374522437632
0.152954 4594678772568948736
0.153076 4594683170615459840
0.153198 4594687568661970944
0.15332 4594691966708482048
0.153442 4594696364754993152
0.153564 4594700762801504256
0.153687 4594705160848015360
0.153809 4594709558894526464
0.153931 4594713956941037568
0.154053 4594718354987548672
0.154175 4594722753034059776
0.154297 4594727151080570880
0.154419 4594731549127081984
0.154541 4594735947173593088
0.154663 4594740345220104192
0.154785 4594744743266615296
0.154907 4594749141313126400
0.155029 4594753539359637504
0.155151 4594757937406148608
0.155273 4594762335452659712
0.155396 4594766733499170816
0.155518 4594771131545681920
0.15564 4594775529592193024
0.155762 4594779927638704128
0.155884 4594784325685215232
0.156006 4594788723731726336
0.156128 4594793121778237440
0.15625 4594797519824748544
0.156372 4594801917871259648
0.156494 4594806315917770752
0.156616 4594810713964281856
0.156738 4594815112010792960
0.15686 4594819510057304064
0.156982 4594823908103815168
0.157104 4594828306150326272
0.157227 4594832704196837376
0.157349 4594837102243348480
0.157471 4594841500289859584
0.157593 4594845898336370688
0.157715 4594850296382881792
0.157837 4594854694429392896
0.157959 4594859092475904000
0.158081 4594863490522415104
0.158203 4594867888568926208
0.158325 4594872286615437312
0.158447 4594876684661948416
0.158569 4594881082708459520
0.158691 4594885480754970624
0.158813 4594889878801481728
0.158936 4594894276847992832
0.159058 4594898674894503936
0.15918 4594903072941015040
0.159302 4594907470987526144
0.159424 4594911869034037248
0.159546 4594916267080548352
0.159668 4594920665127059456
0.15979 4594925063173570560
0.159912 4594929461220081664
0.160034 4594933859266592768
0.160156 4594938257313103872
0.160278 4594942655359614976
0.1604 4594947053406126080
0.160522 4594951451452637184
0.160645 4594955849499148288
0.160767 4594960247545659392
0.160889 4594964645592170496
0.161011 4594969043638681600
0.161133 4594973441685192704
0.161255 4594977839731703808
0.161377 4594982237778214912
0.161499 4594986635824726016
0.161621 4594991033871237120
0.161743 4594995431917748224
0.161865 4594999829964259328
0.161987 4595004228010770432
0.162109 4595008626057281536
0.162231 4595013024103792640
0.162354 4595017422150303744
0.162476 4595021820196814848
0.162598 4595026218243325952
0.16272 4595030616289837056
0.162842 4595035014336348160
0.162964 4595039412382859264
0.163086 4595043810429370368
0.163208 4595048208475881472
0.16333 4595052606522392576
0.163452 4595057004568903680
0.163574 4595061402615414784
0.163696 4595065800661925888
0.163818 4595070198708436992
0.16394 4595074596754948096
0.164062 4595078994801459200
0.164185 4595083392847970304
0.164307 4595087790894481408
0.164429 4595092188940992512
0.164551 4595096586987503616
0.164673 4595100985034014720
0.164795 4595105383080525824
0.164917 4595109781127036928
0.165039 4595114179173548032
0.165161 4595118577220059136
0.165283 4595122975266570240
0.165405 4595127373313081344
0.165527 4595131771359592448
0.165649 4595136169406103552
0.165771 4595140567452614656
0.165894 4595144965499125760
0.166016 4595149363545636864
0.166138 4595153761592147968
0.16626 4595158159638659072
0.166382 4595162557685170176
0.166504 4595166955731681280
0.166626 4595171353778192384
0.166748 4595175751824703488
0.16687 4595180149871214592
0.166992 4595184547917725696
0.167114 4595188945964236800
0.167236 4595193344010747904
0.167358 4595197742057259008
0.16748 4595202140103770112
0.167603 4595206538150281216
0.167725 4595210936196792320
0.167847 4595215334243303424
0.167969 4595219732289814528
0.168091 4595224130336325632
0.168213 4595228528382836736
0.168335 4595232926429347840
0.168457 4595237324475858944
0.168579 4595241722522370048
0.168701 4595246120568881152
0.168823 4595250518615392256
0.168945 4595254916661903360
0.169067 4595259314708414464
0.169189 4595263712754925568
0.169312 4595268110801436672
0.169434 4595272508847947776
0.169556 4595276906894458880
0.169678 4595281304940969984
0.1698 4595285702987481088
0.169922 4595290101033992192
0.170044 4595294499080503296
0.170166 4595298897127014400
0.170288 4595303295173525504
0.17041 4595307693220036608
0.170532 4595312091266547712
0.170654 4595316489313058816
0.170776 4595320887359569920
0.170898 4595325285406081024
0.171021 4595329683452592128
0.171143 4595334081499103232
0.171265 4595338479545614336
0.171387 4595342877592125440
0.171509 4595347275638636544
0.171631 4595351673685147648
0.171753 4595356071731658752
0.171875 4595360469778169856
0.171997 4595364867824680960
0.172119 4595369265871192064
0.172241 4595373663917703168
0.172363 4595378061964214272
0.172485 4595382460010725376
0.172607 4595386858057236480
0.172729 4595391256103747584
0.172852 4595395654150258688
0.172974 4595400052196769792
0.173096 4595404450243280896
0.173218 4595408848289792000
0.17334 4595413246336303104
0.173462 4595417644382814208
0.173584 4595422042429325312
0.173706 4595426440475836416
0.173828 4595430838522347520
0.17395 4595435236568858624
0.174072 4595439634615369728
0.174194 4595444032661880832
0.174316 4595448430708391936
0.174438 4595452828754903040
0.174561 4595457226801414144
0.174683 4595461624847925248
0.174805 4595466022894436352
0.174927 4595470420940947456
0.175049 4595474818987458560
0.175171 4595479217033969664
0.175293 4595483615080480768
0.175415 4595488013126991872
0.175537 4595492411173502976
0.175659 4595496809220014080
0.175781 4595501207266525184
0.175903 4595505605313036288
0.176025 4595510003359547392
0.176147 4595514401406058496
0.17627 4595518799452569600
0.176392 4595523197499080704
0.176514 4595527595545591808
0.176636 4595531993592102912
0.176758 4595536391638614016
0.17688 4595540789685125120
0.177002 4595545187731636224
0.177124 4595549585778147328
0.177246 4595553983824658432
0.177368 4595558381871169536
0.17749 4595562779917680640
0.177612 4595567177964191744
0.177734 4595571576010702848
0.177856 4595575974057213952
0.177979 4595580372103725056
0.178101 4595584770150236160
0.178223 4595589168196747264
0.178345 4595593566243258368
0.178467 4595597964289769472
0.178589 4595602362336280576
0.178711 4595606760382791680
0.178833 4595611158429302784
0.178955 4595615556475813888
0.179077 4595619954522324992
0.179199 4595624352568836096
0.179321 4595628750615347200
0.179443 4595633148661858304
0.179565 4595637546708369408
0.179688 4595641944754880512
0.17981 4595646342801391616
0.179932 4595650740847902720
0.180054 4595655138894413824
0.180176 4595659536940924928
0.180298 4595663934987436032
0.18042 4595668333033947136
0.180542 4595672731080458240
0.180664 4595677129126969344
0.180786 4595681527173480448
0.180908 4595685925219991552
0.18103 4595690323266502656
0.181152 4595694721313013760
0.181274 4595699119359524864
0.181396 4595703517406035968
0.181519 4595707915452547072
0.181641 4595712313499058176
0.181763 4595716711545569280
0.181885 4595721109592080384
0.182007 4595725507638591488
0.182129 4595729905685102592
0.182251 4595734303731613696
0.182373 4595738701778124800
0.182495 4595743099824635904
0.182617 4595747497871147008
0.182739 4595751895917658112
0.182861 4595756293964169216
0.182983 4595760692010680320
0.183105 4595765090057191424
0.183228 4595769488103702528
0.18335 4595773886150213632
0.183472 4595778284196724736
0.183594 4595782682243235840
0.183716 4595787080289746944
0.183838 4595791478336258048
0.18396 4595795876382769152
0.184082 4595800274429280256
0.184204 4595804672475791360
0.184326 4595809070522302464
0.184448 4595813468568813568
0.18457 4595817866615324672
0.184692 4595822264661835776
0.184814 4595826662708346880
0.184937 4595831060754857984
0.185059 4595835458801369088
0.185181 4595839856847880192
0.185303 4595844254894391296
0.185425 4595848652940902400
0.185547 4595853050987413504
0.185669 4595857449033924608
0.185791 4595861847080435712
0.185913 4595866245126946816
0.186035 4595870643173457920
0.186157 4595875041219969024
0.186279 4595879439266480128
0.186401 4595883837312991232
0.186523 4595888235359502336
0.186646 4595892633406013440
0.186768 4595897031452524544
0.18689 4595901429499035648
0.187012 4595905827545546752
0.187134 4595910225592057856
0.187256 4595914623638568960
0.187378 4595919021685080064
0.1875 4595923419731591168
0.187622 4595927817778102272
0.187744 4595932215824613376
0.187866 4595936613871124480
0.187988 4595941011917635584
0.18811 4595945409964146688
0.188232 4595949808010657792
0.188354 4595954206057168896
0.188477 4595958604103680000
0.188599 4595963002150191104
0.188721 4595967400196702208
0.188843 4595971798243213312
0.188965 4595976196289724416
0.189087 4595980594336235520
0.189209 4595984992382746624
0.189331 4595989390429257728
0.189453 4595993788475768832
0.189575 4595998186522279936
0.189697 4596002584568791040
0.189819 4596006982615302144
0.189941 4596011380661813248
0.190063 4596015778708324352
0.190186 4596020176754835456
0.190308 4596024574801346560
0.19043 4596028972847857664
0.190552 4596033370894368768
0.190674 4596037768940879872
0.190796 4596042166987390976
0.190918 4596046565033902080
0.19104 4596050963080413184
0.191162 4596055361126924288
0.191284 4596059759173435392
0.191406 4596064157219946496
0.191528 4596068555266457600
0.19165 4596072953312968704
0.191772 4596077351359479808
0.191895 4596081749405990912
0.192017 4596086147452502016
0.192139 4596090545499013120
0.192261 4596094943545524224
0.192383 4596099341592035328
0.192505 4596103739638546432
0.192627 4596108137685057536
0.192749 4596112535731568640
0.192871 4596116933778079744
0.192993 4596121331824590848
0.193115 4596125729871101952
0.193237 4596130127917613056
0.193359 4596134525964124160
0.193481 4596138924010635264
0.193604 4596143322057146368
0.193726 4596147720103657472
0.193848 4596152118150168576
0.19397 4596156516196679680
0.194092 4596160914243190784
0.194214 4596165312289701888
0.194336 4596169710336212992
0.194458 4596174108382724096
0.19458 4596178506429235200
0.194702 4596182904475746304
0.194824 4596187302522257408
0.194946 4596191700568768512
0.195068 4596196098615279616
0.19519 4596200496661790720
0.195312 4596204894708301824
0.195435 4596209292754812928
0.195557 4596213690801324032
0.195679 4596218088847835136
0.195801 4596222486894346240
0.195923 4596226884940857344
0.196045 4596231282987368448
0.196167 4596235681033879552
0.196289 4596240079080390656
0.196411 4596244477126901760
0.196533 4596248875173412864
0.196655 4596253273219923968
0.196777 4596257671266435072
0.196899 4596262069312946176
0.197021 4596266467359457280
0.197144 4596270865405968384
0.197266 4596275263452479488
0.197388 4596279661498990592
0.19751 4596284059545501696
0.197632 4596288457592012800
0.197754 4596292855638523904
0.197876 4596297253685035008
0.197998 4596301651731546112
0.19812 4596306049778057216
0.198242 4596310447824568320
0.198364 4596314845871079424
0.198486 4596319243917590528
0.198608 4596323641964101632
0.19873 4596328040010612736
0.198853 4596332438057123840
0.198975 4596336836103634944
0.199097 4596341234150146048
0.199219 4596345632196657152
0.199341 4596350030243168256
0.199463 4596354428289679360
0.199585 4596358826336190464
0.199707 4596363224382701568
0.199829 4596367622429212672
0.199951 4596372020475723776
0.200073 4596376418522234880
0.200195 4596380816568745984
0.200317 4596385214615257088
0.200439 4596389612661768192
0.200562 4596394010708279296
0.200684 4596398408754790400
0.200806 4596402806801301504
0.200928 4596407204847812608
0.20105 4596411602894323712
0.201172 4596416000940834816
0.201294 4596420398987345920
0.201416 4596424797033857024
0.201538 4596429195080368128
0.20166 4596433593126879232
0.201782 4596437991173390336
0.201904 4596442389219901440
0.202026 4596446787266412544
0.202148 4596451185312923648
0.202271 4596455583359434752
0.202393 4596459981405945856
0.202515 4596464379452456960
0.202637 4596468777498968064
0.202759 4596473175545479168
0.202881 4596477573591990272
0.203003 4596481971638501376
0.203125 4596486369685012480
0.203247 4596490767731523584
0.203369 4596495165778034688
0.203491 4596499563824545792
0.203613 4596503961871056896
0.203735 4596508359917568000
0.203857 4596512757964079104
0.203979 4596517156010590208
0.204102 4596521554057101312
0.204224 4596525952103612416
0.204346 4596530350150123520
0.204468 4596534748196634624
0.20459 4596539146243145728
0.204712 4596543544289656832
0.204834 4596547942336167936
0.204956 4596552340382679040
0.205078 4596556738429190144
0.2052 4596561136475701248
0.205322 4596565534522212352
0.205444 4596569932568723456
0.205566 4596574330615234560
0.205688 4596578728661745664
0.205811 4596583126708256768
0.205933 4596587524754767872
0.206055 4596591922801278976
0.206177 4596596320847790080
0.206299 4596600718894301184
0.206421 4596605116940812288
0.206543 4596609514987323392
0.206665 4596613913033834496
0.206787 4596618311080345600
0.206909 4596622709126856704
0.207031 4596627107173367808
0.207153 4596631505219878912
0.207275 4596635903266390016
0.207397 4596640301312901120
0.20752 4596644699359412224
0.207642 4596649097405923328
0.207764 4596653495452434432
0.207886 4596657893498945536
0.208008 4596662291545456640
0.20813 4596666689591967744
0.208252 4596671087638478848
0.208374 4596675485684989952
0.208496 4596679883731501056
0.208618 4596684281778012160
0.20874 4596688679824523264
0.208862 4596693077871034368
0.208984 4596697475917545472
0.209106 4596701873964056576
0.209229 4596706272010567680
0.209351 4596710670057078784
0.209473 4596715068103589888
0.209595 4596719466150100992
0.209717 4596723864196612096
0.209839 4596728262243123200
0.209961 4596732660289634304
0.210083 4596737058336145408
0.210205 4596741456382656512
0.210327 4596745854429167616
0.210449 4596750252475678720
0.210571 4596754650522189824
0.210693 4596759048568700928
0.210815 4596763446615212032
0.210938 4596767844661723136
0.21106 4596772242708234240
0.211182 4596776640754745344
0.211304 4596781038801256448
0.211426 4596785436847767552
0.211548 4596789834894278656
0.21167 4596794232940789760
0.211792 4596798630987300864
0.211914 4596803029033811968
0.212036 4596807427080323072
0.212158 4596811825126834176
0.21228 4596816223173345280
0.212402 4596820621219856384
0.212524 4596825019266367488
0.212646 4596829417312878592
0.212769 4596833815359389696
0.212891 4596838213405900800
0.213013 4596842611452411904
0.213135 4596847009498923008
0.213257 4596851407545434112
0.213379 4596855805591945216
0.213501 4596860203638456320
0.213623 4596864601684967424
0.213745 4596868999731478528
0.213867 4596873397777989632
0.213989 4596877795824500736
0.214111 4596882193871011840
0.214233 4596886591917522944
0.214355 4596890989964034048
0.214478 4596895388010545152
0.2146 4596899786057056256
0.214722 4596904184103567360
0.214844 4596908582150078464
0.214966 4596912980196589568
0.215088 4596917378243100672
0.21521 4596921776289611776
0.215332 4596926174336122880
0.215454 4596930572382633984
0.215576 4596934970429145088
0.215698 4596939368475656192
0.21582 4596943766522167296
0.215942 4596948164568678400
0.216064 4596952562615189504
0.216187 4596956960661700608
0.216309 4596961358708211712
0.216431 4596965756754722816
0.216553 4596970154801233920
0.216675 4596974552847745024
0.216797 4596978950894256128
0.216919 4596983348940767232
0.217041 4596987746987278336
0.217163 4596992145033789440
0.217285 4596996543080300544
0.217407 4597000941126811648
0.217529 4597005339173322752
0.217651 4597009737219833856
0.217773 4597014135266344960
0.217896 4597018533312856064
0.218018 4597022931359367168
0.21814 4597027329405878272
0.218262 4597031727452389376
0.218384 4597036125498900480
0.218506 4597040523545411584
0.218628 4597044921591922688
0.21875 4597049319638433792
0.218872 4597053717684944896
0.218994 4597058115731456000
0.219116 4597062513777967104
0.219238 4597066911824478208
0.21936 4597071309870989312
0.219482 4597075707917500416
0.219604 4597080105964011520
0.219727 4597084504010522624
0.219849 4597088902057033728
0.219971 4597093300103544832
0.220093 4597097698150055936
0.220215 4597102096196567040
0.220337 4597106494243078144
0.220459 4597110892289589248
0.220581 4597115290336100352
0.220703 4597119688382611456
0.220825 4597124086429122560
0.220947 4597128484475633664
0.221069 4597132882522144768
0.221191 4597137280568655872
0.221313 4597141678615166976
0.221436 4597146076661678080
0.221558 4597150474708189184
0.22168 4597154872754700288
0.221802 4597159270801211392
0.221924 4597163668847722496
0.222046 4597168066894233600
0.222168 4597172464940744704
0.22229 4597176862987255808
0.222412 4597181261033766912
0.222534 4597185659080278016
0.222656 4597190057126789120
0.222778 4597194455173300224
0.2229 4597198853219811328
0.223022 4597203251266322432
0.223145 4597207649312833536
0.223267 4597212047359344640
0.223389 4597216445405855744
0.223511 4597220843452366848
0.223633 4597225241498877952
0.223755 4597229639545389056
0.223877 4597234037591900160
0.223999 4597238435638411264
0.224121 4597242833684922368
0.224243 4597247231731433472
0.224365 4597251629777944576
0.224487 4597256027824455680
0.224609 4597260425870966784
0.224731 4597264823917477888
0.224854 4597269221963988992
0.224976 4597273620010500096
0.225098 4597278018057011200
0.22522 4597282416103522304
0.225342 4597286814150033408
0.225464 4597291212196544512
0.225586 4597295610243055616
0.225708 4597300008289566720
0.22583 4597304406336077824
0.225952 4597308804382588928
0.226074 4597313202429100032
0.226196 4597317600475611136
0.226318 4597321998522122240
0.22644 4597326396568633344
0.226562 4597330794615144448
0.226685 4597335192661655552
0.226807 4597339590708166656
0.226929 4597343988754677760
0.227051 4597348386801188864
0.227173 4597352784847699968
0.227295 4597357182894211072
0.227417 4597361580940722176
0.227539 4597365978987233280
0.227661 4597370377033744384
0.227783 4597374775080255488
0.227905 4597379173126766592
0.228027 4597383571173277696
0.228149 4597387969219788800
0.228271 4597392367266299904
0.228394 4597396765312811008
0.228516 4597401163359322112
0.228638 4597405561405833216
0.22876 4597409959452344320
0.228882 4597414357498855424
0.229004 4597418755545366528
0.229126 4597423153591877632
0.229248 4597427551638388736
0.22937 4597431949684899840
0.229492 4597436347731410944
0.229614 4597440745777922048
0.229736 4597445143824433152
0.229858 4597449541870944256
0.22998 4597453939917455360
0.230103 4597458337963966464
0.230225 4597462736010477568
0.230347 4597467134056988672
0.230469 4597471532103499776
0.230591 4597475930150010880
0.230713 4597480328196521984
0.230835 4597484726243033088
0.230957 4597489124289544192
0.231079 4597493522336055296
0.231201 4597497920382566400
0.231323 4597502318429077504
0.231445 4597506716475588608
0.231567 4597511114522099712
0.231689 4597515512568610816
0.231812 4597519910615121920
0.231934 4597524308661633024
0.232056 4597528706708144128
0.232178 4597533104754655232
0.2323 4597537502801166336
0.232422 4597541900847677440
0.232544 4597546298894188544
0.232666 4597550696940699648
0.232788 4597555094987210752
0.23291 4597559493033721856
0.233032 4597563891080232960
0.233154 4597568289126744064
0.233276 4597572687173255168
0.233398 4597577085219766272
0.233521 4597581483266277376
0.233643 4597585881312788480
0.233765 4597590279359299584
0.233887 4597594677405810688
0.234009 4597599075452321792
0.234131 4597603473498832896
0.234253 4597607871545344000
0.234375 4597612269591855104
0.234497 4597616667638366208
0.234619 4597621065684877312
0.234741 4597625463731388416
0.234863 4597629861777899520
0.234985 4597634259824410624
0.235107 4597638657870921728
0.235229 4597643055917432832
0.235352 4597647453963943936
0.235474 4597651852010455040
0.235596 4597656250056966144
0.235718 4597660648103477248
0.23584 4597665046149988352
0.235962 4597669444196499456
0.236084 4597673842243010560
0.236206 4597678240289521664
0.236328 4597682638336032768
0.23645 4597687036382543872
0.236572 4597691434429054976
0.236694 4597695832475566080
0.236816 4597700230522077184
0.236938 4597704628568588288
0.237061 4597709026615099392
0.237183 4597713424661610496
0.237305 4597717822708121600
0.237427 4597722220754632704
0.237549 4597726618801143808
0.237671 4597731016847654912
0.237793 4597735414894166016
0.237915 4597739812940677120
0.238037 4597744210987188224
0.238159 4597748609033699328
0.238281 4597753007080210432
0.238403 4597757405126721536
0.238525 4597761803173232640
0.238647 4597766201219743744
0.23877 4597770599266254848
0.238892 4597774997312765952
0.239014 4597779395359277056
0.239136 4597783793405788160
0.239258 4597788191452299264
0.23938 4597792589498810368
0.239502 4597796987545321472
0.239624 4597801385591832576
0.239746 4597805783638343680
0.239868 4597810181684854784
0.23999 4597814579731365888
0.240112 4597818977777876992
0.240234 4597823375824388096
0.240356 4597827773870899200
0.240479 4597832171917410304
0.240601 4597836569963921408
0.240723 4597840968010432512
0.240845 4597845366056943616
0.240967 4597849764103454720
0.241089 4597854162149965824
0.241211 4597858560196476928
0.241333 4597862958242988032
0.241455 4597867356289499136
0.241577 4597871754336010240
0.241699 4597876152382521344
0.241821 4597880550429032448
0.241943 4597884948475543552
0.242065 4597889346522054656
0.242188 4597893744568565760
0.24231 4597898142615076864
0.242432 4597902540661587968
0.242554 4597906938708099072
0.242676 4597911336754610176
0.242798 4597915734801121280
0.24292 4597920132847632384
0.243042 4597924530894143488
0.243164 4597928928940654592
0.243286 4597933326987165696
0.243408 4597937725033676800
0.24353 4597942123080187904
0.243652 4597946521126699008
0.243774 4597950919173210112
0.243896 4597955317219721216
0.244019 4597959715266232320
0.244141 4597964113312743424
0.244263 4597968511359254528
0.244385 4597972909405765632
0.244507 4597977307452276736
0.244629 4597981705498787840
0.244751 4597986103545298944
0.244873 4597990501591810048
0.244995 4597994899638321152
0.245117 4597999297684832256
0.245239 4598003695731343360
0.245361 4598008093777854464
0.245483 4598012491824365568
0.245605 4598016889870876672
0.245728 4598021287917387776
0.24585 4598025685963898880
0.245972 4598030084010409984
0.246094 4598034482056921088
0.246216 4598038880103432192
0.246338 4598043278149943296
0.24646 4598047676196454400
0.246582 4598052074242965504
0.246704 4598056472289476608
0.246826 4598060870335987712
0.246948 4598065268382498816
0.24707 4598069666429009920
0.247192 4598074064475521024
0.247314 4598078462522032128
0.247437 4598082860568543232
0.247559 4598087258615054336
0.247681 4598091656661565440
0.247803 4598096054708076544
0.247925 4598100452754587648
0.248047 4598104850801098752
0.248169 4598109248847609856
0.248291 4598113646894120960
0.248413 4598118044940632064
0.248535 4598122442987143168
0.248657 4598126841033654272
0.248779 4598131239080165376
0.248901 4598135637126676480
0.249023 4598140035173187584
0.249146 4598144433219698688
0.249268 4598148831266209792
0.24939 4598153229312720896
0.249512 4598157627359232000
0.249634 4598162025405743104
0.249756 4598166423452254208
0.249878 4598170821498765312
0.25 4598175219545276416
0.250244 4598179617591787520
0.250488 4598184015638298624
0.250732 4598188413684809728
0.250977 4598192811731320832
0.251221 4598197209777831936
0.251465 4598201607824343040
0.251709 4598206005870854144
0.251953 4598210403917365248
0.252197 4598214801963876352
0.252441 4598219200010387456
0.252686 4598223598056898560
0.25293 4598227996103409664
0.253174 4598232394149920768
0.253418 4598236792196431872
0.253662 4598241190242942976
0.253906 4598245588289454080
0.25415 4598249986335965184
0.254395 4598254384382476288
0.254639 4598258782428987392
0.254883 4598263180475498496
0.255127 4598267578522009600
0.255371 4598271976568520704
0.255615 4598276374615031808
0.255859 4598280772661542912
0.256104 4598285170708054016
0.256348 4598289568754565120
0.256592 4598293966801076224
0.256836 4598298364847587328
0.25708 4598302762894098432
0.257324 4598307160940609536
0.257568 4598311558987120640
0.257812 4598315957033631744
0.258057 4598320355080142848
0.258301 4598324753126653952
0.258545 4598329151173165056
0.258789 4598333549219676160
0.259033 4598337947266187264
0.259277 4598342345312698368
0.259521 4598346743359209472
0.259766 4598351141405720576
0.26001 4598355539452231680
0.260254 4598359937498742784
0.260498 4598364335545253888
0.260742 4598368733591764992
0.260986 4598373131638276096
0.26123 4598377529684787200
0.261475 4598381927731298304
0.261719 4598386325777809408
0.261963 4598390723824320512
0.262207 4598395121870831616
0.262451 4598399519917342720
0.262695 4598403917963853824
0.262939 4598408316010364928
0.263184 4598412714056876032
0.263428 4598417112103387136
0.263672 4598421510149898240
0.263916 4598425908196409344
0.26416 4598430306242920448
0.264404 4598434704289431552
0.264648 4598439102335942656
0.264893 4598443500382453760
0.265137 4598447898428964864
0.265381 4598452296475475968
0.265625 4598456694521987072
0.265869 4598461092568498176
0.266113 4598465490615009280
0.266357 4598469888661520384
0.266602 4598474286708031488
0.266846 4598478684754542592
0.26709 4598483082801053696
0.267334 4598487480847564800
0.267578 4598491878894075904
0.267822 4598496276940587008
0.268066 4598500674987098112
0.268311 4598505073033609216
0.268555 4598509471080120320
0.268799 4598513869126631424
0.269043 4598518267173142528
0.269287 4598522665219653632
0.269531 4598527063266164736
0.269775 4598531461312675840
0.27002 4598535859359186944
0.270264 4598540257405698048
0.270508 4598544655452209152
0.270752 4598549053498720256
0.270996 4598553451545231360
0.27124 4598557849591742464
0.271484 4598562247638253568
0.271729 4598566645684764672
0.271973 4598571043731275776
0.272217 4598575441777786880
0.272461 4598579839824297984
0.272705 4598584237870809088
0.272949 4598588635917320192
0.273193 4598593033963831296
0.273438 4598597432010342400
0.273682 4598601830056853504
0.273926 4598606228103364608
0.27417 4598610626149875712
0.274414 4598615024196386816
0.274658 4598619422242897920
0.274902 4598623820289409024
0.275146 4598628218335920128
0.275391 4598632616382431232
0.275635 4598637014428942336
0.275879 4598641412475453440
0.276123 4598645810521964544
0.276367 4598650208568475648
0.276611 4598654606614986752
0.276855 4598659004661497856
0.2771 4598663402708008960
0.277344 4598667800754520064
0.277588 4598672198801031168
0.277832 4598676596847542272
0.278076 4598680994894053376
0.27832 4598685392940564480
0.278564 4598689790987075584
0.278809 4598694189033586688
0.279053 4598698587080097792
0.279297 4598702985126608896
0.279541 4598707383173120000
0.279785 4598711781219631104
0.280029 4598716179266142208
0.280273 4598720577312653312
0.280518 4598724975359164416
0.280762 4598729373405675520
0.281006 4598733771452186624
0.28125 4598738169498697728
0.281494 4598742567545208832
0.281738 4598746965591719936
0.281982 4598751363638231040
0.282227 4598755761684742144
0.282471 4598760159731253248
0.282715 4598764557777764352
0.282959 4598768955824275456
0.283203 4598773353870786560
0.283447 4598777751917297664
0.283691 4598782149963808768
0.283936 4598786548010319872
0.28418 4598790946056830976
0.284424 4598795344103342080
0.284668 4598799742149853184
0.284912 4598804140196364288
0.285156 4598808538242875392
0.2854 4598812936289386496
0.285645 4598817334335897600
0.285889 4598821732382408704
0.286133 4598826130428919808
0.286377 4598830528475430912
0.286621 4598834926521942016
0.286865 4598839324568453120
0.287109 4598843722614964224
0.287354 4598848120661475328
0.287598 4598852518707986432
0.287842 4598856916754497536
0.288086 4598861314801008640
0.28833 4598865712847519744
0.288574 4598870110894030848
0.288818 4598874508940541952
0.289062 4598878906987053056
0.289307 4598883305033564160
0.289551 4598887703080075264
0.289795 4598892101126586368
0.290039 4598896499173097472
0.290283 4598900897219608576
0.290527 4598905295266119680
0.290771 4598909693312630784
0.291016 4598914091359141888
0.29126 4598918489405652992
0.291504 4598922887452164096
0.291748 4598927285498675200
0.291992 4598931683545186304
0.292236 4598936081591697408
0.29248 4598940479638208512
0.292725 4598944877684719616
0.292969 4598949275731230720
0.293213 4598953673777741824
0.293457 4598958071824252928
0.293701 4598962469870764032
0.293945 4598966867917275136
0.294189 4598971265963786240
0.294434 4598975664010297344
0.294678 4598980062056808448
0.294922 4598984460103319552
0.295166 4598988858149830656
0.29541 4598993256196341760
0.295654 4598997654242852864
0.295898 4599002052289363968
0.296143 4599006450335875072
0.296387 4599010848382386176
0.296631 4599015246428897280
0.296875 4599019644475408384
0.297119 4599024042521919488
0.297363 4599028440568430592
0.297607 4599032838614941696
0.297852 4599037236661452800
0.298096 4599041634707963904
0.29834 4599046032754475008
0.298584 4599050430800986112
0.298828 4599054828847497216
0.299072 4599059226894008320
0.299316 4599063624940519424
0.299561 4599068022987030528
0.299805 4599072421033541632
0.300049 4599076819080052736
0.300293 4599081217126563840
0.300537 4599085615173074944
0.300781 4599090013219586048
0.301025 4599094411266097152
0.30127 4599098809312608256
0.301514 4599103207359119360
0.301758 4599107605405630464
0.302002 4599112003452141568
0.302246 4599116401498652672
0.30249 4599120799545163776
0.302734 4599125197591674880
0.302979 4599129595638185984
0.303223 4599133993684697088
0.303467 4599138391731208192
0.303711 4599142789777719296
0.303955 4599147187824230400
0.304199 4599151585870741504
0.304443 4599155983917252608
0.304688 4599160381963763712
0.304932 4599164780010274816
0.305176 4599169178056785920
0.30542 4599173576103297024
0.305664 4599177974149808128
0.305908 4599182372196319232
0.306152 4599186770242830336
0.306396 4599191168289341440
0.306641 4599195566335852544
0.306885 4599199964382363648
0.307129 4599204362428874752
0.307373 4599208760475385856
0.307617 4599213158521896960
0.307861 4599217556568408064
0.308105 4599221954614919168
0.30835 4599226352661430272
0.308594 4599230750707941376
0.308838 4599235148754452480
0.309082 4599239546800963584
0.309326 4599243944847474688
0.30957 4599248342893985792
0.309814 4599252740940496896
0.310059 4599257138987008000
0.310303 4599261537033519104
0.310547 4599265935080030208
0.310791 4599270333126541312
0.311035 4599274731173052416
0.311279 4599279129219563520
0.311523 4599283527266074624
0.311768 4599287925312585728
0.312012 4599292323359096832
0.312256 4599296721405607936
0.3125 4599301119452119040
0.312744 4599305517498630144
0.312988 4599309915545141248
0.313232 4599314313591652352
0.313477 4599318711638163456
0.313721 4599323109684674560
0.313965 4599327507731185664
0.314209 4599331905777696768
0.314453 4599336303824207872
0.314697 4599340701870718976
0.314941 4599345099917230080
0.315186 4599349497963741184
0.31543 4599353896010252288
0.315674 4599358294056763392
0.315918 4599362692103274496
0.316162 4599367090149785600
0.316406 4599371488196296704
0.31665 4599375886242807808
0.316895 4599380284289318912
0.317139 4599384682335830016
0.317383 4599389080382341120
0.317627 4599393478428852224
0.317871 4599397876475363328
0.318115 4599402274521874432
0.318359 4599406672568385536
0.318604 4599411070614896640
0.318848 4599415468661407744
0.319092 4599419866707918848
0.319336 4599424264754429952
0.31958 4599428662800941056
0.319824 4599433060847452160
0.320068 4599437458893963264
0.320312 4599441856940474368
0.320557 4599446254986985472
0.320801 4599450653033496576
0.321045 4599455051080007680
0.321289 4599459449126518784
0.321533 4599463847173029888
0.321777 4599468245219540992
0.322021 4599472643266052096
0.322266 4599477041312563200
0.32251 4599481439359074304
0.322754 4599485837405585408
0.322998 4599490235452096512
0.323242 4599494633498607616
0.323486 4599499031545118720
0.32373 4599503429591629824
0.323975 4599507827638140928
0.324219 4599512225684652032
0.324463 4599516623731163136
0.324707 4599521021777674240
0.324951 4599525419824185344
0.325195 4599529817870696448
0.325439 4599534215917207552
0.325684 4599538613963718656
0.325928 4599543012010229760
0.326172 4599547410056740864
0.326416 4599551808103251968
0.32666 4599556206149763072
0.326904 4599560604196274176
0.327148 4599565002242785280
0.327393 4599569400289296384
0.327637 4599573798335807488
0.327881 4599578196382318592
0.328125 4599582594428829696
0.328369 4599586992475340800
0.328613 4599591390521851904
0.328857 4599595788568363008
0.329102 4599600186614874112
0.329346 4599604584661385216
0.32959 4599608982707896320
0.329834 4599613380754407424
0.330078 4599617778800918528
0.330322 4599622176847429632
0.330566 4599626574893940736
0.330811 4599630972940451840
0.331055 4599635370986962944
0.331299 4599639769033474048
0.331543 4599644167079985152
0.331787 4599648565126496256
0.332031 4599652963173007360
0.332275 4599657361219518464
0.33252 4599661759266029568
0.332764 4599666157312540672
0.333008 4599670555359051776
0.333252 4599674953405562880
0.333496 4599679351452073984
0.33374 4599683749498585088
0.333984 4599688147545096192
0.334229 4599692545591607296
0.334473 4599696943638118400
0.334717 4599701341684629504
0.334961 4599705739731140608
0.335205 4599710137777651712
0.335449 4599714535824162816
0.335693 4599718933870673920
0.335938 4599723331917185024
0.336182 4599727729963696128
0.336426 4599732128010207232
0.33667 4599736526056718336
0.336914 4599740924103229440
0.337158 4599745322149740544
0.337402 4599749720196251648
0.337646 4599754118242762752
0.337891 4599758516289273856
0.338135 4599762914335784960
0.338379 4599767312382296064
0.338623 4599771710428807168
0.338867 4599776108475318272
0.339111 4599780506521829376
0.339355 4599784904568340480
0.3396 4599789302614851584
0.339844 4599793700661362688
0.340088 4599798098707873792
0.340332 4599802496754384896
0.340576 4599806894800896000
0.34082 4599811292847407104
0.341064 4599815690893918208
0.341309 4599820088940429312
0.341553 4599824486986940416
0.341797 4599828885033451520
0.342041 4599833283079962624
0.342285 4599837681126473728
0.342529 4599842079172984832
0.342773 4599846477219495936
0.343018 4599850875266007040
0.343262 4599855273312518144
0.343506 4599859671359029248
0.34375 4599864069405540352
0.343994 4599868467452051456
0.344238 4599872865498562560
0.344482 4599877263545073664
0.344727 4599881661591584768
0.344971 4599886059638095872
0.345215 4599890457684606976
0.345459 4599894855731118080
0.345703 4599899253777629184
0.345947 4599903651824140288
0.346191 4599908049870651392
0.346436 4599912447917162496
0.34668 4599916845963673600
0.346924 4599921244010184704
0.347168 4599925642056695808
0.347412 4599930040103206912
0.347656 4599934438149718016
0.3479 4599938836196229120
0.348145 4599943234242740224
0.348389 4599947632289251328
0.348633 4599952030335762432
0.348877 4599956428382273536
0.349121 4599960826428784640
0.349365 4599965224475295744
0.349609 4599969622521806848
0.349854 4599974020568317952
0.350098 4599978418614829056
0.350342 4599982816661340160
0.350586 4599987214707851264
0.35083 4599991612754362368
0.351074 4599996010800873472
0.351318 4600000408847384576
0.351562 4600004806893895680
0.351807 4600009204940406784
0.352051 4600013602986917888
0.352295 4600018001033428992
0.352539 4600022399079940096
0.352783 4600026797126451200
0.353027 4600031195172962304
0.353271 4600035593219473408
0.353516 4600039991265984512
0.35376 4600044389312495616
0.354004 4600048787359006720
0.354248 4600053185405517824
0.354492 4600057583452028928
0.354736 4600061981498540032
0.35498 4600066379545051136
0.355225 4600070777591562240
0.355469 4600075175638073344
0.355713 4600079573684584448
0.355957 4600083971731095552
0.356201 4600088369777606656
0.356445 4600092767824117760
0.356689 4600097165870628864
0.356934 4600101563917139968
0.357178 4600105961963651072
0.357422 4600110360010162176
0.357666 4600114758056673280
0.35791 4600119156103184384
0.358154 4600123554149695488
0.358398 4600127952196206592
0.358643 4600132350242717696
0.358887 4600136748289228800
0.359131 4600141146335739904
0.359375 4600145544382251008
0.359619 4600149942428762112
0.359863 4600154340475273216
0.360107 4600158738521784320
0.360352 4600163136568295424
0.360596 4600167534614806528
0.36084 4600171932661317632
0.361084 4600176330707828736
0.361328 4600180728754339840
0.361572 4600185126800850944
0.361816 4600189524847362048
0.362061 4600193922893873152
0.362305 4600198320940384256
0.362549 4600202718986895360
0.362793 4600207117033406464
0.363037 4600211515079917568
0.363281 4600215913126428672
0.363525 4600220311172939776
0.36377 4600224709219450880
0.364014 4600229107265961984
0.364258 4600233505312473088
0.364502 4600237903358984192
0.364746 4600242301405495296
0.36499 4600246699452006400
0.365234 4600251097498517504
0.365479 4600255495545028608
0.365723 4600259893591539712
0.365967 4600264291638050816
0.366211 4600268689684561920
0.366455 4600273087731073024
0.366699 4600277485777584128
0.366943 4600281883824095232
0.367188 4600286281870606336
0.367432 4600290679917117440
0.367676 4600295077963628544
0.36792 4600299476010139648
0.368164 4600303874056650752
0.368408 4600308272103161856
0.368652 4600312670149672960
0.368896 4600317068196184064
0.369141 4600321466242695168
0.369385 4600325864289206272
0.369629 4600330262335717376
0.369873 4600334660382228480
0.370117 4600339058428739584
0.370361 4600343456475250688
0.370605 4600347854521761792
0.37085 4600352252568272896
0.371094 4600356650614784000
0.371338 4600361048661295104
0.371582 4600365446707806208
0.371826 4600369844754317312
0.37207 4600374242800828416
0.372314 4600378640847339520
0.372559 4600383038893850624
0.372803 4600387436940361728
0.373047 4600391834986872832
0.373291 4600396233033383936
0.373535 4600400631079895040
0.373779 4600405029126406144
0.374023 4600409427172917248
0.374268 4600413825219428352
0.374512 4600418223265939456
0.374756 4600422621312450560
0.375 4600427019358961664
0.375244 4600431417405472768
0.375488 4600435815451983872
0.375732 4600440213498494976
0.375977 4600444611545006080
0.376221 4600449009591517184
0.376465 4600453407638028288
0.376709 4600457805684539392
0.376953 4600462203731050496
0.377197 4600466601777561600
0.377441 4600470999824072704
0.377686 4600475397870583808
0.37793 4600479795917094912
0.378174 4600484193963606016
0.378418 4600488592010117120
0.378662 4600492990056628224
0.378906 4600497388103139328
0.37915 4600501786149650432
0.379395 4600506184196161536
0.379639 4600510582242672640
0.379883 4600514980289183744
0.380127 4600519378335694848
0.380371 4600523776382205952
0.380615 4600528174428717056
0.380859 4600532572475228160
0.381104 4600536970521739264
0.381348 4600541368568250368
0.381592 4600545766614761472
0.381836 4600550164661272576
0.38208 4600554562707783680
0.382324 4600558960754294784
0.382568 4600563358800805888
0.382812 4600567756847316992
0.383057 4600572154893828096
0.383301 4600576552940339200
0.383545 4600580950986850304
0.383789 4600585349033361408
0.384033 4600589747079872512
0.384277 4600594145126383616
0.384521 4600598543172894720
0.384766 4600602941219405824
0.38501 4600607339265916928
0.385254 4600611737312428032
0.385498 4600616135358939136
0.385742 4600620533405450240
0.385986 4600624931451961344
0.38623 4600629329498472448
0.386475 4600633727544983552
0.386719 4600638125591494656
0.386963 4600642523638005760
0.387207 4600646921684516864
0.387451 4600651319731027968
0.387695 4600655717777539072
0.387939 4600660115824050176
0.388184 4600664513870561280
0.388428 4600668911917072384
0.388672 4600673309963583488
0.388916 4600677708010094592
0.38916 4600682106056605696
0.389404 4600686504103116800
0.389648 4600690902149627904
0.389893 4600695300196139008
0.390137 4600699698242650112
0.390381 4600704096289161216
0.390625 4600708494335672320
0.390869 4600712892382183424
0.391113 4600717290428694528
0.391357 4600721688475205632
0.391602 4600726086521716736
0.391846 4600730484568227840
0.39209 4600734882614738944
0.392334 4600739280661250048
0.392578 4600743678707761152
0.392822 4600748076754272256
0.393066 4600752474800783360
0.393311 4600756872847294464
0.393555 4600761270893805568
0.393799 4600765668940316672
0.394043 4600770066986827776
0.394287 4600774465033338880
0.394531 4600778863079849984
0.394775 4600783261126361088
0.39502 4600787659172872192
0.395264 4600792057219383296
0.395508 4600796455265894400
0.395752 4600800853312405504
0.395996 4600805251358916608
0.39624 4600809649405427712
0.396484 4600814047451938816
0.396729 4600818445498449920
0.396973 4600822843544961024
0.397217 4600827241591472128
0.397461 4600831639637983232
0.397705 4600836037684494336
0.397949 4600840435731005440
0.398193 4600844833777516544
0.398438 4600849231824027648
0.398682 4600853629870538752
0.398926 4600858027917049856
0.39917 4600862425963560960
0.399414 4600866824010072064
0.399658 4600871222056583168
0.399902 4600875620103094272
0.400146 4600880018149605376
0.400391 4600884416196116480
0.400635 4600888814242627584
0.400879 4600893212289138688
0.401123 4600897610335649792
0.401367 4600902008382160896
0.401611 4600906406428672000
0.401855 4600910804475183104
0.4021 4600915202521694208
0.402344 4600919600568205312
0.402588 4600923998614716416
0.402832 4600928396661227520
0.403076 4600932794707738624
0.40332 4600937192754249728
0.403564 4600941590800760832
0.403809 4600945988847271936
0.404053 4600950386893783040
0.404297 4600954784940294144
0.404541 4600959182986805248
0.404785 4600963581033316352
0.405029 4600967979079827456
0.405273 4600972377126338560
0.405518 4600976775172849664
0.405762 4600981173219360768
0.406006 4600985571265871872
0.40625 4600989969312382976
0.406494 4600994367358894080
0.406738 4600998765405405184
0.406982 4601003163451916288
0.407227 4601007561498427392
0.407471 4601011959544938496
0.407715 4601016357591449600
0.407959 4601020755637960704
0.408203 4601025153684471808
0.408447 4601029551730982912
0.408691 4601033949777494016
0.408936 4601038347824005120
0.40918 4601042745870516224
0.409424 4601047143917027328
0.409668 4601051541963538432
0.409912 4601055940010049536
0.410156 4601060338056560640
0.4104 4601064736103071744
0.410645 4601069134149582848
0.410889 4601073532196093952
0.411133 4601077930242605056
0.411377 4601082328289116160
0.411621 4601086726335627264
0.411865 4601091124382138368
0.412109 4601095522428649472
0.412354 4601099920475160576
0.412598 4601104318521671680
0.412842 4601108716568182784
0.413086 4601113114614693888
0.41333 4601117512661204992
0.413574 4601121910707716096
0.413818 4601126308754227200
0.414062 4601130706800738304
0.414307 4601135104847249408
0.414551 4601139502893760512
0.414795 4601143900940271616
0.415039 4601148298986782720
0.415283 4601152697033293824
0.415527 4601157095079804928
0.415771 4601161493126316032
0.416016 4601165891172827136
0.41626 4601170289219338240
0.416504 4601174687265849344
0.416748 4601179085312360448
0.416992 4601183483358871552
0.417236 4601187881405382656
0.41748 4601192279451893760
0.417725 4601196677498404864
0.417969 4601201075544915968
0.418213 4601205473591427072
0.418457 4601209871637938176
0.418701 4601214269684449280
0.418945 4601218667730960384
0.419189 4601223065777471488
0.419434 4601227463823982592
0.419678 4601231861870493696
0.419922 4601236259917004800
0.420166 4601240657963515904
0.42041 4601245056010027008
0.420654 4601249454056538112
0.420898 4601253852103049216
0.421143 4601258250149560320
0.421387 4601262648196071424
0.421631 4601267046242582528
0.421875 4601271444289093632
0.422119 4601275842335604736
0.422363 4601280240382115840
0.422607 4601284638428626944
0.422852 4601289036475138048
0.423096 4601293434521649152
0.42334 4601297832568160256
0.423584 4601302230614671360
0.423828 4601306628661182464
0.424072 4601311026707693568
0.424316 4601315424754204672
0.424561 4601319822800715776
0.424805 4601324220847226880
0.425049 4601328618893737984
0.425293 4601333016940249088
0.425537 4601337414986760192
0.425781 4601341813033271296
0.426025 4601346211079782400
0.42627 4601350609126293504
0.426514 4601355007172804608
0.426758 4601359405219315712
0.427002 4601363803265826816
0.427246 4601368201312337920
0.42749 4601372599358849024
0.427734 4601376997405360128
0.427979 4601381395451871232
0.428223 4601385793498382336
0.428467 4601390191544893440
0.428711 4601394589591404544
0.428955 4601398987637915648
0.429199 4601403385684426752
0.429443 4601407783730937856
0.429688 4601412181777448960
0.429932 4601416579823960064
0.430176 4601420977870471168
0.43042 4601425375916982272
0.430664 4601429773963493376
0.430908 4601434172010004480
0.431152 4601438570056515584
0.431396 4601442968103026688
0.431641 4601447366149537792
0.431885 4601451764196048896
0.432129 4601456162242560000
0.432373 4601460560289071104
0.432617 4601464958335582208
0.432861 4601469356382093312
0.433105 4601473754428604416
0.43335 4601478152475115520
0.433594 4601482550521626624
0.433838 4601486948568137728
0.434082 4601491346614648832
0.434326 4601495744661159936
0.43457 4601500142707671040
0.434814 4601504540754182144
0.435059 4601508938800693248
0.435303 4601513336847204352
0.435547 4601517734893715456
0.435791 4601522132940226560
0.436035 4601526530986737664
0.436279 4601530929033248768
0.436523 4601535327079759872
0.436768 4601539725126270976
0.437012 4601544123172782080
0.437256 4601548521219293184
0.4375 4601552919265804288
0.437744 4601557317312315392
0.437988 4601561715358826496
0.438232 4601566113405337600
0.438477 4601570511451848704
0.438721 4601574909498359808
0.438965 4601579307544870912
0.439209 4601583705591382016
0.439453 4601588103637893120
0.439697 4601592501684404224
0.439941 4601596899730915328
0.440186 4601601297777426432
0.44043 4601605695823937536
0.440674 4601610093870448640
0.440918 4601614491916959744
0.441162 4601618889963470848
0.441406 4601623288009981952
0.44165 4601627686056493056
0.441895 4601632084103004160
0.442139 4601636482149515264
0.442383 4601640880196026368
0.442627 4601645278242537472
0.442871 4601649676289048576
0.443115 4601654074335559680
0.443359 4601658472382070784
0.443604 4601662870428581888
0.443848 4601667268475092992
0.444092 4601671666521604096
0.444336 4601676064568115200
0.44458 4601680462614626304
0.444824 4601684860661137408
0.445068 4601689258707648512
0.445312 4601693656754159616
0.445557 4601698054800670720
0.445801 4601702452847181824
0.446045 4601706850893692928
0.446289 4601711248940204032
0.446533 4601715646986715136
0.446777 4601720045033226240
0.447021 4601724443079737344
0.447266 4601728841126248448
0.44751 4601733239172759552
0.447754 4601737637219270656
0.447998 4601742035265781760
0.448242 4601746433312292864
0.448486 4601750831358803968
0.44873 4601755229405315072
0.448975 4601759627451826176
0.449219 4601764025498337280
0.449463 4601768423544848384
0.449707 4601772821591359488
0.449951 4601777219637870592
0.450195 4601781617684381696
0.450439 4601786015730892800
0.450684 4601790413777403904
0.450928 4601794811823915008
0.451172 4601799209870426112
0.451416 4601803607916937216
0.45166 4601808005963448320
0.451904 4601812404009959424
0.452148 4601816802056470528
0.452393 4601821200102981632
0.452637 4601825598149492736
0.452881 4601829996196003840
0.453125 4601834394242514944
0.453369 4601838792289026048
0.453613 4601843190335537152
0.453857 4601847588382048256
0.454102 4601851986428559360
0.454346 4601856384475070464
0.45459 4601860782521581568
0.454834 4601865180568092672
0.455078 4601869578614603776
0.455322 4601873976661114880
0.455566 4601878374707625984
0.455811 4601882772754137088
0.456055 4601887170800648192
0.456299 4601891568847159296
0.456543 4601895966893670400
0.456787 4601900364940181504
0.457031 4601904762986692608
0.457275 4601909161033203712
0.45752 4601913559079714816
0.457764 4601917957126225920
0.458008 4601922355172737024
0.458252 4601926753219248128
0.458496 4601931151265759232
0.45874 4601935549312270336
0.458984 4601939947358781440
0.459229 4601944345405292544
0.459473 4601948743451803648
0.459717 4601953141498314752
0.459961 4601957539544825856
0.460205 4601961937591336960
0.460449 4601966335637848064
0.460693 4601970733684359168
0.460938 4601975131730870272
0.461182 4601979529777381376
0.461426 4601983927823892480
0.46167 4601988325870403584
0.461914 4601992723916914688
0.462158 4601997121963425792
0.462402 4602001520009936896
0.462646 4602005918056448000
0.462891 4602010316102959104
0.463135 4602014714149470208
0.463379 4602019112195981312
0.463623 4602023510242492416
0.463867 4602027908289003520
0.464111 4602032306335514624
0.464355 4602036704382025728
0.4646 4602041102428536832
0.464844 4602045500475047936
0.465088 4602049898521559040
0.465332 4602054296568070144
0.465576 4602058694614581248
0.46582 4602063092661092352
0.466064 4602067490707603456
0.466309 4602071888754114560
0.466553 4602076286800625664
0.466797 4602080684847136768
0.467041 4602085082893647872
0.467285 4602089480940158976
0.467529 4602093878986670080
0.467773 4602098277033181184
0.468018 4602102675079692288
0.468262 4602107073126203392
0.468506 4602111471172714496
0.46875 4602115869219225600
0.468994 4602120267265736704
0.469238 4602124665312247808
0.469482 4602129063358758912
0.469727 4602133461405270016
0.469971 4602137859451781120
0.470215 4602142257498292224
0.470459 4602146655544803328
0.470703 4602151053591314432
0.470947 4602155451637825536
0.471191 4602159849684336640
0.471436 4602164247730847744
0.47168 4602168645777358848
0.471924 4602173043823869952
0.472168 4602177441870381056
0.472412 4602181839916892160
0.472656 4602186237963403264
0.4729 4602190636009914368
0.473145 4602195034056425472
0.473389 4602199432102936576
0.473633 4602203830149447680
0.473877 4602208228195958784
0.474121 4602212626242469888
0.474365 4602217024288980992
0.474609 4602221422335492096
0.474854 4602225820382003200
0.475098 4602230218428514304
0.475342 4602234616475025408
0.475586 4602239014521536512
0.47583 4602243412568047616
0.476074 4602247810614558720
0.476318 4602252208661069824
0.476562 4602256606707580928
0.476807 4602261004754092032
0.477051 4602265402800603136
0.477295 4602269800847114240
0.477539 4602274198893625344
0.477783 4602278596940136448
0.478027 4602282994986647552
0.478271 4602287393033158656
0.478516 4602291791079669760
0.47876 4602296189126180864
0.479004 4602300587172691968
0.479248 4602304985219203072
0.479492 4602309383265714176
0.479736 4602313781312225280
0.47998 4602318179358736384
0.480225 4602322577405247488
0.480469 4602326975451758592
0.480713 4602331373498269696
0.480957 4602335771544780800
0.481201 4602340169591291904
0.481445 4602344567637803008
0.481689 4602348965684314112
0.481934 4602353363730825216
0.482178 4602357761777336320
0.482422 4602362159823847424
0.482666 4602366557870358528
0.48291 4602370955916869632
0.483154 4602375353963380736
0.483398 4602379752009891840
0.483643 4602384150056402944
0.483887 4602388548102914048
0.484131 4602392946149425152
0.484375 4602397344195936256
0.484619 4602401742242447360
0.484863 4602406140288958464
0.485107 4602410538335469568
0.485352 4602414936381980672
0.485596 4602419334428491776
0.48584 4602423732475002880
0.486084 4602428130521513984
0.486328 4602432528568025088
0.486572 4602436926614536192
0.486816 4602441324661047296
0.487061 4602445722707558400
0.487305 4602450120754069504
0.487549 4602454518800580608
0.487793 4602458916847091712
0.488037 4602463314893602816
0.488281 4602467712940113920
0.488525 4602472110986625024
0.48877 4602476509033136128
0.489014 4602480907079647232
0.489258 4602485305126158336
0.489502 4602489703172669440
0.489746 4602494101219180544
0.48999 4602498499265691648
0.490234 4602502897312202752
0.490479 4602507295358713856
0.490723 4602511693405224960
0.490967 4602516091451736064
0.491211 4602520489498247168
0.491455 4602524887544758272
0.491699 4602529285591269376
0.491943 4602533683637780480
0.492188 4602538081684291584
0.492432 4602542479730802688
0.492676 4602546877777313792
0.49292 4602551275823824896
0.493164 4602555673870336000
0.493408 4602560071916847104
0.493652 4602564469963358208
0.493896 4602568868009869312
0.494141 4602573266056380416
0.494385 4602577664102891520
0.494629 4602582062149402624
0.494873 4602586460195913728
0.495117 4602590858242424832
0.495361 4602595256288935936
0.495605 4602599654335447040
0.49585 4602604052381958144
0.496094 4602608450428469248
0.496338 4602612848474980352
0.496582 4602617246521491456
0.496826 4602621644568002560
0.49707 4602626042614513664
0.497314 4602630440661024768
0.497559 4602634838707535872
0.497803 4602639236754046976
0.498047 4602643634800558080
0.498291 4602648032847069184
0.498535 4602652430893580288
0.498779 4602656828940091392
0.499023 4602661226986602496
0.499268 4602665625033113600
0.499512 4602670023079624704
0.499756 4602674421126135808
0.5 4602678819172646912
0.500488 4602683217219158016
0.500977 4602687615265669120
0.501465 4602692013312180224
0.501953 4602696411358691328
0.502441 4602700809405202432
0.50293 4602705207451713536
0.503418 4602709605498224640
0.503906 4602714003544735744
0.504395 4602718401591246848
0.504883 4602722799637757952
0.505371 4602727197684269056
0.505859 4602731595730780160
0.506348 4602735993777291264
0.506836 4602740391823802368
0.507324 4602744789870313472
0.507812 4602749187916824576
0.508301 4602753585963335680
0.508789 4602757984009846784
0.509277 4602762382056357888
0.509766 4602766780102868992
0.510254 4602771178149380096
0.510742 4602775576195891200
0.51123 4602779974242402304
0.511719 4602784372288913408
0.512207 4602788770335424512
0.512695 4602793168381935616
0.513184 4602797566428446720
0.513672 4602801964474957824
0.51416 4602806362521468928
0.514648 4602810760567980032
0.515137 4602815158614491136
0.515625 4602819556661002240
0.516113 4602823954707513344
0.516602 4602828352754024448
0.51709 4602832750800535552
0.517578 4602837148847046656
0.518066 4602841546893557760
0.518555 4602845944940068864
0.519043 4602850342986579968
0.519531 4602854741033091072
0.52002 4602859139079602176
0.520508 4602863537126113280
0.520996 4602867935172624384
0.521484 4602872333219135488
0.521973 4602876731265646592
0.522461 4602881129312157696
0.522949 4602885527358668800
0.523438 4602889925405179904
0.523926 4602894323451691008
0.524414 4602898721498202112
0.524902 4602903119544713216
0.525391 4602907517591224320
0.525879 4602911915637735424
0.526367 4602916313684246528
0.526855 4602920711730757632
0.527344 4602925109777268736
0.527832 4602929507823779840
0.52832 4602933905870290944
0.528809 4602938303916802048
0.529297 4602942701963313152
0.529785 4602947100009824256
0.530273 4602951498056335360
0.530762 4602955896102846464
0.53125 4602960294149357568
0.531738 4602964692195868672
0.532227 4602969090242379776
0.532715 4602973488288890880
0.533203 4602977886335401984
0.533691 4602982284381913088
0.53418 4602986682428424192
0.534668 4602991080474935296
0.535156 4602995478521446400
0.535645 4602999876567957504
0.536133 4603004274614468608
0.536621 4603008672660979712
0.537109 4603013070707490816
0.537598 4603017468754001920
0.538086 4603021866800513024
0.538574 4603026264847024128
0.539062 4603030662893535232
0.539551 4603035060940046336
0.540039 4603039458986557440
0.540527 4603043857033068544
0.541016 4603048255079579648
0.541504 4603052653126090752
0.541992 4603057051172601856
0.54248 4603061449219112960
0.542969 4603065847265624064
0.543457 4603070245312135168
0.543945 4603074643358646272
0.544434 4603079041405157376
0.544922 4603083439451668480
0.54541 4603087837498179584
0.545898 4603092235544690688
0.546387 4603096633591201792
0.546875 4603101031637712896
0.547363 4603105429684224000
0.547852 4603109827730735104
0.54834 4603114225777246208
0.548828 4603118623823757312
0.549316 4603123021870268416
0.549805 4603127419916779520
0.550293 4603131817963290624
0.550781 4603136216009801728
0.55127 4603140614056312832
0.551758 4603145012102823936
0.552246 4603149410149335040
0.552734 4603153808195846144
0.553223 4603158206242357248
0.553711 4603162604288868352
0.554199 4603167002335379456
0.554688 4603171400381890560
0.555176 4603175798428401664
0.555664 4603180196474912768
0.556152 4603184594521423872
0.556641 4603188992567934976
0.557129 4603193390614446080
0.557617 4603197788660957184
0.558105 4603202186707468288
0.558594 4603206584753979392
0.559082 4603210982800490496
0.55957 4603215380847001600
0.560059 4603219778893512704
0.560547 4603224176940023808
0.561035 4603228574986534912
0.561523 4603232973033046016
0.562012 4603237371079557120
0.5625 4603241769126068224
0.562988 4603246167172579328
0.563477 4603250565219090432
0.563965 4603254963265601536
0.564453 4603259361312112640
0.564941 4603263759358623744
0.56543 4603268157405134848
0.565918 4603272555451645952
0.566406 4603276953498157056
0.566895 4603281351544668160
0.567383 4603285749591179264
0.567871 4603290147637690368
0.568359 4603294545684201472
0.568848 4603298943730712576
0.569336 4603303341777223680
0.569824 4603307739823734784
0.570312 4603312137870245888
0.570801 4603316535916756992
0.571289 4603320933963268096
0.571777 4603325332009779200
0.572266 4603329730056290304
0.572754 4603334128102801408
0.573242 4603338526149312512
0.57373 4603342924195823616
0.574219 4603347322242334720
0.574707 4603351720288845824
0.575195 4603356118335356928
0.575684 4603360516381868032
0.576172 4603364914428379136
0.57666 4603369312474890240
0.577148 4603373710521401344
0.577637 4603378108567912448
0.578125 4603382506614423552
0.578613 4603386904660934656
0.579102 4603391302707445760
0.57959 4603395700753956864
0.580078 4603400098800467968
0.580566 4603404496846979072
0.581055 4603408894893490176
0.581543 4603413292940001280
0.582031 4603417690986512384
0.58252 4603422089033023488
0.583008 4603426487079534592
0.583496 4603430885126045696
0.583984 4603435283172556800
0.584473 4603439681219067904
0.584961 4603444079265579008
0.585449 4603448477312090112
0.585938 4603452875358601216
0.586426 4603457273405112320
0.586914 4603461671451623424
0.587402 4603466069498134528
0.587891 4603470467544645632
0.588379 4603474865591156736
0.588867 4603479263637667840
0.589355 4603483661684178944
0.589844 4603488059730690048
0.590332 4603492457777201152
0.59082 4603496855823712256
0.591309 4603501253870223360
0.591797 4603505651916734464
0.592285 4603510049963245568
0.592773 4603514448009756672
0.593262 4603518846056267776
0.59375 4603523244102778880
0.594238 4603527642149289984
0.594727 4603532040195801088
0.595215 4603536438242312192
0.595703 4603540836288823296
0.596191 4603545234335334400
0.59668 4603549632381845504
0.597168 4603554030428356608
0.597656 4603558428474867712
0.598145 4603562826521378816
0.598633 4603567224567889920
0.599121 4603571622614401024
0.599609 4603576020660912128
0.600098 4603580418707423232
0.600586 4603584816753934336
0.601074 4603589214800445440
0.601562 4603593612846956544
0.602051 4603598010893467648
0.602539 4603602408939978752
0.603027 4603606806986489856
0.603516 4603611205033000960
0.604004 4603615603079512064
0.604492 4603620001126023168
0.60498 4603624399172534272
0.605469 4603628797219045376
0.605957 4603633195265556480
0.606445 4603637593312067584
0.606934 4603641991358578688
0.607422 4603646389405089792
0.60791 4603650787451600896
0.608398 4603655185498112000
0.608887 4603659583544623104
0.609375 4603663981591134208
0.609863 4603668379637645312
0.610352 4603672777684156416
0.61084 4603677175730667520
0.611328 4603681573777178624
0.611816 4603685971823689728
0.612305 4603690369870200832
0.612793 4603694767916711936
0.613281 4603699165963223040
0.61377 4603703564009734144
0.614258 4603707962056245248
0.614746 4603712360102756352
0.615234 4603716758149267456
0.615723 4603721156195778560
0.616211 4603725554242289664
0.616699 4603729952288800768
0.617188 4603734350335311872
0.617676 4603738748381822976
0.618164 4603743146428334080
0.618652 4603747544474845184
0.619141 4603751942521356288
0.619629 4603756340567867392
0.620117 4603760738614378496
0.620605 4603765136660889600
0.621094 4603769534707400704
0.621582 4603773932753911808
0.62207 4603778330800422912
0.622559 4603782728846934016
0.623047 4603787126893445120
0.623535 4603791524939956224
0.624023 4603795922986467328
0.624512 4603800321032978432
0.625 4603804719079489536
0.625488 4603809117126000640
0.625977 4603813515172511744
0.626465 4603817913219022848
0.626953 4603822311265533952
0.627441 4603826709312045056
0.62793 4603831107358556160
0.628418 4603835505405067264
0.628906 4603839903451578368
0.629395 4603844301498089472
0.629883 4603848699544600576
0.630371 4603853097591111680
0.630859 4603857495637622784
0.631348 4603861893684133888
0.631836 4603866291730644992
0.632324 4603870689777156096
0.632812 4603875087823667200
0.633301 4603879485870178304
0.633789 4603883883916689408
0.634277 4603888281963200512
0.634766 4603892680009711616
0.635254 4603897078056222720
0.635742 4603901476102733824
0.63623 4603905874149244928
0.636719 4603910272195756032
0.637207 4603914670242267136
0.637695 4603919068288778240
0.638184 4603923466335289344
0.638672 4603927864381800448
0.63916 4603932262428311552
0.639648 4603936660474822656
0.640137 4603941058521333760
0.640625 4603945456567844864
0.641113 4603949854614355968
0.641602 4603954252660867072
0.64209 4603958650707378176
0.642578 4603963048753889280
0.643066 4603967446800400384
0.643555 4603971844846911488
0.644043 4603976242893422592
0.644531 4603980640939933696
0.64502 4603985038986444800
0.645508 4603989437032955904
0.645996 4603993835079467008
0.646484 4603998233125978112
0.646973 4604002631172489216
0.647461 4604007029219000320
0.647949 4604011427265511424
0.648438 4604015825312022528
0.648926 4604020223358533632
0.649414 4604024621405044736
0.649902 4604029019451555840
0.650391 4604033417498066944
0.650879 4604037815544578048
0.651367 4604042213591089152
0.651855 4604046611637600256
0.652344 4604051009684111360
0.652832 4604055407730622464
0.65332 4604059805777133568
0.653809 4604064203823644672
0.654297 4604068601870155776
0.654785 4604072999916666880
0.655273 4604077397963177984
0.655762 4604081796009689088
0.65625 4604086194056200192
0.656738 4604090592102711296
0.657227 4604094990149222400
0.657715 4604099388195733504
0.658203 4604103786242244608
0.658691 4604108184288755712
0.65918 4604112582335266816
0.659668 4604116980381777920
0.660156 4604121378428289024
0.660645 4604125776474800128
0.661133 4604130174521311232
0.661621 4604134572567822336
0.662109 4604138970614333440
0.662598 4604143368660844544
0.663086 4604147766707355648
0.663574 4604152164753866752
0.664062 4604156562800377856
0.664551 4604160960846888960
0.665039 4604165358893400064
0.665527 4604169756939911168
0.666016 4604174154986422272
0.666504 4604178553032933376
0.666992 4604182951079444480
0.66748 4604187349125955584
0.667969 4604191747172466688
0.668457 4604196145218977792
0.668945 4604200543265488896
0.669434 4604204941312000000
0.669922 4604209339358511104
0.67041 4604213737405022208
0.670898 4604218135451533312
0.671387 4604222533498044416
0.671875 4604226931544555520
0.672363 4604231329591066624
0.672852 4604235727637577728
0.67334 4604240125684088832
0.673828 4604244523730599936
0.674316 4604248921777111040
0.674805 4604253319823622144
0.675293 4604257717870133248
0.675781 4604262115916644352
0.67627 4604266513963155456
0.676758 4604270912009666560
0.677246 4604275310056177664
0.677734 4604279708102688768
0.678223 4604284106149199872
0.678711 4604288504195710976
0.679199 4604292902242222080
0.679688 4604297300288733184
0.680176 4604301698335244288
0.680664 4604306096381755392
0.681152 4604310494428266496
0.681641 4604314892474777600
0.682129 4604319290521288704
0.682617 4604323688567799808
0.683105 4604328086614310912
0.683594 4604332484660822016
0.684082 4604336882707333120
0.68457 4604341280753844224
0.685059 4604345678800355328
0.685547 4604350076846866432
0.686035 4604354474893377536
0.686523 4604358872939888640
0.687012 4604363270986399744
0.6875 4604367669032910848
0.687988 4604372067079421952
0.688477 4604376465125933056
0.688965 4604380863172444160
0.689453 4604385261218955264
0.689941 4604389659265466368
0.69043 4604394057311977472
0.690918 4604398455358488576
0.691406 4604402853404999680
0.691895 4604407251451510784
0.692383 4604411649498021888
0.692871 4604416047544532992
0.693359 4604420445591044096
0.693848 4604424843637555200
0.694336 4604429241684066304
0.694824 4604433639730577408
0.695312 4604438037777088512
0.695801 4604442435823599616
0.696289 4604446833870110720
0.696777 4604451231916621824
0.697266 4604455629963132928
0.697754 4604460028009644032
0.698242 4604464426056155136
0.69873 4604468824102666240
0.699219 4604473222149177344
0.699707 4604477620195688448
0.700195 4604482018242199552
0.700684 4604486416288710656
0.701172 4604490814335221760
0.70166 4604495212381732864
0.702148 4604499610428243968
0.702637 4604504008474755072
0.703125 4604508406521266176
0.703613 4604512804567777280
0.704102 4604517202614288384
0.70459 4604521600660799488
0.705078 4604525998707310592
0.705566 4604530396753821696
0.706055 4604534794800332800
0.706543 4604539192846843904
0.707031 4604543590893355008
0.70752 4604547988939866112
0.708008 4604552386986377216
0.708496 4604556785032888320
0.708984 4604561183079399424
0.709473 4604565581125910528
0.709961 4604569979172421632
0.710449 4604574377218932736
0.710938 4604578775265443840
0.711426 4604583173311954944
0.711914 4604587571358466048
0.712402 4604591969404977152
0.712891 4604596367451488256
0.713379 4604600765497999360
0.713867 4604605163544510464
0.714355 4604609561591021568
0.714844 4604613959637532672
0.715332 4604618357684043776
0.71582 4604622755730554880
0.716309 4604627153777065984
0.716797 4604631551823577088
0.717285 4604635949870088192
0.717773 4604640347916599296
0.718262 4604644745963110400
0.71875 4604649144009621504
0.719238 4604653542056132608
0.719727 4604657940102643712
0.720215 4604662338149154816
0.720703 4604666736195665920
0.721191 4604671134242177024
0.72168 4604675532288688128
0.722168 4604679930335199232
0.722656 4604684328381710336
0.723145 4604688726428221440
0.723633 4604693124474732544
0.724121 4604697522521243648
0.724609 4604701920567754752
0.725098 4604706318614265856
0.725586 4604710716660776960
0.726074 4604715114707288064
0.726562 4604719512753799168
0.727051 4604723910800310272
0.727539 4604728308846821376
0.728027 4604732706893332480
0.728516 4604737104939843584
0.729004 4604741502986354688
0.729492 4604745901032865792
0.72998 4604750299079376896
0.730469 4604754697125888000
0.730957 4604759095172399104
0.731445 4604763493218910208
0.731934 4604767891265421312
0.732422 4604772289311932416
0.73291 4604776687358443520
0.733398 4604781085404954624
0.733887 4604785483451465728
0.734375 4604789881497976832
0.734863 4604794279544487936
0.735352 4604798677590999040
0.73584 4604803075637510144
0.736328 4604807473684021248
0.736816 4604811871730532352
0.737305 4604816269777043456
0.737793 4604820667823554560
0.738281 4604825065870065664
0.73877 4604829463916576768
0.739258 4604833861963087872
0.739746 4604838260009598976
0.740234 4604842658056110080
0.740723 4604847056102621184
0.741211 4604851454149132288
0.741699 4604855852195643392
0.742188 4604860250242154496
0.742676 4604864648288665600
0.743164 4604869046335176704
0.743652 4604873444381687808
0.744141 4604877842428198912
0.744629 4604882240474710016
0.745117 4604886638521221120
0.745605 4604891036567732224
0.746094 4604895434614243328
0.746582 4604899832660754432
0.74707 4604904230707265536
0.747559 4604908628753776640
0.748047 4604913026800287744
0.748535 4604917424846798848
0.749023 4604921822893309952
0.749512 4604926220939821056
0.75 4604930618986332160
0.750488 4604935017032843264
0.750977 4604939415079354368
0.751465 4604943813125865472
0.751953 4604948211172376576
0.752441 4604952609218887680
0.75293 4604957007265398784
0.753418 4604961405311909888
0.753906 4604965803358420992
0.754395 4604970201404932096
0.754883 4604974599451443200
0.755371 4604978997497954304
0.755859 4604983395544465408
0.756348 4604987793590976512
0.756836 4604992191637487616
0.757324 4604996589683998720
0.757812 4605000987730509824
0.758301 4605005385777020928
0.758789 4605009783823532032
0.759277 4605014181870043136
0.759766 4605018579916554240
0.760254 4605022977963065344
0.760742 4605027376009576448
0.76123 4605031774056087552
0.761719 4605036172102598656
0.762207 4605040570149109760
0.762695 4605044968195620864
0.763184 4605049366242131968
0.763672 4605053764288643072
0.76416 4605058162335154176
0.764648 4605062560381665280
0.765137 4605066958428176384
0.765625 4605071356474687488
0.766113 4605075754521198592
0.766602 4605080152567709696
0.76709 4605084550614220800
0.767578 4605088948660731904
0.768066 4605093346707243008
0.768555 4605097744753754112
0.769043 4605102142800265216
0.769531 4605106540846776320
0.77002 4605110938893287424
0.770508 4605115336939798528
0.770996 4605119734986309632
0.771484 4605124133032820736
0.771973 4605128531079331840
0.772461 4605132929125842944
0.772949 4605137327172354048
0.773438 4605141725218865152
0.773926 4605146123265376256
0.774414 4605150521311887360
0.774902 4605154919358398464
0.775391 4605159317404909568
0.775879 4605163715451420672
0.776367 4605168113497931776
0.776855 4605172511544442880
0.777344 4605176909590953984
0.777832 4605181307637465088
0.77832 4605185705683976192
0.778809 4605190103730487296
0.779297 4605194501776998400
0.779785 4605198899823509504
0.780273 4605203297870020608
0.780762 4605207695916531712
0.78125 4605212093963042816
0.781738 4605216492009553920
0.782227 4605220890056065024
0.782715 4605225288102576128
0.783203 4605229686149087232
0.783691 4605234084195598336
0.78418 4605238482242109440
0.784668 4605242880288620544
0.785156 4605247278335131648
0.785645 4605251676381642752
0.786133 4605256074428153856
0.786621 4605260472474664960
0.787109 4605264870521176064
0.787598 4605269268567687168
0.788086 4605273666614198272
0.788574 4605278064660709376
0.789062 4605282462707220480
0.789551 4605286860753731584
0.790039 4605291258800242688
0.790527 4605295656846753792
0.791016 4605300054893264896
0.791504 4605304452939776000
0.791992 4605308850986287104
0.79248 4605313249032798208
0.792969 4605317647079309312
0.793457 4605322045125820416
0.793945 4605326443172331520
0.794434 4605330841218842624
0.794922 4605335239265353728
0.79541 4605339637311864832
0.795898 4605344035358375936
0.796387 4605348433404887040
0.796875 4605352831451398144
0.797363 4605357229497909248
0.797852 4605361627544420352
0.79834 4605366025590931456
0.798828 4605370423637442560
0.799316 4605374821683953664
0.799805 4605379219730464768
0.800293 4605383617776975872
0.800781 4605388015823486976
0.80127 4605392413869998080
0.801758 4605396811916509184
0.802246 4605401209963020288
0.802734 4605405608009531392
0.803223 4605410006056042496
0.803711 4605414404102553600
0.804199 4605418802149064704
0.804688 4605423200195575808
0.805176 4605427598242086912
0.805664 4605431996288598016
0.806152 4605436394335109120
0.806641 4605440792381620224
0.807129 4605445190428131328
0.807617 4605449588474642432
0.808105 4605453986521153536
0.808594 4605458384567664640
0.809082 4605462782614175744
0.80957 4605467180660686848
0.810059 4605471578707197952
0.810547 4605475976753709056
0.811035 4605480374800220160
0.811523 4605484772846731264
0.812012 4605489170893242368
0.8125 4605493568939753472
0.812988 4605497966986264576
0.813477 4605502365032775680
0.813965 4605506763079286784
0.814453 4605511161125797888
0.814941 4605515559172308992
0.81543 4605519957218820096
0.815918 4605524355265331200
0.816406 4605528753311842304
0.816895 4605533151358353408
0.817383 4605537549404864512
0.817871 4605541947451375616
0.818359 4605546345497886720
0.818848 4605550743544397824
0.819336 4605555141590908928
0.819824 4605559539637420032
0.820312 4605563937683931136
0.820801 4605568335730442240
0.821289 4605572733776953344
0.821777 4605577131823464448
0.822266 4605581529869975552
0.822754 4605585927916486656
0.823242 4605590325962997760
0.82373 4605594724009508864
0.824219 4605599122056019968
0.824707 4605603520102531072
0.825195 4605607918149042176
0.825684 4605612316195553280
0.826172 4605616714242064384
0.82666 4605621112288575488
0.827148 4605625510335086592
0.827637 4605629908381597696
0.828125 4605634306428108800
0.828613 4605638704474619904
0.829102 4605643102521131008
0.82959 4605647500567642112
0.830078 4605651898614153216
0.830566 4605656296660664320
0.831055 4605660694707175424
0.831543 4605665092753686528
0.832031 4605669490800197632
0.83252 4605673888846708736
0.833008 4605678286893219840
0.833496 4605682684939730944
0.833984 4605687082986242048
0.834473 4605691481032753152
0.834961 4605695879079264256
0.835449 4605700277125775360
0.835938 4605704675172286464
0.836426 4605709073218797568
0.836914 4605713471265308672
0.837402 4605717869311819776
0.837891 4605722267358330880
0.838379 4605726665404841984
0.838867 4605731063451353088
0.839355 4605735461497864192
0.839844 4605739859544375296
0.840332 4605744257590886400
0.84082 4605748655637397504
0.841309 4605753053683908608
0.841797 4605757451730419712
0.842285 4605761849776930816
0.842773 4605766247823441920
0.843262 4605770645869953024
0.84375 4605775043916464128
0.844238 4605779441962975232
0.844727 4605783840009486336
0.845215 4605788238055997440
0.845703 4605792636102508544
0.846191 4605797034149019648
0.84668 4605801432195530752
0.847168 4605805830242041856
0.847656 4605810228288552960
0.848145 4605814626335064064
0.848633 4605819024381575168
0.849121 4605823422428086272
0.849609 4605827820474597376
0.850098 4605832218521108480
0.850586 4605836616567619584
0.851074 4605841014614130688
0.851562 4605845412660641792
0.852051 4605849810707152896
0.852539 4605854208753664000
0.853027 4605858606800175104
0.853516 4605863004846686208
0.854004 4605867402893197312
0.854492 4605871800939708416
0.85498 4605876198986219520
0.855469 4605880597032730624
0.855957 4605884995079241728
0.856445 4605889393125752832
0.856934 4605893791172263936
0.857422 4605898189218775040
0.85791 4605902587265286144
0.858398 4605906985311797248
0.858887 4605911383358308352
0.859375 4605915781404819456
0.859863 4605920179451330560
0.860352 4605924577497841664
0.86084 4605928975544352768
0.861328 4605933373590863872
0.861816 4605937771637374976
0.862305 4605942169683886080
0.862793 4605946567730397184
0.863281 4605950965776908288
0.86377 4605955363823419392
0.864258 4605959761869930496
0.864746 4605964159916441600
0.865234 4605968557962952704
0.865723 4605972956009463808
0.866211 4605977354055974912
0.866699 4605981752102486016
0.867188 4605986150148997120
0.867676 4605990548195508224
0.868164 4605994946242019328
0.868652 4605999344288530432
0.869141 4606003742335041536
0.869629 4606008140381552640
0.870117 4606012538428063744
0.870605 4606016936474574848
0.871094 4606021334521085952
0.871582 4606025732567597056
0.87207 4606030130614108160
0.872559 4606034528660619264
0.873047 4606038926707130368
0.873535 4606043324753641472
0.874023 4606047722800152576
0.874512 4606052120846663680
0.875 4606056518893174784
0.875488 4606060916939685888
0.875977 4606065314986196992
0.876465 4606069713032708096
0.876953 4606074111079219200
0.877441 4606078509125730304
0.87793 4606082907172241408
0.878418 4606087305218752512
0.878906 4606091703265263616
0.879395 4606096101311774720
0.879883 4606100499358285824
0.880371 4606104897404796928
0.880859 4606109295451308032
0.881348 4606113693497819136
0.881836 4606118091544330240
0.882324 4606122489590841344
0.882812 4606126887637352448
0.883301 4606131285683863552
0.883789 4606135683730374656
0.884277 4606140081776885760
0.884766 4606144479823396864
0.885254 4606148877869907968
0.885742 4606153275916419072
0.88623 4606157673962930176
0.886719 4606162072009441280
0.887207 4606166470055952384
0.887695 4606170868102463488
0.888184 4606175266148974592
0.888672 4606179664195485696
0.88916 4606184062241996800
0.889648 4606188460288507904
0.890137 4606192858335019008
0.890625 4606197256381530112
0.891113 4606201654428041216
0.891602 4606206052474552320
0.89209 4606210450521063424
0.892578 4606214848567574528
0.893066 4606219246614085632
0.893555 4606223644660596736
0.894043 4606228042707107840
0.894531 4606232440753618944
0.89502 4606236838800130048
0.895508 4606241236846641152
0.895996 4606245634893152256
0.896484 4606250032939663360
0.896973 4606254430986174464
0.897461 4606258829032685568
0.897949 4606263227079196672
0.898438 4606267625125707776
0.898926 4606272023172218880
0.899414 4606276421218729984
0.899902 4606280819265241088
0.900391 4606285217311752192
0.900879 4606289615358263296
0.901367 4606294013404774400
0.901855 4606298411451285504
0.902344 4606302809497796608
0.902832 4606307207544307712
0.90332 4606311605590818816
0.903809 4606316003637329920
0.904297 4606320401683841024
0.904785 4606324799730352128
0.905273 4606329197776863232
0.905762 4606333595823374336
0.90625 4606337993869885440
0.906738 4606342391916396544
0.907227 4606346789962907648
0.907715 4606351188009418752
0.908203 4606355586055929856
0.908691 4606359984102440960
0.90918 4606364382148952064
0.909668 4606368780195463168
0.910156 4606373178241974272
0.910645 4606377576288485376
0.911133 4606381974334996480
0.911621 4606386372381507584
0.912109 4606390770428018688
0.912598 4606395168474529792
0.913086 4606399566521040896
0.913574 4606403964567552000
0.914062 4606408362614063104
0.914551 4606412760660574208
0.915039 4606417158707085312
0.915527 4606421556753596416
0.916016 4606425954800107520
0.916504 4606430352846618624
0.916992 4606434750893129728
0.91748 4606439148939640832
0.917969 4606443546986151936
0.918457 4606447945032663040
0.918945 4606452343079174144
0.919434 4606456741125685248
0.919922 4606461139172196352
0.92041 4606465537218707456
0.920898 4606469935265218560
0.921387 4606474333311729664
0.921875 4606478731358240768
0.922363 4606483129404751872
0.922852 4606487527451262976
0.92334 4606491925497774080
0.923828 4606496323544285184
0.924316 4606500721590796288
0.924805 4606505119637307392
0.925293 4606509517683818496
0.925781 4606513915730329600
0.92627 4606518313776840704
0.926758 4606522711823351808
0.927246 4606527109869862912
0.927734 4606531507916374016
0.928223 4606535905962885120
0.928711 4606540304009396224
0.929199 4606544702055907328
0.929688 4606549100102418432
0.930176 4606553498148929536
0.930664 4606557896195440640
0.931152 4606562294241951744
0.931641 4606566692288462848
0.932129 4606571090334973952
0.932617 4606575488381485056
0.933105 4606579886427996160
0.933594 4606584284474507264
0.934082 4606588682521018368
0.93457 4606593080567529472
0.935059 4606597478614040576
0.935547 4606601876660551680
0.936035 4606606274707062784
0.936523 4606610672753573888
0.937012 4606615070800084992
0.9375 4606619468846596096
0.937988 4606623866893107200
0.938477 4606628264939618304
0.938965 4606632662986129408
0.939453 4606637061032640512
0.939941 4606641459079151616
0.94043 4606645857125662720
0.940918 4606650255172173824
0.941406 4606654653218684928
0.941895 4606659051265196032
0.942383 4606663449311707136
0.942871 4606667847358218240
0.943359 4606672245404729344
0.943848 4606676643451240448
0.944336 4606681041497751552
0.944824 4606685439544262656
0.945312 4606689837590773760
0.945801 4606694235637284864
0.946289 4606698633683795968
0.946777 4606703031730307072
0.947266 4606707429776818176
0.947754 4606711827823329280
0.948242 4606716225869840384
0.94873 4606720623916351488
0.949219 4606725021962862592
0.949707 4606729420009373696
0.950195 4606733818055884800
0.950684 4606738216102395904
0.951172 4606742614148907008
0.95166 4606747012195418112
0.952148 4606751410241929216
0.952637 4606755808288440320
0.953125 4606760206334951424
0.953613 4606764604381462528
0.954102 4606769002427973632
0.95459 4606773400474484736
0.955078 4606777798520995840
0.955566 4606782196567506944
0.956055 4606786594614018048
0.956543 4606790992660529152
0.957031 4606795390707040256
0.95752 4606799788753551360
0.958008 4606804186800062464
0.958496 4606808584846573568
0.958984 4606812982893084672
0.959473 4606817380939595776
0.959961 4606821778986106880
0.960449 4606826177032617984
0.960938 4606830575079129088
0.961426 4606834973125640192
0.961914 4606839371172151296
0.962402 4606843769218662400
0.962891 4606848167265173504
0.963379 4606852565311684608
0.963867 4606856963358195712
0.964355 4606861361404706816
0.964844 4606865759451217920
0.965332 4606870157497729024
0.96582 4606874555544240128
0.966309 4606878953590751232
0.966797 4606883351637262336
0.967285 4606887749683773440
0.967773 4606892147730284544
0.968262 4606896545776795648
0.96875 4606900943823306752
0.969238 4606905341869817856
0.969727 4606909739916328960
0.970215 4606914137962840064
0.970703 4606918536009351168
0.971191 4606922934055862272
0.97168 4606927332102373376
0.972168 4606931730148884480
0.972656 4606936128195395584
0.973145 4606940526241906688
0.973633 4606944924288417792
0.974121 4606949322334928896
0.974609 4606953720381440000
0.975098 4606958118427951104
0.975586 4606962516474462208
0.976074 4606966914520973312
0.976562 4606971312567484416
0.977051 4606975710613995520
0.977539 4606980108660506624
0.978027 4606984506707017728
0.978516 4606988904753528832
0.979004 4606993302800039936
0.979492 4606997700846551040
0.97998 4607002098893062144
0.980469 4607006496939573248
0.980957 4607010894986084352
0.981445 4607015293032595456
0.981934 4607019691079106560
0.982422 4607024089125617664
0.98291 4607028487172128768
0.983398 4607032885218639872
0.983887 4607037283265150976
0.984375 4607041681311662080
0.984863 4607046079358173184
0.985352 4607050477404684288
0.98584 4607054875451195392
0.986328 4607059273497706496
0.986816 4607063671544217600
0.987305 4607068069590728704
0.987793 4607072467637239808
0.988281 4607076865683750912
0.98877 4607081263730262016
0.989258 4607085661776773120
0.989746 4607090059823284224
0.990234 4607094457869795328
0.990723 4607098855916306432
0.991211 4607103253962817536
0.991699 4607107652009328640
0.992188 4607112050055839744
0.992676 4607116448102350848
0.993164 4607120846148861952
0.993652 4607125244195373056
0.994141 4607129642241884160
0.994629 4607134040288395264
0.995117 4607138438334906368
0.995605 4607142836381417472
0.996094 4607147234427928576
0.996582 4607151632474439680
0.99707 4607156030520950784
0.997559 4607160428567461888
0.998047 4607164826613972992
0.998535 4607169224660484096
0.999023 4607173622706995200
0.999512 4607178020753506304
1 4607182418800017408
1.00098 4607186816846528512
1.00195 4607191214893039616
1.00293 4607195612939550720
1.00391 4607200010986061824
1.00488 4607204409032572928
1.00586 4607208807079084032
1.00684 4607213205125595136
1.00781 4607217603172106240
1.00879 4607222001218617344
1.00977 4607226399265128448
1.01074 4607230797311639552
1.01172 4607235195358150656
1.0127 4607239593404661760
1.01367 4607243991451172864
1.01465 4607248389497683968
1.01562 4607252787544195072
1.0166 4607257185590706176
1.01758 4607261583637217280
1.01855 4607265981683728384
1.01953 4607270379730239488
1.02051 4607274777776750592
1.02148 4607279175823261696
1.02246 4607283573869772800
1.02344 4607287971916283904
1.02441 4607292369962795008
1.02539 4607296768009306112
1.02637 4607301166055817216
1.02734 4607305564102328320
1.02832 4607309962148839424
1.0293 4607314360195350528
1.03027 4607318758241861632
1.03125 4607323156288372736
1.03223 4607327554334883840
1.0332 4607331952381394944
1.03418 4607336350427906048
1.03516 4607340748474417152
1.03613 4607345146520928256
1.03711 4607349544567439360
1.03809 4607353942613950464
1.03906 4607358340660461568
1.04004 4607362738706972672
1.04102 4607367136753483776
1.04199 4607371534799994880
1.04297 4607375932846505984
1.04395 4607380330893017088
1.04492 4607384728939528192
1.0459 4607389126986039296
1.04688 4607393525032550400
1.04785 4607397923079061504
1.04883 4607402321125572608
1.0498 4607406719172083712
1.05078 4607411117218594816
1.05176 4607415515265105920
1.05273 4607419913311617024
1.05371 4607424311358128128
1.05469 4607428709404639232
1.05566 4607433107451150336
1.05664 4607437505497661440
1.05762 4607441903544172544
1.05859 4607446301590683648
1.05957 4607450699637194752
1.06055 4607455097683705856
1.06152 4607459495730216960
1.0625 4607463893776728064
1.06348 4607468291823239168
1.06445 4607472689869750272
1.06543 4607477087916261376
1.06641 4607481485962772480
1.06738 4607485884009283584
1.06836 4607490282055794688
1.06934 4607494680102305792
1.07031 4607499078148816896
1.07129 4607503476195328000
1.07227 4607507874241839104
1.07324 4607512272288350208
1.07422 4607516670334861312
1.0752 4607521068381372416
1.07617 4607525466427883520
1.07715 4607529864474394624
1.07812 4607534262520905728
1.0791 4607538660567416832
1.08008 4607543058613927936
1.08105 4607547456660439040
1.08203 4607551854706950144
1.08301 4607556252753461248
1.08398 4607560650799972352
1.08496 4607565048846483456
1.08594 4607569446892994560
1.08691 4607573844939505664
1.08789 4607578242986016768
1.08887 4607582641032527872
1.08984 4607587039079038976
1.09082 4607591437125550080
1.0918 4607595835172061184
1.09277 4607600233218572288
1.09375 4607604631265083392
1.09473 4607609029311594496
1.0957 4607613427358105600
1.09668 4607617825404616704
1.09766 4607622223451127808
1.09863 4607626621497638912
1.09961 4607631019544150016
1.10059 4607635417590661120
1.10156 4607639815637172224
1.10254 4607644213683683328
1.10352 4607648611730194432
1.10449 4607653009776705536
1.10547 4607657407823216640
1.10645 4607661805869727744
1.10742 4607666203916238848
1.1084 4607670601962749952
1.10938 4607675000009261056
1.11035 4607679398055772160
1.11133 4607683796102283264
1.1123 4607688194148794368
1.11328 4607692592195305472
1.11426 4607696990241816576
1.11523 4607701388288327680
1.11621 4607705786334838784
1.11719 4607710184381349888
1.11816 4607714582427860992
1.11914 4607718980474372096
1.12012 4607723378520883200
1.12109 4607727776567394304
1.12207 4607732174613905408
1.12305 4607736572660416512
1.12402 4607740970706927616
1.125 4607745368753438720
1.12598 4607749766799949824
1.12695 4607754164846460928
1.12793 4607758562892972032
1.12891 4607762960939483136
1.12988 4607767358985994240
1.13086 4607771757032505344
1.13184 4607776155079016448
1.13281 4607780553125527552
1.13379 4607784951172038656
1.13477 4607789349218549760
1.13574 4607793747265060864
1.13672 4607798145311571968
1.1377 4607802543358083072
1.13867 4607806941404594176
1.13965 4607811339451105280
1.14062 4607815737497616384
1.1416 4607820135544127488
1.14258 4607824533590638592
1.14355 4607828931637149696
1.14453 4607833329683660800
1.14551 4607837727730171904
1.14648 4607842125776683008
1.14746 4607846523823194112
1.14844 4607850921869705216
1.14941 4607855319916216320
1.15039 4607859717962727424
1.15137 4607864116009238528
1.15234 4607868514055749632
1.15332 4607872912102260736
1.1543 4607877310148771840
1.15527 4607881708195282944
1.15625 4607886106241794048
1.15723 4607890504288305152
1.1582 4607894902334816256
1.15918 4607899300381327360
1.16016 4607903698427838464
1.16113 4607908096474349568
1.16211 4607912494520860672
1.16309 4607916892567371776
1.16406 4607921290613882880
1.16504 4607925688660393984
1.16602 4607930086706905088
1.16699 4607934484753416192
1.16797 4607938882799927296
1.16895 4607943280846438400
1.16992 4607947678892949504
1.1709 4607952076939460608
1.17188 4607956474985971712
1.17285 4607960873032482816
1.17383 4607965271078993920
1.1748 4607969669125505024
1.17578 4607974067172016128
1.17676 4607978465218527232
1.17773 4607982863265038336
1.17871 4607987261311549440
1.17969 4607991659358060544
1.18066 4607996057404571648
1.18164 4608000455451082752
1.18262 4608004853497593856
1.18359 4608009251544104960
1.18457 4608013649590616064
1.18555 4608018047637127168
1.18652 4608022445683638272
1.1875 4608026843730149376
1.18848 4608031241776660480
1.18945 4608035639823171584
1.19043 4608040037869682688
1.19141 4608044435916193792
1.19238 4608048833962704896
1.19336 4608053232009216000
1.19434 4608057630055727104
1.19531 4608062028102238208
1.19629 4608066426148749312
1.19727 4608070824195260416
1.19824 4608075222241771520
1.19922 4608079620288282624
1.2002 4608084018334793728
1.20117 4608088416381304832
1.20215 4608092814427815936
1.20312 4608097212474327040
1.2041 4608101610520838144
1.20508 4608106008567349248
1.20605 4608110406613860352
1.20703 4608114804660371456
1.20801 4608119202706882560
1.20898 4608123600753393664
1.20996 4608127998799904768
1.21094 4608132396846415872
1.21191 4608136794892926976
1.21289 4608141192939438080
1.21387 4608145590985949184
1.21484 4608149989032460288
1.21582 4608154387078971392
1.2168 4608158785125482496
1.21777 4608163183171993600
1.21875 4608167581218504704
1.21973 4608171979265015808
1.2207 4608176377311526912
1.22168 4608180775358038016
1.22266 4608185173404549120
1.22363 4608189571451060224
1.22461 4608193969497571328
1.22559 4608198367544082432
1.22656 4608202765590593536
1.22754 4608207163637104640
1.22852 4608211561683615744
1.22949 4608215959730126848
1.23047 4608220357776637952
1.23145 4608224755823149056
1.23242 4608229153869660160
1.2334 4608233551916171264
1.23438 4608237949962682368
1.23535 4608242348009193472
1.23633 4608246746055704576
1.2373 4608251144102215680
1.23828 4608255542148726784
1.23926 4608259940195237888
1.24023 4608264338241748992
1.24121 4608268736288260096
1.24219 4608273134334771200
1.24316 4608277532381282304
1.24414 4608281930427793408
1.24512 4608286328474304512
1.24609 4608290726520815616
1.24707 4608295124567326720
1.24805 4608299522613837824
1.24902 4608303920660348928
1.25 4608308318706860032
1.25098 4608312716753371136
1.25195 4608317114799882240
1.25293 4608321512846393344
1.25391 4608325910892904448
1.25488 4608330308939415552
1.25586 4608334706985926656
1.25684 4608339105032437760
1.25781 4608343503078948864
1.25879 4608347901125459968
1.25977 4608352299171971072
1.26074 4608356697218482176
1.26172 4608361095264993280
1.2627 4608365493311504384
1.26367 4608369891358015488
1.26465 4608374289404526592
1.26562 4608378687451037696
1.2666 4608383085497548800
1.26758 4608387483544059904
1.26855 4608391881590571008
1.26953 4608396279637082112
1.27051 4608400677683593216
1.27148 4608405075730104320
1.27246 4608409473776615424
1.27344 4608413871823126528
1.27441 4608418269869637632
1.27539 4608422667916148736
1.27637 4608427065962659840
1.27734 4608431464009170944
1.27832 4608435862055682048
1.2793 4608440260102193152
1.28027 4608444658148704256
1.28125 4608449056195215360
1.28223 4608453454241726464
1.2832 4608457852288237568
1.28418 4608462250334748672
1.28516 4608466648381259776
1.28613 4608471046427770880
1.28711 4608475444474281984
1.28809 4608479842520793088
1.28906 4608484240567304192
1.29004 4608488638613815296
1.29102 4608493036660326400
1.29199 4608497434706837504
1.29297 4608501832753348608
1.29395 4608506230799859712
1.29492 4608510628846370816
1.2959 4608515026892881920
1.29688 4608519424939393024
1.29785 4608523822985904128
1.29883 4608528221032415232
1.2998 4608532619078926336
1.30078 4608537017125437440
1.30176 4608541415171948544
1.30273 4608545813218459648
1.30371 4608550211264970752
1.30469 4608554609311481856
1.30566 4608559007357992960
1.30664 4608563405404504064
1.30762 4608567803451015168
1.30859 4608572201497526272
1.30957 4608576599544037376
1.31055 4608580997590548480
1.31152 4608585395637059584
1.3125 4608589793683570688
1.31348 4608594191730081792
1.31445 4608598589776592896
1.31543 4608602987823104000
1.31641 4608607385869615104
1.31738 4608611783916126208
1.31836 4608616181962637312
1.31934 4608620580009148416
1.32031 4608624978055659520
1.32129 4608629376102170624
1.32227 4608633774148681728
1.32324 4608638172195192832
1.32422 4608642570241703936
1.3252 4608646968288215040
1.32617 4608651366334726144
1.32715 4608655764381237248
1.32812 4608660162427748352
1.3291 4608664560474259456
1.33008 4608668958520770560
1.33105 4608673356567281664
1.33203 4608677754613792768
1.33301 4608682152660303872
1.33398 4608686550706814976
1.33496 4608690948753326080
1.33594 4608695346799837184
1.33691 4608699744846348288
1.33789 4608704142892859392
1.33887 4608708540939370496
1.33984 4608712938985881600
1.34082 4608717337032392704
1.3418 4608721735078903808
1.34277 4608726133125414912
1.34375 4608730531171926016
1.34473 4608734929218437120
1.3457 4608739327264948224
1.34668 4608743725311459328
1.34766 4608748123357970432
1.34863 4608752521404481536
1.34961 4608756919450992640
1.35059 4608761317497503744
1.35156 4608765715544014848
1.35254 4608770113590525952
1.35352 4608774511637037056
1.35449 4608778909683548160
1.35547 4608783307730059264
1.35645 4608787705776570368
1.35742 4608792103823081472
1.3584 4608796501869592576
1.35938 4608800899916103680
1.36035 4608805297962614784
1.36133 4608809696009125888
1.3623 4608814094055636992
1.36328 4608818492102148096
1.36426 4608822890148659200
1.36523 4608827288195170304
1.36621 4608831686241681408
1.36719 4608836084288192512
1.36816 4608840482334703616
1.36914 4608844880381214720
1.37012 4608849278427725824
1.37109 4608853676474236928
1.37207 4608858074520748032
1.37305 4608862472567259136
1.37402 4608866870613770240
1.375 4608871268660281344
1.37598 4608875666706792448
1.37695 4608880064753303552
1.37793 4608884462799814656
1.37891 4608888860846325760
1.37988 4608893258892836864
1.38086 4608897656939347968
1.38184 4608902054985859072
1.38281 4608906453032370176
1.38379 4608910851078881280
1.38477 4608915249125392384
1.38574 4608919647171903488
1.38672 4608924045218414592
1.3877 4608928443264925696
1.38867 4608932841311436800
1.38965 4608937239357947904
1.39062 4608941637404459008
1.3916 4608946035450970112
1.39258 4608950433497481216
1.39355 4608954831543992320
1.39453 4608959229590503424
1.39551 4608963627637014528
1.39648 4608968025683525632
1.39746 4608972423730036736
1.39844 4608976821776547840
1.39941 4608981219823058944
1.40039 4608985617869570048
1.40137 4608990015916081152
1.40234 4608994413962592256
1.40332 4608998812009103360
1.4043 4609003210055614464
1.40527 4609007608102125568
1.40625 4609012006148636672
1.40723 4609016404195147776
1.4082 4609020802241658880
1.40918 4609025200288169984
1.41016 4609029598334681088
1.41113 4609033996381192192
1.41211 4609038394427703296
1.41309 4609042792474214400
1.41406 4609047190520725504
1.41504 4609051588567236608
1.41602 4609055986613747712
1.41699 4609060384660258816
1.41797 4609064782706769920
1.41895 4609069180753281024
1.41992 4609073578799792128
1.4209 4609077976846303232
1.42188 4609082374892814336
1.42285 4609086772939325440
1.42383 4609091170985836544
1.4248 4609095569032347648
1.42578 4609099967078858752
1.42676 4609104365125369856
1.42773 4609108763171880960
1.42871 4609113161218392064
1.42969 4609117559264903168
1.43066 4609121957311414272
1.43164 4609126355357925376
1.43262 4609130753404436480
1.43359 4609135151450947584
1.43457 4609139549497458688
1.43555 4609143947543969792
1.43652 4609148345590480896
1.4375 4609152743636992000
1.43848 4609157141683503104
1.43945 4609161539730014208
1.44043 4609165937776525312
1.44141 4609170335823036416
1.44238 4609174733869547520
1.44336 4609179131916058624
1.44434 4609183529962569728
1.44531 4609187928009080832
1.44629 4609192326055591936
1.44727 4609196724102103040
1.44824 4609201122148614144
1.44922 4609205520195125248
1.4502 4609209918241636352
1.45117 4609214316288147456
1.45215 4609218714334658560
1.45312 4609223112381169664
1.4541 4609227510427680768
1.45508 4609231908474191872
1.45605 4609236306520702976
1.45703 4609240704567214080
1.45801 4609245102613725184
1.45898 4609249500660236288
1.45996 4609253898706747392
1.46094 4609258296753258496
1.46191 4609262694799769600
1.46289 4609267092846280704
1.46387 4609271490892791808
1.46484 4609275888939302912
1.46582 4609280286985814016
1.4668 4609284685032325120
1.46777 4609289083078836224
1.46875 4609293481125347328
1.46973 4609297879171858432
1.4707 4609302277218369536
1.47168 4609306675264880640
1.47266 4609311073311391744
1.47363 4609315471357902848
1.47461 4609319869404413952
1.47559 4609324267450925056
1.47656 4609328665497436160
1.47754 4609333063543947264
1.47852 4609337461590458368
1.47949 4609341859636969472
1.48047 4609346257683480576
1.48145 4609350655729991680
1.48242 4609355053776502784
1.4834 4609359451823013888
1.48438 4609363849869524992
1.48535 4609368247916036096
1.48633 4609372645962547200
1.4873 4609377044009058304
1.48828 4609381442055569408
1.48926 4609385840102080512
1.49023 4609390238148591616
1.49121 4609394636195102720
1.49219 4609399034241613824
1.49316 4609403432288124928
1.49414 4609407830334636032
1.49512 4609412228381147136
1.49609 4609416626427658240
1.49707 4609421024474169344
1.49805 4609425422520680448
1.49902 4609429820567191552
1.5 4609434218613702656
1.50098 4609438616660213760
1.50195 4609443014706724864
1.50293 4609447412753235968
1.50391 4609451810799747072
1.50488 4609456208846258176
1.50586 4609460606892769280
1.50684 4609465004939280384
1.50781 4609469402985791488
1.50879 4609473801032302592
1.50977 4609478199078813696
1.51074 4609482597125324800
1.51172 4609486995171835904
1.5127 4609491393218347008
1.51367 4609495791264858112
1.51465 4609500189311369216
1.51562 4609504587357880320
1.5166 4609508985404391424
1.51758 4609513383450902528
1.51855 4609517781497413632
1.51953 4609522179543924736
1.52051 4609526577590435840
1.52148 4609530975636946944
1.52246 4609535373683458048
1.52344 4609539771729969152
1.52441 4609544169776480256
1.52539 4609548567822991360
1.52637 4609552965869502464
1.52734 4609557363916013568
1.52832 4609561761962524672
1.5293 4609566160009035776
1.53027 4609570558055546880
1.53125 4609574956102057984
1.53223 4609579354148569088
1.5332 4609583752195080192
1.53418 4609588150241591296
1.53516 4609592548288102400
1.53613 4609596946334613504
1.53711 4609601344381124608
1.53809 4609605742427635712
1.53906 4609610140474146816
1.54004 4609614538520657920
1.54102 4609618936567169024
1.54199 4609623334613680128
1.54297 4609627732660191232
1.54395 4609632130706702336
1.54492 4609636528753213440
1.5459 4609640926799724544
1.54688 4609645324846235648
1.54785 4609649722892746752
1.54883 4609654120939257856
1.5498 4609658518985768960
1.55078 4609662917032280064
1.55176 4609667315078791168
1.55273 4609671713125302272
1.55371 4609676111171813376
1.55469 4609680509218324480
1.55566 4609684907264835584
1.55664 4609689305311346688
1.55762 4609693703357857792
1.55859 4609698101404368896
1.55957 4609702499450880000
1.56055 4609706897497391104
1.56152 4609711295543902208
1.5625 4609715693590413312
1.56348 4609720091636924416
1.56445 4609724489683435520
1.56543 4609728887729946624
1.56641 4609733285776457728
1.56738 4609737683822968832
1.56836 4609742081869479936
1.56934 4609746479915991040
1.57031 4609750877962502144
1.57129 4609755276009013248
1.57227 4609759674055524352
1.57324 4609764072102035456
1.57422 4609768470148546560
1.5752 4609772868195057664
1.57617 4609777266241568768
1.57715 4609781664288079872
1.57812 4609786062334590976
1.5791 4609790460381102080
1.58008 4609794858427613184
1.58105 4609799256474124288
1.58203 4609803654520635392
1.58301 4609808052567146496
1.58398 4609812450613657600
1.58496 4609816848660168704
1.58594 4609821246706679808
1.58691 4609825644753190912
1.58789 4609830042799702016
1.58887 4609834440846213120
1.58984 4609838838892724224
1.59082 4609843236939235328
1.5918 4609847634985746432
1.59277 4609852033032257536
1.59375 4609856431078768640
1.59473 4609860829125279744
1.5957 4609865227171790848
1.59668 4609869625218301952
1.59766 4609874023264813056
1.59863 4609878421311324160
1.59961 4609882819357835264
1.60059 4609887217404346368
1.60156 4609891615450857472
1.60254 4609896013497368576
1.60352 4609900411543879680
1.60449 4609904809590390784
1.60547 4609909207636901888
1.60645 4609913605683412992
1.60742 4609918003729924096
1.6084 4609922401776435200
1.60938 4609926799822946304
1.61035 4609931197869457408
1.61133 4609935595915968512
1.6123 4609939993962479616
1.61328 4609944392008990720
1.61426 4609948790055501824
1.61523 4609953188102012928
1.61621 4609957586148524032
1.61719 4609961984195035136
1.61816 4609966382241546240
1.61914 4609970780288057344
1.62012 4609975178334568448
1.62109 4609979576381079552
1.62207 4609983974427590656
1.62305 4609988372474101760
1.62402 4609992770520612864
1.625 4609997168567123968
1.62598 4610001566613635072
1.62695 4610005964660146176
1.62793 4610010362706657280
1.62891 4610014760753168384
1.62988 4610019158799679488
1.63086 4610023556846190592
1.63184 4610027954892701696
1.63281 4610032352939212800
1.63379 4610036750985723904
1.63477 4610041149032235008
1.63574 4610045547078746112
1.63672 4610049945125257216
1.6377 4610054343171768320
1.63867 4610058741218279424
1.63965 4610063139264790528
1.64062 4610067537311301632
1.6416 4610071935357812736
1.64258 4610076333404323840
1.64355 4610080731450834944
1.64453 4610085129497346048
1.64551 4610089527543857152
1.64648 4610093925590368256
1.64746 4610098323636879360
1.64844 4610102721683390464
1.64941 4610107119729901568
1.65039 4610111517776412672
1.65137 4610115915822923776
1.65234 4610120313869434880
1.65332 4610124711915945984
1.6543 4610129109962457088
1.65527 4610133508008968192
1.65625 4610137906055479296
1.65723 4610142304101990400
1.6582 4610146702148501504
1.65918 4610151100195012608
1.66016 4610155498241523712
1.66113 4610159896288034816
1.66211 4610164294334545920
1.66309 4610168692381057024
1.66406 4610173090427568128
1.66504 4610177488474079232
1.66602 4610181886520590336
1.66699 4610186284567101440
1.66797 4610190682613612544
1.66895 4610195080660123648
1.66992 4610199478706634752
1.6709 4610203876753145856
1.67188 4610208274799656960
1.67285 4610212672846168064
1.67383 4610217070892679168
1.6748 4610221468939190272
1.67578 4610225866985701376
1.67676 4610230265032212480
1.67773 4610234663078723584
1.67871 4610239061125234688
1.67969 4610243459171745792
1.68066 4610247857218256896
1.68164 4610252255264768000
1.68262 4610256653311279104
1.68359 4610261051357790208
1.68457 4610265449404301312
1.68555 4610269847450812416
1.68652 4610274245497323520
1.6875 4610278643543834624
1.68848 4610283041590345728
1.68945 4610287439636856832
1.69043 4610291837683367936
1.69141 4610296235729879040
1.69238 4610300633776390144
1.69336 4610305031822901248
1.69434 4610309429869412352
1.69531 4610313827915923456
1.69629 4610318225962434560
1.69727 4610322624008945664
1.69824 4610327022055456768
1.69922 4610331420101967872
1.7002 4610335818148478976
1.70117 4610340216194990080
1.70215 4610344614241501184
1.70312 4610349012288012288
1.7041 4610353410334523392
1.70508 4610357808381034496
1.70605 4610362206427545600
1.70703 4610366604474056704
1.70801 4610371002520567808
1.70898 4610375400567078912
1.70996 4610379798613590016
1.71094 4610384196660101120
1.71191 4610388594706612224
1.71289 4610392992753123328
1.71387 4610397390799634432
1.71484 4610401788846145536
1.71582 4610406186892656640
1.7168 4610410584939167744
1.71777 4610414982985678848
1.71875 4610419381032189952
1.71973 4610423779078701056
1.7207 4610428177125212160
1.72168 4610432575171723264
1.72266 4610436973218234368
1.72363 4610441371264745472
1.72461 4610445769311256576
1.72559 4610450167357767680
1.72656 4610454565404278784
1.72754 4610458963450789888
1.72852 4610463361497300992
1.72949 4610467759543812096
1.73047 4610472157590323200
1.73145 4610476555636834304
1.73242 4610480953683345408
1.7334 4610485351729856512
1.73438 4610489749776367616
1.73535 4610494147822878720
1.73633 4610498545869389824
1.7373 4610502943915900928
1.73828 4610507341962412032
1.73926 4610511740008923136
1.74023 4610516138055434240
1.74121 4610520536101945344
1.74219 4610524934148456448
1.74316 4610529332194967552
1.74414 4610533730241478656
1.74512 4610538128287989760
1.74609 4610542526334500864
1.74707 4610546924381011968
1.74805 4610551322427523072
1.74902 4610555720474034176
1.75 4610560118520545280
1.75098 4610564516567056384
1.75195 4610568914613567488
1.75293 4610573312660078592
1.75391 4610577710706589696
1.75488 4610582108753100800
1.75586 4610586506799611904
1.75684 4610590904846123008
1.75781 4610595302892634112
1.75879 4610599700939145216
1.75977 4610604098985656320
1.76074 4610608497032167424
1.76172 4610612895078678528
1.7627 4610617293125189632
1.76367 4610621691171700736
1.76465 4610626089218211840
1.76562 4610630487264722944
1.7666 4610634885311234048
1.76758 4610639283357745152
1.76855 4610643681404256256
1.76953 4610648079450767360
1.77051 4610652477497278464
1.77148 4610656875543789568
1.77246 4610661273590300672
1.77344 4610665671636811776
1.77441 4610670069683322880
1.77539 4610674467729833984
1.77637 4610678865776345088
1.77734 4610683263822856192
1.77832 4610687661869367296
1.7793 4610692059915878400
1.78027 4610696457962389504
1.78125 4610700856008900608
1.78223 4610705254055411712
1.7832 4610709652101922816
1.78418 4610714050148433920
1.78516 4610718448194945024
1.78613 4610722846241456128
1.78711 4610727244287967232
1.78809 4610731642334478336
1.78906 4610736040380989440
1.79004 4610740438427500544
1.79102 4610744836474011648
1.79199 4610749234520522752
1.79297 4610753632567033856
1.79395 4610758030613544960
1.79492 4610762428660056064
1.7959 4610766826706567168
1.79688 4610771224753078272
1.79785 4610775622799589376
1.79883 4610780020846100480
1.7998 4610784418892611584
1.80078 4610788816939122688
1.80176 4610793214985633792
1.80273 4610797613032144896
1.80371 4610802011078656000
1.80469 4610806409125167104
1.80566 4610810807171678208
1.80664 4610815205218189312
1.80762 4610819603264700416
1.80859 4610824001311211520
1.80957 4610828399357722624
1.81055 4610832797404233728
1.81152 4610837195450744832
1.8125 4610841593497255936
1.81348 4610845991543767040
1.81445 4610850389590278144
1.81543 4610854787636789248
1.81641 4610859185683300352
1.81738 4610863583729811456
1.81836 4610867981776322560
1.81934 4610872379822833664
1.82031 4610876777869344768
1.82129 4610881175915855872
1.82227 4610885573962366976
1.82324 4610889972008878080
1.82422 4610894370055389184
1.8252 4610898768101900288
1.82617 4610903166148411392
1.82715 4610907564194922496
1.82812 4610911962241433600
1.8291 4610916360287944704
1.83008 4610920758334455808
1.83105 4610925156380966912
1.83203 4610929554427478016
1.83301 4610933952473989120
1.83398 4610938350520500224
1.83496 4610942748567011328
1.83594 4610947146613522432
1.83691 4610951544660033536
1.83789 4610955942706544640
1.83887 4610960340753055744
1.83984 4610964738799566848
1.84082 4610969136846077952
1.8418 4610973534892589056
1.84277 4610977932939100160
1.84375 4610982330985611264
1.84473 4610986729032122368
1.8457 4610991127078633472
1.84668 4610995525125144576
1.84766 4610999923171655680
1.84863 4611004321218166784
1.84961 4611008719264677888
1.85059 4611013117311188992
1.85156 4611017515357700096
1.85254 4611021913404211200
1.85352 4611026311450722304
1.85449 4611030709497233408
1.85547 4611035107543744512
1.85645 4611039505590255616
1.85742 4611043903636766720
1.8584 4611048301683277824
1.85938 4611052699729788928
1.86035 4611057097776300032
1.86133 4611061495822811136
1.8623 4611065893869322240
1.86328 4611070291915833344
1.86426 4611074689962344448
1.86523 4611079088008855552
1.86621 4611083486055366656
1.86719 4611087884101877760
1.86816 4611092282148388864
1.86914 4611096680194899968
1.87012 4611101078241411072
1.87109 4611105476287922176
1.87207 4611109874334433280
1.87305 4611114272380944384
1.87402 4611118670427455488
1.875 4611123068473966592
1.87598 4611127466520477696
1.87695 4611131864566988800
1.87793 4611136262613499904
1.87891 4611140660660011008
1.87988 4611145058706522112
1.88086 4611149456753033216
1.88184 4611153854799544320
1.88281 4611158252846055424
1.88379 4611162650892566528
1.88477 4611167048939077632
1.88574 4611171446985588736
1.88672 4611175845032099840
1.8877 4611180243078610944
1.88867 4611184641125122048
1.88965 4611189039171633152
1.89062 4611193437218144256
1.8916 4611197835264655360
1.89258 4611202233311166464
1.89355 4611206631357677568
1.89453 4611211029404188672
1.89551 4611215427450699776
1.89648 4611219825497210880
1.89746 4611224223543721984
1.89844 4611228621590233088
1.89941 4611233019636744192
1.90039 4611237417683255296
1.90137 4611241815729766400
1.90234 4611246213776277504
1.90332 4611250611822788608
1.9043 4611255009869299712
1.90527 4611259407915810816
1.90625 4611263805962321920
1.90723 4611268204008833024
1.9082 4611272602055344128
1.90918 4611277000101855232
1.91016 4611281398148366336
1.91113 4611285796194877440
1.91211 4611290194241388544
1.91309 4611294592287899648
1.91406 4611298990334410752
1.91504 4611303388380921856
1.91602 4611307786427432960
1.91699 4611312184473944064
1.91797 4611316582520455168
1.91895 4611320980566966272
1.91992 4611325378613477376
1.9209 4611329776659988480
1.92188 4611334174706499584
1.92285 4611338572753010688
1.92383 4611342970799521792
1.9248 4611347368846032896
1.92578 4611351766892544000
1.92676 4611356164939055104
1.92773 4611360562985566208
1.92871 4611364961032077312
1.92969 4611369359078588416
1.93066 4611373757125099520
1.93164 4611378155171610624
1.93262 4611382553218121728
1.93359 4611386951264632832
1.93457 4611391349311143936
1.93555 4611395747357655040
1.93652 4611400145404166144
1.9375 4611404543450677248
1.93848 4611408941497188352
1.93945 4611413339543699456
1.94043 4611417737590210560
1.94141 4611422135636721664
1.94238 4611426533683232768
1.94336 4611430931729743872
1.94434 4611435329776254976
1.94531 4611439727822766080
1.94629 4611444125869277184
1.94727 4611448523915788288
1.94824 4611452921962299392
1.94922 4611457320008810496
1.9502 4611461718055321600
1.95117 4611466116101832704
1.95215 4611470514148343808
1.95312 4611474912194854912
1.9541 4611479310241366016
1.95508 4611483708287877120
1.95605 4611488106334388224
1.95703 4611492504380899328
1.95801 4611496902427410432
1.95898 4611501300473921536
1.95996 4611505698520432640
1.96094 4611510096566943744
1.96191 4611514494613454848
1.96289 4611518892659965952
1.96387 4611523290706477056
1.96484 4611527688752988160
1.96582 4611532086799499264
1.9668 4611536484846010368
1.96777 4611540882892521472
1.96875 4611545280939032576
1.96973 4611549678985543680
1.9707 4611554077032054784
1.97168 4611558475078565888
1.97266 4611562873125076992
1.97363 4611567271171588096
1.97461 4611571669218099200
1.97559 4611576067264610304
1.97656 4611580465311121408
1.97754 4611584863357632512
1.97852 4611589261404143616
1.97949 4611593659450654720
1.98047 4611598057497165824
1.98145 4611602455543676928
1.98242 4611606853590188032
1.9834 4611611251636699136
1.98438 4611615649683210240
1.98535 4611620047729721344
1.98633 4611624445776232448
1.9873 4611628843822743552
1.98828 4611633241869254656
1.98926 4611637639915765760
1.99023 4611642037962276864
1.99121 4611646436008787968
1.99219 4611650834055299072
1.99316 4611655232101810176
1.99414 4611659630148321280
1.99512 4611664028194832384
1.99609 4611668426241343488
1.99707 4611672824287854592
1.99805 4611677222334365696
1.99902 4611681620380876800
2 4611686018427387904
2.00195 4611690416473899008
2.00391 4611694814520410112
2.00586 4611699212566921216
2.00781 4611703610613432320
2.00977 4611708008659943424
2.01172 4611712406706454528
2.01367 4611716804752965632
2.01562 4611721202799476736
2.01758 4611725600845987840
2.01953 4611729998892498944
2.02148 4611734396939010048
2.02344 4611738794985521152
2.02539 4611743193032032256
2.02734 4611747591078543360
2.0293 4611751989125054464
2.03125 4611756387171565568
2.0332 4611760785218076672
2.03516 4611765183264587776
2.03711 4611769581311098880
2.03906 4611773979357609984
2.04102 4611778377404121088
2.04297 4611782775450632192
2.04492 4611787173497143296
2.04688 4611791571543654400
2.04883 4611795969590165504
2.05078 4611800367636676608
2.05273 4611804765683187712
2.05469 4611809163729698816
2.05664 4611813561776209920
2.05859 4611817959822721024
2.06055 4611822357869232128
2.0625 4611826755915743232
2.06445 4611831153962254336
2.06641 4611835552008765440
2.06836 4611839950055276544
2.07031 4611844348101787648
2.07227 4611848746148298752
2.07422 4611853144194809856
2.07617 4611857542241320960
2.07812 4611861940287832064
2.08008 4611866338334343168
2.08203 4611870736380854272
2.08398 4611875134427365376
2.08594 4611879532473876480
2.08789 4611883930520387584
2.08984 4611888328566898688
2.0918 4611892726613409792
2.09375 4611897124659920896
2.0957 4611901522706432000
2.09766 4611905920752943104
2.09961 4611910318799454208
2.10156 4611914716845965312
2.10352 4611919114892476416
2.10547 4611923512938987520
2.10742 4611927910985498624
2.10938 4611932309032009728
2.11133 4611936707078520832
2.11328 4611941105125031936
2.11523 4611945503171543040
2.11719 4611949901218054144
2.11914 4611954299264565248
2.12109 4611958697311076352
2.12305 4611963095357587456
2.125 4611967493404098560
2.12695 4611971891450609664
2.12891 4611976289497120768
2.13086 4611980687543631872
2.13281 4611985085590142976
2.13477 4611989483636654080
2.13672 4611993881683165184
2.13867 4611998279729676288
2.14062 4612002677776187392
2.14258 4612007075822698496
2.14453 4612011473869209600
2.14648 4612015871915720704
2.14844 4612020269962231808
2.15039 4612024668008742912
2.15234 4612029066055254016
2.1543 4612033464101765120
2.15625 4612037862148276224
2.1582 4612042260194787328
2.16016 4612046658241298432
2.16211 4612051056287809536
2.16406 4612055454334320640
2.16602 4612059852380831744
2.16797 4612064250427342848
2.16992 4612068648473853952
2.17188 4612073046520365056
2.17383 4612077444566876160
2.17578 4612081842613387264
2.17773 4612086240659898368
2.17969 4612090638706409472
2.18164 4612095036752920576
2.18359 4612099434799431680
2.18555 4612103832845942784
2.1875 4612108230892453888
2.18945 4612112628938964992
2.19141 4612117026985476096
2.19336 4612121425031987200
2.19531 4612125823078498304
2.19727 4612130221125009408
2.19922 4612134619171520512
2.20117 4612139017218031616
2.20312 4612143415264542720
2.20508 4612147813311053824
2.20703 4612152211357564928
2.20898 4612156609404076032
2.21094 4612161007450587136
2.21289 4612165405497098240
2.21484 4612169803543609344
2.2168 4612174201590120448
2.21875 4612178599636631552
2.2207 4612182997683142656
2.22266 4612187395729653760
2.22461 4612191793776164864
2.22656 4612196191822675968
2.22852 4612200589869187072
2.23047 4612204987915698176
2.23242 4612209385962209280
2.23438 4612213784008720384
2.23633 4612218182055231488
2.23828 4612222580101742592
2.24023 4612226978148253696
2.24219 4612231376194764800
2.24414 4612235774241275904
2.24609 4612240172287787008
2.24805 4612244570334298112
2.25 4612248968380809216
2.25195 4612253366427320320
2.25391 4612257764473831424
2.25586 4612262162520342528
2.25781 4612266560566853632
2.25977 4612270958613364736
2.26172 4612275356659875840
2.26367 4612279754706386944
2.26562 4612284152752898048
2.26758 4612288550799409152
2.26953 4612292948845920256
2.27148 4612297346892431360
2.27344 4612301744938942464
2.27539 4612306142985453568
2.27734 4612310541031964672
2.2793 4612314939078475776
2.28125 4612319337124986880
2.2832 4612323735171497984
2.28516 4612328133218009088
2.28711 4612332531264520192
2.28906 4612336929311031296
2.29102 4612341327357542400
2.29297 4612345725404053504
2.29492 4612350123450564608
2.29688 4612354521497075712
2.29883 4612358919543586816
2.30078 4612363317590097920
2.30273 4612367715636609024
2.30469 4612372113683120128
2.30664 4612376511729631232
2.30859 4612380909776142336
2.31055 4612385307822653440
2.3125 4612389705869164544
2.31445 4612394103915675648
2.31641 4612398501962186752
2.31836 4612402900008697856
2.32031 4612407298055208960
2.32227 4612411696101720064
2.32422 4612416094148231168
2.32617 4612420492194742272
2.32812 4612424890241253376
2.33008 4612429288287764480
2.33203 4612433686334275584
2.33398 4612438084380786688
2.33594 4612442482427297792
2.33789 4612446880473808896
2.33984 4612451278520320000
2.3418 4612455676566831104
2.34375 4612460074613342208
2.3457 4612464472659853312
2.34766 4612468870706364416
2.34961 4612473268752875520
2.35156 4612477666799386624
2.35352 4612482064845897728
2.35547 4612486462892408832
2.35742 4612490860938919936
2.35938 4612495258985431040
2.36133 4612499657031942144
2.36328 4612504055078453248
2.36523 4612508453124964352
2.36719 4612512851171475456
2.36914 4612517249217986560
2.37109 4612521647264497664
2.37305 4612526045311008768
2.375 4612530443357519872
2.37695 4612534841404030976
2.37891 4612539239450542080
2.38086 4612543637497053184
2.38281 4612548035543564288
2.38477 4612552433590075392
2.38672 4612556831636586496
2.38867 4612561229683097600
2.39062 4612565627729608704
2.39258 4612570025776119808
2.39453 4612574423822630912
2.39648 4612578821869142016
2.39844 4612583219915653120
2.40039 4612587617962164224
2.40234 4612592016008675328
2.4043 4612596414055186432
2.40625 4612600812101697536
2.4082 4612605210148208640
2.41016 4612609608194719744
2.41211 4612614006241230848
2.41406 4612618404287741952
2.41602 4612622802334253056
2.41797 4612627200380764160
2.41992 4612631598427275264
2.42188 4612635996473786368
2.42383 4612640394520297472
2.42578 4612644792566808576
2.42773 4612649190613319680
2.42969 4612653588659830784
2.43164 4612657986706341888
2.43359 4612662384752852992
2.43555 4612666782799364096
2.4375 4612671180845875200
2.43945 4612675578892386304
2.44141 4612679976938897408
2.44336 4612684374985408512
2.44531 4612688773031919616
2.44727 4612693171078430720
2.44922 4612697569124941824
2.45117 4612701967171452928
2.45312 4612706365217964032
2.45508 4612710763264475136
2.45703 4612715161310986240
2.45898 4612719559357497344
2.46094 4612723957404008448
2.46289 4612728355450519552
2.46484 4612732753497030656
2.4668 4612737151543541760
2.46875 4612741549590052864
2.4707 4612745947636563968
2.47266 4612750345683075072
2.47461 4612754743729586176
2.47656 4612759141776097280
2.47852 4612763539822608384
2.48047 4612767937869119488
2.48242 4612772335915630592
2.48438 4612776733962141696
2.48633 4612781132008652800
2.48828 4612785530055163904
2.49023 4612789928101675008
2.49219 4612794326148186112
2.49414 4612798724194697216
2.49609 4612803122241208320
2.49805 4612807520287719424
2.5 4612811918334230528
2.50195 4612816316380741632
2.50391 4612820714427252736
2.50586 4612825112473763840
2.50781 4612829510520274944
2.50977 4612833908566786048
2.51172 4612838306613297152
2.51367 4612842704659808256
2.51562 4612847102706319360
2.51758 4612851500752830464
2.51953 4612855898799341568
2.52148 4612860296845852672
2.52344 4612864694892363776
2.52539 4612869092938874880
2.52734 4612873490985385984
2.5293 4612877889031897088
2.53125 4612882287078408192
2.5332 4612886685124919296
2.53516 4612891083171430400
2.53711 4612895481217941504
2.53906 4612899879264452608
2.54102 4612904277310963712
2.54297 4612908675357474816
2.54492 4612913073403985920
2.54688 4612917471450497024
2.54883 4612921869497008128
2.55078 4612926267543519232
2.55273 4612930665590030336
2.55469 4612935063636541440
2.55664 4612939461683052544
2.55859 4612943859729563648
2.56055 4612948257776074752
2.5625 4612952655822585856
2.56445 4612957053869096960
2.56641 4612961451915608064
2.56836 4612965849962119168
2.57031 4612970248008630272
2.57227 4612974646055141376
2.57422 4612979044101652480
2.57617 4612983442148163584
2.57812 4612987840194674688
2.58008 4612992238241185792
2.58203 4612996636287696896
2.58398 4613001034334208000
2.58594 4613005432380719104
2.58789 4613009830427230208
2.58984 4613014228473741312
2.5918 4613018626520252416
2.59375 4613023024566763520
2.5957 4613027422613274624
2.59766 4613031820659785728
2.59961 4613036218706296832
2.60156 4613040616752807936
2.60352 4613045014799319040
2.60547 4613049412845830144
2.60742 4613053810892341248
2.60938 4613058208938852352
2.61133 4613062606985363456
2.61328 4613067005031874560
2.61523 4613071403078385664
2.61719 4613075801124896768
2.61914 4613080199171407872
2.62109 4613084597217918976
2.62305 4613088995264430080
2.625 4613093393310941184
2.62695 4613097791357452288
2.62891 4613102189403963392
2.63086 4613106587450474496
2.63281 4613110985496985600
2.63477 4613115383543496704
2.63672 4613119781590007808
2.63867 4613124179636518912
2.64062 4613128577683030016
2.64258 4613132975729541120
2.64453 4613137373776052224
2.64648 4613141771822563328
2.64844 4613146169869074432
2.65039 4613150567915585536
2.65234 4613154965962096640
2.6543 4613159364008607744
2.65625 4613163762055118848
2.6582 4613168160101629952
2.66016 4613172558148141056
2.66211 4613176956194652160
2.66406 4613181354241163264
2.66602 4613185752287674368
2.66797 4613190150334185472
2.66992 4613194548380696576
2.67188 4613198946427207680
2.67383 4613203344473718784
2.67578 4613207742520229888
2.67773 4613212140566740992
2.67969 4613216538613252096
2.68164 4613220936659763200
2.68359 4613225334706274304
2.68555 4613229732752785408
2.6875 4613234130799296512
2.68945 4613238528845807616
2.69141 4613242926892318720
2.69336 4613247324938829824
2.69531 4613251722985340928
2.69727 4613256121031852032
2.69922 4613260519078363136
2.70117 4613264917124874240
2.70312 4613269315171385344
2.70508 4613273713217896448
2.70703 4613278111264407552
2.70898 4613282509310918656
2.71094 4613286907357429760
2.71289 4613291305403940864
2.71484 4613295703450451968
2.7168 4613300101496963072
2.71875 4613304499543474176
2.7207 4613308897589985280
2.72266 4613313295636496384
2.72461 4613317693683007488
2.72656 4613322091729518592
2.72852 4613326489776029696
2.73047 4613330887822540800
2.73242 4613335285869051904
2.73438 4613339683915563008
2.73633 4613344081962074112
2.73828 4613348480008585216
2.74023 4613352878055096320
2.74219 4613357276101607424
2.74414 4613361674148118528
2.74609 4613366072194629632
2.74805 4613370470241140736
2.75 4613374868287651840
2.75195 4613379266334162944
2.75391 4613383664380674048
2.75586 4613388062427185152
2.75781 4613392460473696256
2.75977 4613396858520207360
2.76172 4613401256566718464
2.76367 4613405654613229568
2.76562 4613410052659740672
2.76758 4613414450706251776
2.76953 4613418848752762880
2.77148 4613423246799273984
2.77344 4613427644845785088
2.77539 4613432042892296192
2.77734 4613436440938807296
2.7793 4613440838985318400
2.78125 4613445237031829504
2.7832 4613449635078340608
2.78516 4613454033124851712
2.78711 4613458431171362816
2.78906 4613462829217873920
2.79102 4613467227264385024
2.79297 4613471625310896128
2.79492 4613476023357407232
2.79688 4613480421403918336
2.79883 4613484819450429440
2.80078 4613489217496940544
2.80273 4613493615543451648
2.80469 4613498013589962752
2.80664 4613502411636473856
2.80859 4613506809682984960
2.81055 4613511207729496064
2.8125 4613515605776007168
2.81445 4613520003822518272
2.81641 4613524401869029376
2.81836 4613528799915540480
2.82031 4613533197962051584
2.82227 4613537596008562688
2.82422 4613541994055073792
2.82617 4613546392101584896
2.82812 4613550790148096000
2.83008 4613555188194607104
2.83203 4613559586241118208
2.83398 4613563984287629312
2.83594 4613568382334140416
2.83789 4613572780380651520
2.83984 4613577178427162624
2.8418 4613581576473673728
2.84375 4613585974520184832
2.8457 4613590372566695936
2.84766 4613594770613207040
2.84961 4613599168659718144
2.85156 4613603566706229248
2.85352 4613607964752740352
2.85547 4613612362799251456
2.85742 4613616760845762560
2.85938 4613621158892273664
2.86133 4613625556938784768
2.86328 4613629954985295872
2.86523 4613634353031806976
2.86719 4613638751078318080
2.86914 4613643149124829184
2.87109 4613647547171340288
2.87305 4613651945217851392
2.875 4613656343264362496
2.87695 4613660741310873600
2.87891 4613665139357384704
2.88086 4613669537403895808
2.88281 4613673935450406912
2.88477 4613678333496918016
2.88672 4613682731543429120
2.88867 4613687129589940224
2.89062 4613691527636451328
2.89258 4613695925682962432
2.89453 4613700323729473536
2.89648 4613704721775984640
2.89844 4613709119822495744
2.90039 4613713517869006848
2.90234 4613717915915517952
2.9043 4613722313962029056
2.90625 4613726712008540160
2.9082 4613731110055051264
2.91016 4613735508101562368
2.91211 4613739906148073472
2.91406 4613744304194584576
2.91602 4613748702241095680
2.91797 4613753100287606784
2.91992 4613757498334117888
2.92188 4613761896380628992
2.92383 4613766294427140096
2.92578 4613770692473651200
2.92773 4613775090520162304
2.92969 4613779488566673408
2.93164 4613783886613184512
2.93359 4613788284659695616
2.93555 4613792682706206720
2.9375 4613797080752717824
2.93945 4613801478799228928
2.94141 4613805876845740032
2.94336 4613810274892251136
2.94531 4613814672938762240
2.94727 4613819070985273344
2.94922 4613823469031784448
2.95117 4613827867078295552
2.95312 4613832265124806656
2.95508 4613836663171317760
2.95703 4613841061217828864
2.95898 4613845459264339968
2.96094 4613849857310851072
2.96289 4613854255357362176
2.96484 4613858653403873280
2.9668 4613863051450384384
2.96875 4613867449496895488
2.9707 4613871847543406592
2.97266 4613876245589917696
2.97461 4613880643636428800
2.97656 4613885041682939904
2.97852 4613889439729451008
2.98047 4613893837775962112
2.98242 4613898235822473216
2.98438 4613902633868984320
2.98633 4613907031915495424
2.98828 4613911429962006528
2.99023 4613915828008517632
2.99219 4613920226055028736
2.99414 4613924624101539840
2.99609 4613929022148050944
2.99805 4613933420194562048
3 4613937818241073152
3.00195 4613942216287584256
3.00391 4613946614334095360
3.00586 4613951012380606464
3.00781 4613955410427117568
3.00977 4613959808473628672
3.01172 4613964206520139776
3.01367 4613968604566650880
3.01562 4613973002613161984
3.01758 4613977400659673088
3.01953 4613981798706184192
3.02148 4613986196752695296
3.02344 4613990594799206400
3.02539 4613994992845717504
3.02734 4613999390892228608
3.0293 4614003788938739712
3.03125 4614008186985250816
3.0332 4614012585031761920
3.03516 4614016983078273024
3.03711 4614021381124784128
3.03906 4614025779171295232
3.04102 4614030177217806336
3.04297 4614034575264317440
3.04492 4614038973310828544
3.04688 4614043371357339648
3.04883 4614047769403850752
3.05078 4614052167450361856
3.05273 4614056565496872960
3.05469 4614060963543384064
3.05664 4614065361589895168
3.05859 4614069759636406272
3.06055 4614074157682917376
3.0625 4614078555729428480
3.06445 4614082953775939584
3.06641 4614087351822450688
3.06836 4614091749868961792
3.07031 4614096147915472896
3.07227 4614100545961984000
3.07422 4614104944008495104
3.07617 4614109342055006208
3.07812 4614113740101517312
3.08008 4614118138148028416
3.08203 4614122536194539520
3.08398 4614126934241050624
3.08594 4614131332287561728
3.08789 4614135730334072832
3.08984 4614140128380583936
3.0918 4614144526427095040
3.09375 4614148924473606144
3.0957 4614153322520117248
3.09766 4614157720566628352
3.09961 4614162118613139456
3.10156 4614166516659650560
3.10352 4614170914706161664
3.10547 4614175312752672768
3.10742 4614179710799183872
3.10938 4614184108845694976
3.11133 4614188506892206080
3.11328 4614192904938717184
3.11523 4614197302985228288
3.11719 4614201701031739392
3.11914 4614206099078250496
3.12109 4614210497124761600
3.12305 4614214895171272704
3.125 4614219293217783808
3.12695 4614223691264294912
3.12891 4614228089310806016
3.13086 4614232487357317120
3.13281 4614236885403828224
3.13477 4614241283450339328
3.13672 4614245681496850432
3.13867 4614250079543361536
3.14062 4614254477589872640
3.14258 4614258875636383744
3.14453 4614263273682894848
3.14648 4614267671729405952
3.14844 4614272069775917056
3.15039 4614276467822428160
3.15234 4614280865868939264
3.1543 4614285263915450368
3.15625 4614289661961961472
3.1582 4614294060008472576
3.16016 4614298458054983680
3.16211 4614302856101494784
3.16406 4614307254148005888
3.16602 4614311652194516992
3.16797 4614316050241028096
3.16992 4614320448287539200
3.17188 4614324846334050304
3.17383 4614329244380561408
3.17578 4614333642427072512
3.17773 4614338040473583616
3.17969 4614342438520094720
3.18164 4614346836566605824
3.18359 4614351234613116928
3.18555 4614355632659628032
3.1875 4614360030706139136
3.18945 4614364428752650240
3.19141 4614368826799161344
3.19336 4614373224845672448
3.19531 4614377622892183552
3.19727 4614382020938694656
3.19922 4614386418985205760
3.20117 4614390817031716864
3.20312 4614395215078227968
3.20508 4614399613124739072
3.20703 4614404011171250176
3.20898 4614408409217761280
3.21094 4614412807264272384
3.21289 4614417205310783488
3.21484 4614421603357294592
3.2168 4614426001403805696
3.21875 4614430399450316800
3.2207 4614434797496827904
3.22266 4614439195543339008
3.22461 4614443593589850112
3.22656 4614447991636361216
3.22852 4614452389682872320
3.23047 4614456787729383424
3.23242 4614461185775894528
3.23438 4614465583822405632
3.23633 4614469981868916736
3.23828 4614474379915427840
3.24023 4614478777961938944
3.24219 4614483176008450048
3.24414 4614487574054961152
3.24609 4614491972101472256
3.24805 4614496370147983360
3.25 4614500768194494464
3.25195 4614505166241005568
3.25391 4614509564287516672
3.25586 4614513962334027776
3.25781 4614518360380538880
3.25977 4614522758427049984
3.26172 4614527156473561088
3.26367 4614531554520072192
3.26562 4614535952566583296
3.26758 4614540350613094400
3.26953 4614544748659605504
3.27148 4614549146706116608
3.27344 4614553544752627712
3.27539 4614557942799138816
3.27734 4614562340845649920
3.2793 4614566738892161024
3.28125 4614571136938672128
3.2832 4614575534985183232
3.28516 4614579933031694336
3.28711 4614584331078205440
3.28906 4614588729124716544
3.29102 4614593127171227648
3.29297 4614597525217738752
3.29492 4614601923264249856
3.29688 4614606321310760960
3.29883 4614610719357272064
3.30078 4614615117403783168
3.30273 4614619515450294272
3.30469 4614623913496805376
3.30664 4614628311543316480
3.30859 4614632709589827584
3.31055 4614637107636338688
3.3125 4614641505682849792
3.31445 4614645903729360896
3.31641 4614650301775872000
3.31836 4614654699822383104
3.32031 4614659097868894208
3.32227 4614663495915405312
3.32422 4614667893961916416
3.32617 4614672292008427520
3.32812 4614676690054938624
3.33008 4614681088101449728
3.33203 4614685486147960832
3.33398 4614689884194471936
3.33594 4614694282240983040
3.33789 4614698680287494144
3.33984 4614703078334005248
3.3418 4614707476380516352
3.34375 4614711874427027456
3.3457 4614716272473538560
3.34766 4614720670520049664
3.34961 4614725068566560768
3.35156 4614729466613071872
3.35352 4614733864659582976
3.35547 4614738262706094080
3.35742 4614742660752605184
3.35938 4614747058799116288
3.36133 4614751456845627392
3.36328 4614755854892138496
3.36523 4614760252938649600
3.36719 4614764650985160704
3.36914 4614769049031671808
3.37109 4614773447078182912
3.37305 4614777845124694016
3.375 4614782243171205120
3.37695 4614786641217716224
3.37891 4614791039264227328
3.38086 4614795437310738432
3.38281 4614799835357249536
3.38477 4614804233403760640
3.38672 4614808631450271744
3.38867 4614813029496782848
3.39062 4614817427543293952
3.39258 4614821825589805056
3.39453 4614826223636316160
3.39648 4614830621682827264
3.39844 4614835019729338368
3.40039 4614839417775849472
3.40234 4614843815822360576
3.4043 4614848213868871680
3.40625 4614852611915382784
3.4082 4614857009961893888
3.41016 4614861408008404992
3.41211 4614865806054916096
3.41406 4614870204101427200
3.41602 4614874602147938304
3.41797 4614879000194449408
3.41992 4614883398240960512
3.42188 4614887796287471616
3.42383 4614892194333982720
3.42578 4614896592380493824
3.42773 4614900990427004928
3.42969 4614905388473516032
3.43164 4614909786520027136
3.43359 4614914184566538240
3.43555 4614918582613049344
3.4375 4614922980659560448
3.43945 4614927378706071552
3.44141 4614931776752582656
3.44336 4614936174799093760
3.44531 4614940572845604864
3.44727 4614944970892115968
3.44922 4614949368938627072
3.45117 4614953766985138176
3.45312 4614958165031649280
3.45508 4614962563078160384
3.45703 4614966961124671488
3.45898 4614971359171182592
3.46094 4614975757217693696
3.46289 4614980155264204800
3.46484 4614984553310715904
3.4668 4614988951357227008
3.46875 4614993349403738112
3.4707 4614997747450249216
3.47266 4615002145496760320
3.47461 4615006543543271424
3.47656 4615010941589782528
3.47852 4615015339636293632
3.48047 4615019737682804736
3.48242 4615024135729315840
3.48438 4615028533775826944
3.48633 4615032931822338048
3.48828 4615037329868849152
3.49023 4615041727915360256
3.49219 4615046125961871360
3.49414 4615050524008382464
3.49609 4615054922054893568
3.49805 4615059320101404672
3.5 4615063718147915776
3.50195 4615068116194426880
3.50391 4615072514240937984
3.50586 4615076912287449088
3.50781 4615081310333960192
3.50977 4615085708380471296
3.51172 4615090106426982400
3.51367 4615094504473493504
3.51562 4615098902520004608
3.51758 4615103300566515712
3.51953 4615107698613026816
3.52148 4615112096659537920
3.52344 4615116494706049024
3.52539 4615120892752560128
3.52734 4615125290799071232
3.5293 4615129688845582336
3.53125 4615134086892093440
3.5332 4615138484938604544
3.53516 4615142882985115648
3.53711 4615147281031626752
3.53906 4615151679078137856
3.54102 4615156077124648960
3.54297 4615160475171160064
3.54492 4615164873217671168
3.54688 4615169271264182272
3.54883 4615173669310693376
3.55078 4615178067357204480
3.55273 4615182465403715584
3.55469 4615186863450226688
3.55664 4615191261496737792
3.55859 4615195659543248896
3.56055 4615200057589760000
3.5625 4615204455636271104
3.56445 4615208853682782208
3.56641 4615213251729293312
3.56836 4615217649775804416
3.57031 4615222047822315520
3.57227 4615226445868826624
3.57422 4615230843915337728
3.57617 4615235241961848832
3.57812 4615239640008359936
3.58008 4615244038054871040
3.58203 4615248436101382144
3.58398 4615252834147893248
3.58594 4615257232194404352
3.58789 4615261630240915456
3.58984 4615266028287426560
3.5918 4615270426333937664
3.59375 4615274824380448768
3.5957 4615279222426959872
3.59766 4615283620473470976
3.59961 4615288018519982080
3.60156 4615292416566493184
3.60352 4615296814613004288
3.60547 4615301212659515392
3.60742 4615305610706026496
3.60938 4615310008752537600
3.61133 4615314406799048704
3.61328 4615318804845559808
3.61523 4615323202892070912
3.61719 4615327600938582016
3.61914 4615331998985093120
3.62109 4615336397031604224
3.62305 4615340795078115328
3.625 4615345193124626432
3.62695 4615349591171137536
3.62891 4615353989217648640
3.63086 4615358387264159744
3.63281 4615362785310670848
3.63477 4615367183357181952
3.63672 4615371581403693056
3.63867 4615375979450204160
3.64062 4615380377496715264
3.64258 4615384775543226368
3.64453 4615389173589737472
3.64648 4615393571636248576
3.64844 4615397969682759680
3.65039 4615402367729270784
3.65234 4615406765775781888
3.6543 4615411163822292992
3.65625 4615415561868804096
3.6582 4615419959915315200
3.66016 4615424357961826304
3.66211 4615428756008337408
3.66406 4615433154054848512
3.66602 4615437552101359616
3.66797 4615441950147870720
3.66992 4615446348194381824
3.67188 4615450746240892928
3.67383 4615455144287404032
3.67578 4615459542333915136
3.67773 4615463940380426240
3.67969 4615468338426937344
3.68164 4615472736473448448
3.68359 4615477134519959552
3.68555 4615481532566470656
3.6875 4615485930612981760
3.68945 4615490328659492864
3.69141 4615494726706003968
3.69336 4615499124752515072
3.69531 4615503522799026176
3.69727 4615507920845537280
3.69922 4615512318892048384
3.70117 4615516716938559488
3.70312 4615521114985070592
3.70508 4615525513031581696
3.70703 4615529911078092800
3.70898 4615534309124603904
3.71094 4615538707171115008
3.71289 4615543105217626112
3.71484 4615547503264137216
3.7168 4615551901310648320
3.71875 4615556299357159424
3.7207 4615560697403670528
3.72266 4615565095450181632
3.72461 4615569493496692736
3.72656 4615573891543203840
3.72852 4615578289589714944
3.73047 4615582687636226048
3.73242 4615587085682737152
3.73438 4615591483729248256
3.73633 4615595881775759360
3.73828 4615600279822270464
3.74023 4615604677868781568
3.74219 4615609075915292672
3.74414 4615613473961803776
3.74609 4615617872008314880
3.74805 4615622270054825984
3.75 4615626668101337088
3.75195 4615631066147848192
3.75391 4615635464194359296
3.75586 4615639862240870400
3.75781 4615644260287381504
3.75977 4615648658333892608
3.76172 4615653056380403712
3.76367 4615657454426914816
3.76562 4615661852473425920
3.76758 4615666250519937024
3.76953 4615670648566448128
3.77148 4615675046612959232
3.77344 4615679444659470336
3.77539 4615683842705981440
3.77734 4615688240752492544
3.7793 4615692638799003648
3.78125 4615697036845514752
3.7832 4615701434892025856
3.78516 4615705832938536960
3.78711 4615710230985048064
3.78906 4615714629031559168
3.79102 4615719027078070272
3.79297 4615723425124581376
3.79492 4615727823171092480
3.79688 4615732221217603584
3.79883 4615736619264114688
3.80078 4615741017310625792
3.80273 4615745415357136896
3.80469 4615749813403648000
3.80664 4615754211450159104
3.80859 4615758609496670208
3.81055 4615763007543181312
3.8125 4615767405589692416
3.81445 4615771803636203520
3.81641 4615776201682714624
3.81836 4615780599729225728
3.82031 4615784997775736832
3.82227 4615789395822247936
3.82422 4615793793868759040
3.82617 4615798191915270144
3.82812 4615802589961781248
3.83008 4615806988008292352
3.83203 4615811386054803456
3.83398 4615815784101314560
3.83594 4615820182147825664
3.83789 4615824580194336768
3.83984 4615828978240847872
3.8418 4615833376287358976
3.84375 4615837774333870080
3.8457 4615842172380381184
3.84766 4615846570426892288
3.84961 4615850968473403392
3.85156 4615855366519914496
3.85352 4615859764566425600
3.85547 4615864162612936704
3.85742 4615868560659447808
3.85938 4615872958705958912
3.86133 4615877356752470016
3.86328 4615881754798981120
3.86523 4615886152845492224
3.86719 4615890550892003328
3.86914 4615894948938514432
3.87109 4615899346985025536
3.87305 4615903745031536640
3.875 4615908143078047744
3.87695 4615912541124558848
3.87891 4615916939171069952
3.88086 4615921337217581056
3.88281 4615925735264092160
3.88477 4615930133310603264
3.88672 4615934531357114368
3.88867 4615938929403625472
3.89062 4615943327450136576
3.89258 4615947725496647680
3.89453 4615952123543158784
3.89648 4615956521589669888
3.89844 4615960919636180992
3.90039 4615965317682692096
3.90234 4615969715729203200
3.9043 4615974113775714304
3.90625 4615978511822225408
3.9082 4615982909868736512
3.91016 4615987307915247616
3.91211 4615991705961758720
3.91406 4615996104008269824
3.91602 4616000502054780928
3.91797 4616004900101292032
3.91992 4616009298147803136
3.92188 4616013696194314240
3.92383 4616018094240825344
3.92578 4616022492287336448
3.92773 4616026890333847552
3.92969 4616031288380358656
3.93164 4616035686426869760
3.93359 4616040084473380864
3.93555 4616044482519891968
3.9375 4616048880566403072
3.93945 4616053278612914176
3.94141 4616057676659425280
3.94336 4616062074705936384
3.94531 4616066472752447488
3.94727 4616070870798958592
3.94922 4616075268845469696
3.95117 4616079666891980800
3.95312 4616084064938491904
3.95508 4616088462985003008
3.95703 4616092861031514112
3.95898 4616097259078025216
3.96094 4616101657124536320
3.96289 4616106055171047424
3.96484 4616110453217558528
3.9668 4616114851264069632
3.96875 4616119249310580736
3.9707 4616123647357091840
3.97266 4616128045403602944
3.97461 4616132443450114048
3.97656 4616136841496625152
3.97852 4616141239543136256
3.98047 4616145637589647360
3.98242 4616150035636158464
3.98438 4616154433682669568
3.98633 4616158831729180672
3.98828 4616163229775691776
3.99023 4616167627822202880
3.99219 4616172025868713984
3.99414 4616176423915225088
3.99609 4616180821961736192
3.99805 4616185220008247296
4 4616189618054758400
4.00391 4616194016101269504
4.00781 4616198414147780608
4.01172 4616202812194291712
4.01562 4616207210240802816
4.01953 4616211608287313920
4.02344 4616216006333825024
4.02734 4616220404380336128
4.03125 4616224802426847232
4.03516 4616229200473358336
4.03906 4616233598519869440
4.04297 4616237996566380544
4.04688 4616242394612891648
4.05078 4616246792659402752
4.05469 4616251190705913856
4.05859 4616255588752424960
4.0625 4616259986798936064
4.06641 4616264384845447168
4.07031 4616268782891958272
4.07422 4616273180938469376
4.07812 4616277578984980480
4.08203 4616281977031491584
4.08594 4616286375078002688
4.08984 4616290773124513792
4.09375 4616295171171024896
4.09766 4616299569217536000
4.10156 4616303967264047104
4.10547 4616308365310558208
4.10938 4616312763357069312
4.11328 4616317161403580416
4.11719 4616321559450091520
4.12109 4616325957496602624
4.125 4616330355543113728
4.12891 4616334753589624832
4.13281 4616339151636135936
4.13672 4616343549682647040
4.14062 4616347947729158144
4.14453 4616352345775669248
4.14844 4616356743822180352
4.15234 4616361141868691456
4.15625 4616365539915202560
4.16016 4616369937961713664
4.16406 4616374336008224768
4.16797 4616378734054735872
4.17188 4616383132101246976
4.17578 4616387530147758080
4.17969 4616391928194269184
4.18359 4616396326240780288
4.1875 4616400724287291392
4.19141 4616405122333802496
4.19531 4616409520380313600
4.19922 4616413918426824704
4.20312 4616418316473335808
4.20703 4616422714519846912
4.21094 4616427112566358016
4.21484 4616431510612869120
4.21875 4616435908659380224
4.22266 4616440306705891328
4.22656 4616444704752402432
4.23047 4616449102798913536
4.23438 4616453500845424640
4.23828 4616457898891935744
4.24219 4616462296938446848
4.24609 4616466694984957952
4.25 4616471093031469056
4.25391 4616475491077980160
4.25781 4616479889124491264
4.26172 4616484287171002368
4.26562 4616488685217513472
4.26953 4616493083264024576
4.27344 4616497481310535680
4.27734 4616501879357046784
4.28125 4616506277403557888
4.28516 4616510675450068992
4.28906 4616515073496580096
4.29297 4616519471543091200
4.29688 4616523869589602304
4.30078 4616528267636113408
4.30469 4616532665682624512
4.30859 4616537063729135616
4.3125 4616541461775646720
4.31641 4616545859822157824
4.32031 4616550257868668928
4.32422 4616554655915180032
4.32812 4616559053961691136
4.33203 4616563452008202240
4.33594 4616567850054713344
4.33984 4616572248101224448
4.34375 4616576646147735552
4.34766 4616581044194246656
4.35156 4616585442240757760
4.35547 4616589840287268864
4.35938 4616594238333779968
4.36328 4616598636380291072
4.36719 4616603034426802176
4.37109 4616607432473313280
4.375 4616611830519824384
4.37891 4616616228566335488
4.38281 4616620626612846592
4.38672 4616625024659357696
4.39062 4616629422705868800
4.39453 4616633820752379904
4.39844 4616638218798891008
4.40234 4616642616845402112
4.40625 4616647014891913216
4.41016 4616651412938424320
4.41406 4616655810984935424
4.41797 4616660209031446528
4.42188 4616664607077957632
4.42578 4616669005124468736
4.42969 4616673403170979840
4.43359 4616677801217490944
4.4375 4616682199264002048
4.44141 4616686597310513152
4.44531 4616690995357024256
4.44922 4616695393403535360
4.45312 4616699791450046464
4.45703 4616704189496557568
4.46094 4616708587543068672
4.46484 4616712985589579776
4.46875 4616717383636090880
4.47266 4616721781682601984
4.47656 4616726179729113088
4.48047 4616730577775624192
4.48438 4616734975822135296
4.48828 4616739373868646400
4.49219 4616743771915157504
4.49609 4616748169961668608
4.5 4616752568008179712
4.50391 4616756966054690816
4.50781 4616761364101201920
4.51172 4616765762147713024
4.51562 4616770160194224128
4.51953 4616774558240735232
4.52344 4616778956287246336
4.52734 4616783354333757440
4.53125 4616787752380268544
4.53516 4616792150426779648
4.53906 4616796548473290752
4.54297 4616800946519801856
4.54688 4616805344566312960
4.55078 4616809742612824064
4.55469 4616814140659335168
4.55859 4616818538705846272
4.5625 4616822936752357376
4.56641 4616827334798868480
4.57031 4616831732845379584
4.57422 4616836130891890688
4.57812 4616840528938401792
4.58203 4616844926984912896
4.58594 4616849325031424000
4.58984 4616853723077935104
4.59375 4616858121124446208
4.59766 4616862519170957312
4.60156 4616866917217468416
4.60547 4616871315263979520
4.60938 4616875713310490624
4.61328 4616880111357001728
4.61719 4616884509403512832
4.62109 4616888907450023936
4.625 4616893305496535040
4.62891 4616897703543046144
4.63281 4616902101589557248
4.63672 4616906499636068352
4.64062 4616910897682579456
4.64453 4616915295729090560
4.64844 4616919693775601664
4.65234 4616924091822112768
4.65625 4616928489868623872
4.66016 4616932887915134976
4.66406 4616937285961646080
4.66797 4616941684008157184
4.67188 4616946082054668288
4.67578 4616950480101179392
4.67969 4616954878147690496
4.68359 4616959276194201600
4.6875 4616963674240712704
4.69141 4616968072287223808
4.69531 4616972470333734912
4.69922 4616976868380246016
4.70312 4616981266426757120
4.70703 4616985664473268224
4.71094 4616990062519779328
4.71484 4616994460566290432
4.71875 4616998858612801536
4.72266 4617003256659312640
4.72656 4617007654705823744
4.73047 4617012052752334848
4.73438 4617016450798845952
4.73828 4617020848845357056
4.74219 4617025246891868160
4.74609 4617029644938379264
4.75 4617034042984890368
4.75391 4617038441031401472
4.75781 4617042839077912576
4.76172 4617047237124423680
4.76562 4617051635170934784
4.76953 4617056033217445888
4.77344 4617060431263956992
4.77734 4617064829310468096
4.78125 4617069227356979200
4.78516 4617073625403490304
4.78906 4617078023450001408
4.79297 4617082421496512512
4.79688 4617086819543023616
4.80078 4617091217589534720
4.80469 4617095615636045824
4.80859 4617100013682556928
4.8125 4617104411729068032
4.81641 4617108809775579136
4.82031 4617113207822090240
4.82422 4617117605868601344
4.82812 4617122003915112448
4.83203 4617126401961623552
4.83594 4617130800008134656
4.83984 4617135198054645760
4.84375 4617139596101156864
4.84766 4617143994147667968
4.85156 4617148392194179072
4.85547 4617152790240690176
4.85938 4617157188287201280
4.86328 4617161586333712384
4.86719 4617165984380223488
4.87109 4617170382426734592
4.875 4617174780473245696
4.87891 4617179178519756800
4.88281 4617183576566267904
4.88672 4617187974612779008
4.89062 4617192372659290112
4.89453 4617196770705801216
4.89844 4617201168752312320
4.90234 4617205566798823424
4.90625 4617209964845334528
4.91016 4617214362891845632
4.91406 4617218760938356736
4.91797 4617223158984867840
4.92188 4617227557031378944
4.92578 4617231955077890048
4.92969 4617236353124401152
4.93359 4617240751170912256
4.9375 4617245149217423360
4.94141 4617249547263934464
4.94531 4617253945310445568
4.94922 4617258343356956672
4.95312 4617262741403467776
4.95703 4617267139449978880
4.96094 4617271537496489984
4.96484 4617275935543001088
4.96875 4617280333589512192
4.97266 4617284731636023296
4.97656 4617289129682534400
4.98047 4617293527729045504
4.98438 4617297925775556608
4.98828 4617302323822067712
4.99219 4617306721868578816
4.99609 4617311119915089920
5 4617315517961601024
5.00391 4617319916008112128
5.00781 4617324314054623232
5.01172 4617328712101134336
5.01562 4617333110147645440
5.01953 4617337508194156544
5.02344 4617341906240667648
5.02734 4617346304287178752
5.03125 4617350702333689856
5.03516 4617355100380200960
5.03906 4617359498426712064
5.04297 4617363896473223168
5.04688 4617368294519734272
5.05078 4617372692566245376
5.05469 4617377090612756480
5.05859 4617381488659267584
5.0625 4617385886705778688
5.06641 4617390284752289792
5.07031 4617394682798800896
5.07422 4617399080845312000
5.07812 4617403478891823104
5.08203 4617407876938334208
5.08594 4617412274984845312
5.08984 4617416673031356416
5.09375 4617421071077867520
5.09766 4617425469124378624
5.10156 4617429867170889728
5.10547 4617434265217400832
5.10938 4617438663263911936
5.11328 4617443061310423040
5.11719 4617447459356934144
5.12109 4617451857403445248
5.125 4617456255449956352
5.12891 4617460653496467456
5.13281 4617465051542978560
5.13672 4617469449589489664
5.14062 4617473847636000768
5.14453 4617478245682511872
5.14844 4617482643729022976
5.15234 4617487041775534080
5.15625 4617491439822045184
5.16016 4617495837868556288
5.16406 4617500235915067392
5.16797 4617504633961578496
5.17188 4617509032008089600
5.17578 4617513430054600704
5.17969 4617517828101111808
5.18359 4617522226147622912
5.1875 4617526624194134016
5.19141 4617531022240645120
5.19531 4617535420287156224
5.19922 4617539818333667328
5.20312 4617544216380178432
5.20703 4617548614426689536
5.21094 4617553012473200640
5.21484 4617557410519711744
5.21875 4617561808566222848
5.22266 4617566206612733952
5.22656 4617570604659245056
5.23047 4617575002705756160
5.23438 4617579400752267264
5.23828 4617583798798778368
5.24219 4617588196845289472
5.24609 4617592594891800576
5.25 4617596992938311680
5.25391 4617601390984822784
5.25781 4617605789031333888
5.26172 4617610187077844992
5.26562 4617614585124356096
5.26953 4617618983170867200
5.27344 4617623381217378304
5.27734 4617627779263889408
5.28125 4617632177310400512
5.28516 4617636575356911616
5.28906 4617640973403422720
5.29297 4617645371449933824
5.29688 4617649769496444928
5.30078 4617654167542956032
5.30469 4617658565589467136
5.30859 4617662963635978240
5.3125 4617667361682489344
5.31641 4617671759729000448
5.32031 4617676157775511552
5.32422 4617680555822022656
5.32812 4617684953868533760
5.33203 4617689351915044864
5.33594 4617693749961555968
5.33984 4617698148008067072
5.34375 4617702546054578176
5.34766 4617706944101089280
5.35156 4617711342147600384
5.35547 4617715740194111488
5.35938 4617720138240622592
5.36328 4617724536287133696
5.36719 4617728934333644800
5.37109 4617733332380155904
5.375 4617737730426667008
5.37891 4617742128473178112
5.38281 4617746526519689216
5.38672 4617750924566200320
5.39062 4617755322612711424
5.39453 4617759720659222528
5.39844 4617764118705733632
5.40234 4617768516752244736
5.40625 4617772914798755840
5.41016 4617777312845266944
5.41406 4617781710891778048
5.41797 4617786108938289152
5.42188 4617790506984800256
5.42578 4617794905031311360
5.42969 4617799303077822464
5.43359 4617803701124333568
5.4375 4617808099170844672
5.44141 4617812497217355776
5.44531 4617816895263866880
5.44922 4617821293310377984
5.45312 4617825691356889088
5.45703 4617830089403400192
5.46094 4617834487449911296
5.46484 4617838885496422400
5.46875 4617843283542933504
5.47266 4617847681589444608
5.47656 4617852079635955712
5.48047 4617856477682466816
5.48438 4617860875728977920
5.48828 4617865273775489024
5.49219 4617869671822000128
5.49609 4617874069868511232
5.5 4617878467915022336
5.50391 4617882865961533440
5.50781 4617887264008044544
5.51172 4617891662054555648
5.51562 4617896060101066752
5.51953 4617900458147577856
5.52344 4617904856194088960
5.52734 4617909254240600064
5.53125 4617913652287111168
5.53516 4617918050333622272
5.53906 4617922448380133376
5.54297 4617926846426644480
5.54688 4617931244473155584
5.55078 4617935642519666688
5.55469 4617940040566177792
5.55859 4617944438612688896
5.5625 4617948836659200000
5.56641 4617953234705711104
5.57031 4617957632752222208
5.57422 4617962030798733312
5.57812 4617966428845244416
5.58203 4617970826891755520
5.58594 4617975224938266624
5.58984 4617979622984777728
5.59375 4617984021031288832
5.59766 4617988419077799936
5.60156 4617992817124311040
5.60547 4617997215170822144
5.60938 4618001613217333248
5.61328 4618006011263844352
5.61719 4618010409310355456
5.62109 4618014807356866560
5.625 4618019205403377664
5.62891 4618023603449888768
5.63281 4618028001496399872
5.63672 4618032399542910976
5.64062 4618036797589422080
5.64453 4618041195635933184
5.64844 4618045593682444288
5.65234 4618049991728955392
5.65625 4618054389775466496
5.66016 4618058787821977600
5.66406 4618063185868488704
5.66797 4618067583914999808
5.67188 4618071981961510912
5.67578 4618076380008022016
5.67969 4618080778054533120
5.68359 4618085176101044224
5.6875 4618089574147555328
5.69141 4618093972194066432
5.69531 4618098370240577536
5.69922 4618102768287088640
5.70312 4618107166333599744
5.70703 4618111564380110848
5.71094 4618115962426621952
5.71484 4618120360473133056
5.71875 4618124758519644160
5.72266 4618129156566155264
5.72656 4618133554612666368
5.73047 4618137952659177472
5.73438 4618142350705688576
5.73828 4618146748752199680
5.74219 4618151146798710784
5.74609 4618155544845221888
5.75 4618159942891732992
5.75391 4618164340938244096
5.75781 4618168738984755200
5.76172 4618173137031266304
5.76562 4618177535077777408
5.76953 4618181933124288512
5.77344 4618186331170799616
5.77734 4618190729217310720
5.78125 4618195127263821824
5.78516 4618199525310332928
5.78906 4618203923356844032
5.79297 4618208321403355136
5.79688 4618212719449866240
5.80078 4618217117496377344
5.80469 4618221515542888448
5.80859 4618225913589399552
5.8125 4618230311635910656
5.81641 4618234709682421760
5.82031 4618239107728932864
5.82422 4618243505775443968
5.82812 4618247903821955072
5.83203 4618252301868466176
5.83594 4618256699914977280
5.83984 4618261097961488384
5.84375 4618265496007999488
5.84766 4618269894054510592
5.85156 4618274292101021696
5.85547 4618278690147532800
5.85938 4618283088194043904
5.86328 4618287486240555008
5.86719 4618291884287066112
5.87109 4618296282333577216
5.875 4618300680380088320
5.87891 4618305078426599424
5.88281 4618309476473110528
5.88672 4618313874519621632
5.89062 4618318272566132736
5.89453 4618322670612643840
5.89844 4618327068659154944
5.90234 4618331466705666048
5.90625 4618335864752177152
5.91016 4618340262798688256
5.91406 4618344660845199360
5.91797 4618349058891710464
5.92188 4618353456938221568
5.92578 4618357854984732672
5.92969 4618362253031243776
5.93359 4618366651077754880
5.9375 4618371049124265984
5.94141 4618375447170777088
5.94531 4618379845217288192
5.94922 4618384243263799296
5.95312 4618388641310310400
5.95703 4618393039356821504
5.96094 4618397437403332608
5.96484 4618401835449843712
5.96875 4618406233496354816
5.97266 4618410631542865920
5.97656 4618415029589377024
5.98047 4618419427635888128
5.98438 4618423825682399232
5.98828 4618428223728910336
5.99219 4618432621775421440
5.99609 4618437019821932544
6 4618441417868443648
6.00391 4618445815914954752
6.00781 4618450213961465856
6.01172 4618454612007976960
6.01562 4618459010054488064
6.01953 4618463408100999168
6.02344 4618467806147510272
6.02734 4618472204194021376
6.03125 4618476602240532480
6.03516 4618481000287043584
6.03906 4618485398333554688
6.04297 4618489796380065792
6.04688 4618494194426576896
6.05078 4618498592473088000
6.05469 4618502990519599104
6.05859 4618507388566110208
6.0625 4618511786612621312
6.06641 4618516184659132416
6.07031 4618520582705643520
6.07422 4618524980752154624
6.07812 4618529378798665728
6.08203 4618533776845176832
6.08594 4618538174891687936
6.08984 4618542572938199040
6.09375 4618546970984710144
6.09766 4618551369031221248
6.10156 4618555767077732352
6.10547 4618560165124243456
6.10938 4618564563170754560
6.11328 4618568961217265664
6.11719 4618573359263776768
6.12109 4618577757310287872
6.125 4618582155356798976
6.12891 4618586553403310080
6.13281 4618590951449821184
6.13672 4618595349496332288
6.14062 4618599747542843392
6.14453 4618604145589354496
6.14844 4618608543635865600
6.15234 4618612941682376704
6.15625 4618617339728887808
6.16016 4618621737775398912
6.16406 4618626135821910016
6.16797 4618630533868421120
6.17188 4618634931914932224
6.17578 4618639329961443328
6.17969 4618643728007954432
6.18359 4618648126054465536
6.1875 4618652524100976640
6.19141 4618656922147487744
6.19531 4618661320193998848
6.19922 4618665718240509952
6.20312 4618670116287021056
6.20703 4618674514333532160
6.21094 4618678912380043264
6.21484 4618683310426554368
6.21875 4618687708473065472
6.22266 4618692106519576576
6.22656 4618696504566087680
6.23047 4618700902612598784
6.23438 4618705300659109888
6.23828 4618709698705620992
6.24219 4618714096752132096
6.24609 4618718494798643200
6.25 4618722892845154304
6.25391 4618727290891665408
6.25781 4618731688938176512
6.26172 4618736086984687616
6.26562 4618740485031198720
6.26953 4618744883077709824
6.27344 4618749281124220928
6.27734 4618753679170732032
6.28125 4618758077217243136
6.28516 4618762475263754240
6.28906 4618766873310265344
6.29297 4618771271356776448
6.29688 4618775669403287552
6.30078 4618780067449798656
6.30469 4618784465496309760
6.30859 4618788863542820864
6.3125 4618793261589331968
6.31641 4618797659635843072
6.32031 4618802057682354176
6.32422 4618806455728865280
6.32812 4618810853775376384
6.33203 4618815251821887488
6.33594 4618819649868398592
6.33984 4618824047914909696
6.34375 4618828445961420800
6.34766 4618832844007931904
6.35156 4618837242054443008
6.35547 4618841640100954112
6.35938 4618846038147465216
6.36328 4618850436193976320
6.36719 4618854834240487424
6.37109 4618859232286998528
6.375 4618863630333509632
6.37891 4618868028380020736
6.38281 4618872426426531840
6.38672 4618876824473042944
6.39062 4618881222519554048
6.39453 4618885620566065152
6.39844 4618890018612576256
6.40234 4618894416659087360
6.40625 4618898814705598464
6.41016 4618903212752109568
6.41406 4618907610798620672
6.41797 4618912008845131776
6.42188 4618916406891642880
6.42578 4618920804938153984
6.42969 4618925202984665088
6.43359 4618929601031176192
6.4375 4618933999077687296
6.44141 4618938397124198400
6.44531 4618942795170709504
6.44922 4618947193217220608
6.45312 4618951591263731712
6.45703 4618955989310242816
6.46094 4618960387356753920
6.46484 4618964785403265024
6.46875 4618969183449776128
6.47266 4618973581496287232
6.47656 4618977979542798336
6.48047 4618982377589309440
6.48438 4618986775635820544
6.48828 4618991173682331648
6.49219 4618995571728842752
6.49609 4618999969775353856
6.5 4619004367821864960
6.50391 4619008765868376064
6.50781 4619013163914887168
6.51172 4619017561961398272
6.51562 4619021960007909376
6.51953 4619026358054420480
6.52344 4619030756100931584
6.52734 4619035154147442688
6.53125 4619039552193953792
6.53516 4619043950240464896
6.53906 4619048348286976000
6.54297 4619052746333487104
6.54688 4619057144379998208
6.55078 4619061542426509312
6.55469 4619065940473020416
6.55859 4619070338519531520
6.5625 4619074736566042624
6.56641 4619079134612553728
6.57031 4619083532659064832
6.57422 4619087930705575936
6.57812 4619092328752087040
6.58203 4619096726798598144
6.58594 4619101124845109248
6.58984 4619105522891620352
6.59375 4619109920938131456
6.59766 4619114318984642560
6.60156 4619118717031153664
6.60547 4619123115077664768
6.60938 4619127513124175872
6.61328 4619131911170686976
6.61719 4619136309217198080
6.62109 4619140707263709184
6.625 4619145105310220288
6.62891 4619149503356731392
6.63281 4619153901403242496
6.63672 4619158299449753600
6.64062 4619162697496264704
6.64453 4619167095542775808
6.64844 4619171493589286912
6.65234 4619175891635798016
6.65625 4619180289682309120
6.66016 4619184687728820224
6.66406 4619189085775331328
6.66797 4619193483821842432
6.67188 4619197881868353536
6.67578 4619202279914864640
6.67969 4619206677961375744
6.68359 4619211076007886848
6.6875 4619215474054397952
6.69141 4619219872100909056
6.69531 4619224270147420160
6.69922 4619228668193931264
6.70312 4619233066240442368
6.70703 4619237464286953472
6.71094 4619241862333464576
6.71484 4619246260379975680
6.71875 4619250658426486784
6.72266 4619255056472997888
6.72656 4619259454519508992
6.73047 4619263852566020096
6.73438 4619268250612531200
6.73828 4619272648659042304
6.74219 4619277046705553408
6.74609 4619281444752064512
6.75 4619285842798575616
6.75391 4619290240845086720
6.75781 4619294638891597824
6.76172 4619299036938108928
6.76562 4619303434984620032
6.76953 4619307833031131136
6.77344 4619312231077642240
6.77734 4619316629124153344
6.78125 4619321027170664448
6.78516 4619325425217175552
6.78906 4619329823263686656
6.79297 4619334221310197760
6.79688 4619338619356708864
6.80078 4619343017403219968
6.80469 4619347415449731072
6.80859 4619351813496242176
6.8125 4619356211542753280
6.81641 4619360609589264384
6.82031 4619365007635775488
6.82422 4619369405682286592
6.82812 4619373803728797696
6.83203 4619378201775308800
6.83594 4619382599821819904
6.83984 4619386997868331008
6.84375 4619391395914842112
6.84766 4619395793961353216
6.85156 4619400192007864320
6.85547 4619404590054375424
6.85938 4619408988100886528
6.86328 4619413386147397632
6.86719 4619417784193908736
6.87109 4619422182240419840
6.875 4619426580286930944
6.87891 4619430978333442048
6.88281 4619435376379953152
6.88672 4619439774426464256
6.89062 4619444172472975360
6.89453 4619448570519486464
6.89844 4619452968565997568
6.90234 4619457366612508672
6.90625 4619461764659019776
6.91016 4619466162705530880
6.91406 4619470560752041984
6.91797 4619474958798553088
6.92188 4619479356845064192
6.92578 4619483754891575296
6.92969 4619488152938086400
6.93359 4619492550984597504
6.9375 4619496949031108608
6.94141 4619501347077619712
6.94531 4619505745124130816
6.94922 4619510143170641920
6.95312 4619514541217153024
6.95703 4619518939263664128
6.96094 4619523337310175232
6.96484 4619527735356686336
6.96875 4619532133403197440
6.97266 4619536531449708544
6.97656 4619540929496219648
6.98047 4619545327542730752
6.98438 4619549725589241856
6.98828 4619554123635752960
6.99219 4619558521682264064
6.99609 4619562919728775168
7 4619567317775286272
7.00391 4619571715821797376
7.00781 4619576113868308480
7.01172 4619580511914819584
7.01562 4619584909961330688
7.01953 4619589308007841792
7.02344 4619593706054352896
7.02734 4619598104100864000
7.03125 4619602502147375104
7.03516 4619606900193886208
7.03906 4619611298240397312
7.04297 4619615696286908416
7.04688 4619620094333419520
7.05078 4619624492379930624
7.05469 4619628890426441728
7.05859 4619633288472952832
7.0625 4619637686519463936
7.06641 4619642084565975040
7.07031 4619646482612486144
7.07422 4619650880658997248
7.07812 4619655278705508352
7.08203 4619659676752019456
7.08594 4619664074798530560
7.08984 4619668472845041664
7.09375 4619672870891552768
7.09766 4619677268938063872
7.10156 4619681666984574976
7.10547 4619686065031086080
7.10938 4619690463077597184
7.11328 4619694861124108288
7.11719 4619699259170619392
7.12109 4619703657217130496
7.125 4619708055263641600
7.12891 4619712453310152704
7.13281 4619716851356663808
7.13672 4619721249403174912
7.14062 4619725647449686016
7.14453 4619730045496197120
7.14844 4619734443542708224
7.15234 4619738841589219328
7.15625 4619743239635730432
7.16016 4619747637682241536
7.16406 4619752035728752640
7.16797 4619756433775263744
7.17188 4619760831821774848
7.17578 4619765229868285952
7.17969 4619769627914797056
7.18359 4619774025961308160
7.1875 4619778424007819264
7.19141 4619782822054330368
7.19531 4619787220100841472
7.19922 4619791618147352576
7.20312 4619796016193863680
7.20703 4619800414240374784
7.21094 4619804812286885888
7.21484 4619809210333396992
7.21875 4619813608379908096
7.22266 4619818006426419200
7.22656 4619822404472930304
7.23047 4619826802519441408
7.23438 4619831200565952512
7.23828 4619835598612463616
7.24219 4619839996658974720
7.24609 4619844394705485824
7.25 4619848792751996928
7.25391 4619853190798508032
7.25781 4619857588845019136
7.26172 4619861986891530240
7.26562 4619866384938041344
7.26953 4619870782984552448
7.27344 4619875181031063552
7.27734 4619879579077574656
7.28125 4619883977124085760
7.28516 4619888375170596864
7.28906 4619892773217107968
7.29297 4619897171263619072
7.29688 4619901569310130176
7.30078 4619905967356641280
7.30469 4619910365403152384
7.30859 4619914763449663488
7.3125 4619919161496174592
7.31641 4619923559542685696
7.32031 4619927957589196800
7.32422 4619932355635707904
7.32812 4619936753682219008
7.33203 4619941151728730112
7.33594 4619945549775241216
7.33984 4619949947821752320
7.34375 4619954345868263424
7.34766 4619958743914774528
7.35156 4619963141961285632
7.35547 4619967540007796736
7.35938 4619971938054307840
7.36328 4619976336100818944
7.36719 4619980734147330048
7.37109 4619985132193841152
7.375 4619989530240352256
7.37891 4619993928286863360
7.38281 4619998326333374464
7.38672 4620002724379885568
7.39062 4620007122426396672
7.39453 4620011520472907776
7.39844 4620015918519418880
7.40234 4620020316565929984
7.40625 4620024714612441088
7.41016 4620029112658952192
7.41406 4620033510705463296
7.41797 4620037908751974400
7.42188 4620042306798485504
7.42578 4620046704844996608
7.42969 4620051102891507712
7.43359 4620055500938018816
7.4375 4620059898984529920
7.44141 4620064297031041024
7.44531 4620068695077552128
7.44922 4620073093124063232
7.45312 4620077491170574336
7.45703 4620081889217085440
7.46094 4620086287263596544
7.46484 4620090685310107648
7.46875 4620095083356618752
7.47266 4620099481403129856
7.47656 4620103879449640960
7.48047 4620108277496152064
7.48438 4620112675542663168
7.48828 4620117073589174272
7.49219 4620121471635685376
7.49609 4620125869682196480
7.5 4620130267728707584
7.50391 4620134665775218688
7.50781 4620139063821729792
7.51172 4620143461868240896
7.51562 4620147859914752000
7.51953 4620152257961263104
7.52344 4620156656007774208
7.52734 4620161054054285312
7.53125 4620165452100796416
7.53516 4620169850147307520
7.53906 4620174248193818624
7.54297 4620178646240329728
7.54688 4620183044286840832
7.55078 4620187442333351936
7.55469 4620191840379863040
7.55859 4620196238426374144
7.5625 4620200636472885248
7.56641 4620205034519396352
7.57031 4620209432565907456
7.57422 4620213830612418560
7.57812 4620218228658929664
7.58203 4620222626705440768
7.58594 4620227024751951872
7.58984 4620231422798462976
7.59375 4620235820844974080
7.59766 4620240218891485184
7.60156 4620244616937996288
7.60547 4620249014984507392
7.60938 4620253413031018496
7.61328 4620257811077529600
7.61719 4620262209124040704
7.62109 4620266607170551808
7.625 4620271005217062912
7.62891 4620275403263574016
7.63281 4620279801310085120
7.63672 4620284199356596224
7.64062 4620288597403107328
7.64453 4620292995449618432
7.64844 4620297393496129536
7.65234 4620301791542640640
7.65625 4620306189589151744
7.66016 4620310587635662848
7.66406 4620314985682173952
7.66797 4620319383728685056
7.67188 4620323781775196160
7.67578 4620328179821707264
7.67969 4620332577868218368
7.68359 4620336975914729472
7.6875 4620341373961240576
7.69141 4620345772007751680
7.69531 4620350170054262784
7.69922 4620354568100773888
7.70312 4620358966147284992
7.70703 4620363364193796096
7.71094 4620367762240307200
7.71484 4620372160286818304
7.71875 4620376558333329408
7.72266 4620380956379840512
7.72656 4620385354426351616
7.73047 4620389752472862720
7.73438 4620394150519373824
7.73828 4620398548565884928
7.74219 4620402946612396032
7.74609 4620407344658907136
7.75 4620411742705418240
7.75391 4620416140751929344
7.75781 4620420538798440448
7.76172 4620424936844951552
7.76562 4620429334891462656
7.76953 4620433732937973760
7.77344 4620438130984484864
7.77734 4620442529030995968
7.78125 4620446927077507072
7.78516 4620451325124018176
7.78906 4620455723170529280
7.79297 4620460121217040384
7.79688 4620464519263551488
7.80078 4620468917310062592
7.80469 4620473315356573696
7.80859 4620477713403084800
7.8125 4620482111449595904
7.81641 4620486509496107008
7.82031 4620490907542618112
7.82422 4620495305589129216
7.82812 4620499703635640320
7.83203 4620504101682151424
7.83594 4620508499728662528
7.83984 4620512897775173632
7.84375 4620517295821684736
7.84766 4620521693868195840
7.85156 4620526091914706944
7.85547 4620530489961218048
7.85938 4620534888007729152
7.86328 4620539286054240256
7.86719 4620543684100751360
7.87109 4620548082147262464
7.875 4620552480193773568
7.87891 4620556878240284672
7.88281 4620561276286795776
7.88672 4620565674333306880
7.89062 4620570072379817984
7.89453 4620574470426329088
7.89844 4620578868472840192
7.90234 4620583266519351296
7.90625 4620587664565862400
7.91016 4620592062612373504
7.91406 4620596460658884608
7.91797 4620600858705395712
7.92188 4620605256751906816
7.92578 4620609654798417920
7.92969 4620614052844929024
7.93359 4620618450891440128
7.9375 4620622848937951232
7.94141 4620627246984462336
7.94531 4620631645030973440
7.94922 4620636043077484544
7.95312 4620640441123995648
7.95703 4620644839170506752
7.96094 4620649237217017856
7.96484 4620653635263528960
7.96875 4620658033310040064
7.97266 4620662431356551168
7.97656 4620666829403062272
7.98047 4620671227449573376
7.98438 4620675625496084480
7.98828 4620680023542595584
7.99219 4620684421589106688
7.99609 4620688819635617792
8 4620693217682128896
8.00781 4620697615728640000
8.01562 4620702013775151104
8.02344 4620706411821662208
8.03125 4620710809868173312
8.03906 4620715207914684416
8.04688 4620719605961195520
8.05469 4620724004007706624
8.0625 4620728402054217728
8.07031 4620732800100728832
8.07812 4620737198147239936
8.08594 4620741596193751040
8.09375 4620745994240262144
8.10156 4620750392286773248
8.10938 4620754790333284352
8.11719 4620759188379795456
8.125 4620763586426306560
8.13281 4620767984472817664
8.14062 4620772382519328768
8.14844 4620776780565839872
8.15625 4620781178612350976
8.16406 4620785576658862080
8.17188 4620789974705373184
8.17969 4620794372751884288
8.1875 4620798770798395392
8.19531 4620803168844906496
8.20312 4620807566891417600
8.21094 4620811964937928704
8.21875 4620816362984439808
8.22656 4620820761030950912
8.23438 4620825159077462016
8.24219 4620829557123973120
8.25 4620833955170484224
8.25781 4620838353216995328
8.26562 4620842751263506432
8.27344 4620847149310017536
8.28125 4620851547356528640
8.28906 4620855945403039744
8.29688 4620860343449550848
8.30469 4620864741496061952
8.3125 4620869139542573056
8.32031 4620873537589084160
8.32812 4620877935635595264
8.33594 4620882333682106368
8.34375 4620886731728617472
8.35156 4620891129775128576
8.35938 4620895527821639680
8.36719 4620899925868150784
8.375 4620904323914661888
8.38281 4620908721961172992
8.39062 4620913120007684096
8.39844 4620917518054195200
8.40625 4620921916100706304
8.41406 4620926314147217408
8.42188 4620930712193728512
8.42969 4620935110240239616
8.4375 4620939508286750720
8.44531 4620943906333261824
8.45312 4620948304379772928
8.46094 4620952702426284032
8.46875 4620957100472795136
8.47656 4620961498519306240
8.48438 4620965896565817344
8.49219 4620970294612328448
8.5 4620974692658839552
8.50781 4620979090705350656
8.51562 4620983488751861760
8.52344 4620987886798372864
8.53125 4620992284844883968
8.53906 4620996682891395072
8.54688 4621001080937906176
8.55469 4621005478984417280
8.5625 4621009877030928384
8.57031 4621014275077439488
8.57812 4621018673123950592
8.58594 4621023071170461696
8.59375 4621027469216972800
8.60156 4621031867263483904
8.60938 4621036265309995008
8.61719 4621040663356506112
8.625 4621045061403017216
8.63281 4621049459449528320
8.64062 4621053857496039424
8.64844 4621058255542550528
8.65625 4621062653589061632
8.66406 4621067051635572736
8.67188 4621071449682083840
8.67969 4621075847728594944
8.6875 4621080245775106048
8.69531 4621084643821617152
8.70312 4621089041868128256
8.71094 4621093439914639360
8.71875 4621097837961150464
8.72656 4621102236007661568
8.73438 4621106634054172672
8.74219 4621111032100683776
8.75 4621115430147194880
8.75781 4621119828193705984
8.76562 4621124226240217088
8.77344 4621128624286728192
8.78125 4621133022333239296
8.78906 4621137420379750400
8.79688 4621141818426261504
8.80469 4621146216472772608
8.8125 4621150614519283712
8.82031 4621155012565794816
8.82812 4621159410612305920
8.83594 4621163808658817024
8.84375 4621168206705328128
8.85156 4621172604751839232
8.85938 4621177002798350336
8.86719 4621181400844861440
8.875 4621185798891372544
8.88281 4621190196937883648
8.89062 4621194594984394752
8.89844 4621198993030905856
8.90625 4621203391077416960
8.91406 4621207789123928064
8.92188 4621212187170439168
8.92969 4621216585216950272
8.9375 4621220983263461376
8.94531 4621225381309972480
8.95312 4621229779356483584
8.96094 4621234177402994688
8.96875 4621238575449505792
8.97656 4621242973496016896
8.98438 4621247371542528000
8.99219 4621251769589039104
9 4621256167635550208
9.00781 4621260565682061312
9.01562 4621264963728572416
9.02344 4621269361775083520
9.03125 4621273759821594624
9.03906 4621278157868105728
9.04688 4621282555914616832
9.05469 4621286953961127936
9.0625 4621291352007639040
9.07031 4621295750054150144
9.07812 4621300148100661248
9.08594 4621304546147172352
9.09375 4621308944193683456
9.10156 4621313342240194560
9.10938 4621317740286705664
9.11719 4621322138333216768
9.125 4621326536379727872
9.13281 4621330934426238976
9.14062 4621335332472750080
9.14844 4621339730519261184
9.15625 4621344128565772288
9.16406 4621348526612283392
9.17188 4621352924658794496
9.17969 4621357322705305600
9.1875 4621361720751816704
9.19531 4621366118798327808
9.20312 4621370516844838912
9.21094 4621374914891350016
9.21875 4621379312937861120
9.22656 4621383710984372224
9.23438 4621388109030883328
9.24219 4621392507077394432
9.25 4621396905123905536
9.25781 4621401303170416640
9.26562 4621405701216927744
9.27344 4621410099263438848
9.28125 4621414497309949952
9.28906 4621418895356461056
9.29688 4621423293402972160
9.30469 4621427691449483264
9.3125 4621432089495994368
9.32031 4621436487542505472
9.32812 4621440885589016576
9.33594 4621445283635527680
9.34375 4621449681682038784
9.35156 4621454079728549888
9.35938 4621458477775060992
9.36719 4621462875821572096
9.375 4621467273868083200
9.38281 4621471671914594304
9.39062 4621476069961105408
9.39844 4621480468007616512
9.40625 4621484866054127616
9.41406 4621489264100638720
9.42188 4621493662147149824
9.42969 4621498060193660928
9.4375 4621502458240172032
9.44531 4621506856286683136
9.45312 4621511254333194240
9.46094 4621515652379705344
9.46875 4621520050426216448
9.47656 4621524448472727552
9.48438 4621528846519238656
9.49219 4621533244565749760
9.5 4621537642612260864
9.50781 4621542040658771968
9.51562 4621546438705283072
9.52344 4621550836751794176
9.53125 4621555234798305280
9.53906 4621559632844816384
9.54688 4621564030891327488
9.55469 4621568428937838592
9.5625 4621572826984349696
9.57031 4621577225030860800
9.57812 4621581623077371904
9.58594 4621586021123883008
9.59375 4621590419170394112
9.60156 4621594817216905216
9.60938 4621599215263416320
9.61719 4621603613309927424
9.625 4621608011356438528
9.63281 4621612409402949632
9.64062 4621616807449460736
9.64844 4621621205495971840
9.65625 4621625603542482944
9.66406 4621630001588994048
9.67188 4621634399635505152
9.67969 4621638797682016256
9.6875 4621643195728527360
9.69531 4621647593775038464
9.70312 4621651991821549568
9.71094 4621656389868060672
9.71875 4621660787914571776
9.72656 4621665185961082880
9.73438 4621669584007593984
9.74219 4621673982054105088
9.75 4621678380100616192
9.75781 4621682778147127296
9.76562 4621687176193638400
9.77344 4621691574240149504
9.78125 4621695972286660608
9.78906 4621700370333171712
9.79688 4621704768379682816
9.80469 4621709166426193920
9.8125 4621713564472705024
9.82031 4621717962519216128
9.82812 4621722360565727232
9.83594 4621726758612238336
9.84375 4621731156658749440
9.85156 4621735554705260544
9.85938 4621739952751771648
9.86719 4621744350798282752
9.875 4621748748844793856
9.88281 4621753146891304960
9.89062 4621757544937816064
9.89844 4621761942984327168
9.90625 4621766341030838272
9.91406 4621770739077349376
9.92188 4621775137123860480
9.92969 4621779535170371584
9.9375 4621783933216882688
9.94531 4621788331263393792
9.95312 4621792729309904896
9.96094 4621797127356416000
9.96875 4621801525402927104
9.97656 4621805923449438208
9.98438 4621810321495949312
9.99219 4621814719542460416
10 4621819117588971520
10.0078 4621823515635482624
10.0156 4621827913681993728
10.0234 4621832311728504832
10.0312 4621836709775015936
10.0391 4621841107821527040
10.0469 4621845505868038144
10.0547 4621849903914549248
10.0625 4621854301961060352
10.0703 4621858700007571456
10.0781 4621863098054082560
10.0859 4621867496100593664
10.0938 4621871894147104768
10.1016 4621876292193615872
10.1094 4621880690240126976
10.1172 4621885088286638080
10.125 4621889486333149184
10.1328 4621893884379660288
10.1406 4621898282426171392
10.1484 4621902680472682496
10.1562 4621907078519193600
10.1641 4621911476565704704
10.1719 4621915874612215808
10.1797 4621920272658726912
10.1875 4621924670705238016
10.1953 4621929068751749120
10.2031 4621933466798260224
10.2109 4621937864844771328
10.2188 4621942262891282432
10.2266 4621946660937793536
10.2344 4621951058984304640
10.2422 4621955457030815744
10.25 4621959855077326848
10.2578 4621964253123837952
10.2656 4621968651170349056
10.2734 4621973049216860160
10.2812 4621977447263371264
10.2891 4621981845309882368
10.2969 4621986243356393472
10.3047 4621990641402904576
10.3125 4621995039449415680
10.3203 4621999437495926784
10.3281 4622003835542437888
10.3359 4622008233588948992
10.3438 4622012631635460096
10.3516 4622017029681971200
10.3594 4622021427728482304
10.3672 4622025825774993408
10.375 4622030223821504512
10.3828 4622034621868015616
10.3906 4622039019914526720
10.3984 4622043417961037824
10.4062 4622047816007548928
10.4141 4622052214054060032
10.4219 4622056612100571136
10.4297 4622061010147082240
10.4375 4622065408193593344
10.4453 4622069806240104448
10.4531 4622074204286615552
10.4609 4622078602333126656
10.4688 4622083000379637760
10.4766 4622087398426148864
10.4844 4622091796472659968
10.4922 4622096194519171072
10.5 4622100592565682176
10.5078 4622104990612193280
10.5156 4622109388658704384
10.5234 4622113786705215488
10.5312 4622118184751726592
10.5391 4622122582798237696
10.5469 4622126980844748800
10.5547 4622131378891259904
10.5625 4622135776937771008
10.5703 4622140174984282112
10.5781 4622144573030793216
10.5859 4622148971077304320
10.5938 4622153369123815424
10.6016 4622157767170326528
10.6094 4622162165216837632
10.6172 4622166563263348736
10.625 4622170961309859840
10.6328 4622175359356370944
10.6406 4622179757402882048
10.6484 4622184155449393152
10.6562 4622188553495904256
10.6641 4622192951542415360
10.6719 4622197349588926464
10.6797 4622201747635437568
10.6875 4622206145681948672
10.6953 4622210543728459776
10.7031 4622214941774970880
10.7109 4622219339821481984
10.7188 4622223737867993088
10.7266 4622228135914504192
10.7344 4622232533961015296
10.7422 4622236932007526400
10.75 4622241330054037504
10.7578 4622245728100548608
10.7656 4622250126147059712
10.7734 4622254524193570816
10.7812 4622258922240081920
10.7891 4622263320286593024
10.7969 4622267718333104128
10.8047 4622272116379615232
10.8125 4622276514426126336
10.8203 4622280912472637440
10.8281 4622285310519148544
10.8359 4622289708565659648
10.8438 4622294106612170752
10.8516 4622298504658681856
10.8594 4622302902705192960
10.8672 4622307300751704064
10.875 4622311698798215168
10.8828 4622316096844726272
10.8906 4622320494891237376
10.8984 4622324892937748480
10.9062 4622329290984259584
10.9141 4622333689030770688
10.9219 4622338087077281792
10.9297 4622342485123792896
10.9375 4622346883170304000
10.9453 4622351281216815104
10.9531 4622355679263326208
10.9609 4622360077309837312
10.9688 4622364475356348416
10.9766 4622368873402859520
10.9844 4622373271449370624
10.9922 4622377669495881728
11 4622382067542392832
11.0078 4622386465588903936
11.0156 4622390863635415040
11.0234 4622395261681926144
11.0312 4622399659728437248
11.0391 4622404057774948352
11.0469 4622408455821459456
11.0547 4622412853867970560
11.0625 4622417251914481664
11.0703 4622421649960992768
11.0781 4622426048007503872
11.0859 4622430446054014976
11.0938 4622434844100526080
11.1016 4622439242147037184
11.1094 4622443640193548288
11.1172 4622448038240059392
11.125 4622452436286570496
11.1328 4622456834333081600
11.1406 4622461232379592704
11.1484 4622465630426103808
11.1562 4622470028472614912
11.1641 4622474426519126016
11.1719 4622478824565637120
11.1797 4622483222612148224
11.1875 4622487620658659328
11.1953 4622492018705170432
11.2031 4622496416751681536
11.2109 4622500814798192640
11.2188 4622505212844703744
11.2266 4622509610891214848
11.2344 4622514008937725952
11.2422 4622518406984237056
11.25 4622522805030748160
11.2578 4622527203077259264
11.2656 4622531601123770368
11.2734 4622535999170281472
11.2812 4622540397216792576
11.2891 4622544795263303680
11.2969 4622549193309814784
11.3047 4622553591356325888
11.3125 4622557989402836992
11.3203 4622562387449348096
11.3281 4622566785495859200
11.3359 4622571183542370304
11.3438 4622575581588881408
11.3516 4622579979635392512
11.3594 4622584377681903616
11.3672 4622588775728414720
11.375 4622593173774925824
11.3828 4622597571821436928
11.3906 4622601969867948032
11.3984 4622606367914459136
11.4062 4622610765960970240
11.4141 4622615164007481344
11.4219 4622619562053992448
11.4297 4622623960100503552
11.4375 4622628358147014656
11.4453 4622632756193525760
11.4531 4622637154240036864
11.4609 4622641552286547968
11.4688 4622645950333059072
11.4766 4622650348379570176
11.4844 4622654746426081280
11.4922 4622659144472592384
11.5 4622663542519103488
11.5078 4622667940565614592
11.5156 4622672338612125696
11.5234 4622676736658636800
11.5312 4622681134705147904
11.5391 4622685532751659008
11.5469 4622689930798170112
11.5547 4622694328844681216
11.5625 4622698726891192320
11.5703 4622703124937703424
11.5781 4622707522984214528
11.5859 4622711921030725632
11.5938 4622716319077236736
11.6016 4622720717123747840
11.6094 4622725115170258944
11.6172 4622729513216770048
11.625 4622733911263281152
11.6328 4622738309309792256
11.6406 4622742707356303360
11.6484 4622747105402814464
11.6562 4622751503449325568
11.6641 4622755901495836672
11.6719 4622760299542347776
11.6797 4622764697588858880
11.6875 4622769095635369984
11.6953 4622773493681881088
11.7031 4622777891728392192
11.7109 4622782289774903296
11.7188 4622786687821414400
11.7266 4622791085867925504
11.7344 4622795483914436608
11.7422 4622799881960947712
11.75 4622804280007458816
11.7578 4622808678053969920
11.7656 4622813076100481024
11.7734 4622817474146992128
11.7812 4622821872193503232
11.7891 4622826270240014336
11.7969 4622830668286525440
11.8047 4622835066333036544
11.8125 4622839464379547648
11.8203 4622843862426058752
11.8281 4622848260472569856
11.8359 4622852658519080960
11.8438 4622857056565592064
11.8516 4622861454612103168
11.8594 4622865852658614272
11.8672 4622870250705125376
11.875 4622874648751636480
11.8828 4622879046798147584
11.8906 4622883444844658688
11.8984 4622887842891169792
11.9062 4622892240937680896
11.9141 4622896638984192000
11.9219 4622901037030703104
11.9297 4622905435077214208
11.9375 4622909833123725312
11.9453 4622914231170236416
11.9531 4622918629216747520
11.9609 4622923027263258624
11.9688 4622927425309769728
11.9766 4622931823356280832
11.9844 4622936221402791936
11.9922 4622940619449303040
12 4622945017495814144
12.0078 4622949415542325248
12.0156 4622953813588836352
12.0234 4622958211635347456
12.0312 4622962609681858560
12.0391 4622967007728369664
12.0469 4622971405774880768
12.0547 4622975803821391872
12.0625 4622980201867902976
12.0703 4622984599914414080
12.0781 4622988997960925184
12.0859 4622993396007436288
12.0938 4622997794053947392
12.1016 4623002192100458496
12.1094 4623006590146969600
12.1172 4623010988193480704
12.125 4623015386239991808
12.1328 4623019784286502912
12.1406 4623024182333014016
12.1484 4623028580379525120
12.1562 4623032978426036224
12.1641 4623037376472547328
12.1719 4623041774519058432
12.1797 4623046172565569536
12.1875 4623050570612080640
12.1953 4623054968658591744
12.2031 4623059366705102848
12.2109 4623063764751613952
12.2188 4623068162798125056
12.2266 4623072560844636160
12.2344 4623076958891147264
12.2422 4623081356937658368
12.25 4623085754984169472
12.2578 4623090153030680576
12.2656 4623094551077191680
12.2734 4623098949123702784
12.2812 4623103347170213888
12.2891 4623107745216724992
12.2969 4623112143263236096
12.3047 4623116541309747200
12.3125 4623120939356258304
12.3203 4623125337402769408
12.3281 4623129735449280512
12.3359 4623134133495791616
12.3438 4623138531542302720
12.3516 4623142929588813824
12.3594 4623147327635324928
12.3672 4623151725681836032
12.375 4623156123728347136
12.3828 4623160521774858240
12.3906 4623164919821369344
12.3984 4623169317867880448
12.4062 4623173715914391552
12.4141 4623178113960902656
12.4219 4623182512007413760
12.4297 4623186910053924864
12.4375 4623191308100435968
12.4453 4623195706146947072
12.4531 4623200104193458176
12.4609 4623204502239969280
12.4688 4623208900286480384
12.4766 4623213298332991488
12.4844 4623217696379502592
12.4922 4623222094426013696
12.5 4623226492472524800
12.5078 4623230890519035904
12.5156 4623235288565547008
12.5234 4623239686612058112
12.5312 4623244084658569216
12.5391 4623248482705080320
12.5469 4623252880751591424
12.5547 4623257278798102528
12.5625 4623261676844613632
12.5703 4623266074891124736
12.5781 4623270472937635840
12.5859 4623274870984146944
12.5938 4623279269030658048
12.6016 4623283667077169152
12.6094 4623288065123680256
12.6172 4623292463170191360
12.625 4623296861216702464
12.6328 4623301259263213568
12.6406 4623305657309724672
12.6484 4623310055356235776
12.6562 4623314453402746880
12.6641 4623318851449257984
12.6719 4623323249495769088
12.6797 4623327647542280192
12.6875 4623332045588791296
12.6953 4623336443635302400
12.7031 4623340841681813504
12.7109 4623345239728324608
12.7188 4623349637774835712
12.7266 4623354035821346816
12.7344 4623358433867857920
12.7422 4623362831914369024
12.75 4623367229960880128
12.7578 4623371628007391232
12.7656 4623376026053902336
12.7734 4623380424100413440
12.7812 4623384822146924544
12.7891 4623389220193435648
12.7969 4623393618239946752
12.8047 4623398016286457856
12.8125 4623402414332968960
12.8203 4623406812379480064
12.8281 4623411210425991168
12.8359 4623415608472502272
12.8438 4623420006519013376
12.8516 4623424404565524480
12.8594 4623428802612035584
12.8672 4623433200658546688
12.875 4623437598705057792
12.8828 4623441996751568896
12.8906 4623446394798080000
12.8984 4623450792844591104
12.9062 4623455190891102208
12.9141 4623459588937613312
12.9219 4623463986984124416
12.9297 4623468385030635520
12.9375 4623472783077146624
12.9453 4623477181123657728
12.9531 4623481579170168832
12.9609 4623485977216679936
12.9688 4623490375263191040
12.9766 4623494773309702144
12.9844 4623499171356213248
12.9922 4623503569402724352
13 4623507967449235456
13.0078 4623512365495746560
13.0156 4623516763542257664
13.0234 4623521161588768768
13.0312 4623525559635279872
13.0391 4623529957681790976
13.0469 4623534355728302080
13.0547 4623538753774813184
13.0625 4623543151821324288
13.0703 4623547549867835392
13.0781 4623551947914346496
13.0859 4623556345960857600
13.0938 4623560744007368704
13.1016 4623565142053879808
13.1094 4623569540100390912
13.1172 4623573938146902016
13.125 4623578336193413120
13.1328 4623582734239924224
13.1406 4623587132286435328
13.1484 4623591530332946432
13.1562 4623595928379457536
13.1641 4623600326425968640
13.1719 4623604724472479744
13.1797 4623609122518990848
13.1875 4623613520565501952
13.1953 4623617918612013056
13.2031 4623622316658524160
13.2109 4623626714705035264
13.2188 4623631112751546368
13.2266 4623635510798057472
13.2344 4623639908844568576
13.2422 4623644306891079680
13.25 4623648704937590784
13.2578 4623653102984101888
13.2656 4623657501030612992
13.2734 4623661899077124096
13.2812 4623666297123635200
13.2891 4623670695170146304
13.2969 4623675093216657408
13.3047 4623679491263168512
13.3125 4623683889309679616
13.3203 4623688287356190720
13.3281 4623692685402701824
13.3359 4623697083449212928
13.3438 4623701481495724032
13.3516 4623705879542235136
13.3594 4623710277588746240
13.3672 4623714675635257344
13.375 4623719073681768448
13.3828 4623723471728279552
13.3906 4623727869774790656
13.3984 4623732267821301760
13.4062 4623736665867812864
13.4141 4623741063914323968
13.4219 4623745461960835072
13.4297 4623749860007346176
13.4375 4623754258053857280
13.4453 4623758656100368384
13.4531 4623763054146879488
13.4609 4623767452193390592
13.4688 4623771850239901696
13.4766 4623776248286412800
13.4844 4623780646332923904
13.4922 4623785044379435008
13.5 4623789442425946112
13.5078 4623793840472457216
13.5156 4623798238518968320
13.5234 4623802636565479424
13.5312 4623807034611990528
13.5391 4623811432658501632
13.5469 4623815830705012736
13.5547 4623820228751523840
13.5625 4623824626798034944
13.5703 4623829024844546048
13.5781 4623833422891057152
13.5859 4623837820937568256
13.5938 4623842218984079360
13.6016 4623846617030590464
13.6094 4623851015077101568
13.6172 4623855413123612672
13.625 4623859811170123776
13.6328 4623864209216634880
13.6406 4623868607263145984
13.6484 4623873005309657088
13.6562 4623877403356168192
13.6641 4623881801402679296
13.6719 4623886199449190400
13.6797 4623890597495701504
13.6875 4623894995542212608
13.6953 4623899393588723712
13.7031 4623903791635234816
13.7109 4623908189681745920
13.7188 4623912587728257024
13.7266 4623916985774768128
13.7344 4623921383821279232
13.7422 4623925781867790336
13.75 4623930179914301440
13.7578 4623934577960812544
13.7656 4623938976007323648
13.7734 4623943374053834752
13.7812 4623947772100345856
13.7891 4623952170146856960
13.7969 4623956568193368064
13.8047 4623960966239879168
13.8125 4623965364286390272
13.8203 4623969762332901376
13.8281 4623974160379412480
13.8359 4623978558425923584
13.8438 4623982956472434688
13.8516 4623987354518945792
13.8594 4623991752565456896
13.8672 4623996150611968000
13.875 4624000548658479104
13.8828 4624004946704990208
13.8906 4624009344751501312
13.8984 4624013742798012416
13.9062 4624018140844523520
13.9141 4624022538891034624
13.9219 4624026936937545728
13.9297 4624031334984056832
13.9375 4624035733030567936
13.9453 4624040131077079040
13.9531 4624044529123590144
13.9609 4624048927170101248
13.9688 4624053325216612352
13.9766 4624057723263123456
13.9844 4624062121309634560
13.9922 4624066519356145664
14 4624070917402656768
14.0078 4624075315449167872
14.0156 4624079713495678976
14.0234 4624084111542190080
14.0312 4624088509588701184
14.0391 4624092907635212288
14.0469 4624097305681723392
14.0547 4624101703728234496
14.0625 4624106101774745600
14.0703 4624110499821256704
14.0781 4624114897867767808
14.0859 4624119295914278912
14.0938 4624123693960790016
14.1016 4624128092007301120
14.1094 4624132490053812224
14.1172 4624136888100323328
14.125 4624141286146834432
14.1328 4624145684193345536
14.1406 4624150082239856640
14.1484 4624154480286367744
14.1562 4624158878332878848
14.1641 4624163276379389952
14.1719 4624167674425901056
14.1797 4624172072472412160
14.1875 4624176470518923264
14.1953 4624180868565434368
14.2031 4624185266611945472
14.2109 4624189664658456576
14.2188 4624194062704967680
14.2266 4624198460751478784
14.2344 4624202858797989888
14.2422 4624207256844500992
14.25 4624211654891012096
14.2578 4624216052937523200
14.2656 4624220450984034304
14.2734 4624224849030545408
14.2812 4624229247077056512
14.2891 4624233645123567616
14.2969 4624238043170078720
14.3047 4624242441216589824
14.3125 4624246839263100928
14.3203 4624251237309612032
14.3281 4624255635356123136
14.3359 4624260033402634240
14.3438 4624264431449145344
14.3516 4624268829495656448
14.3594 4624273227542167552
14.3672 4624277625588678656
14.375 4624282023635189760
14.3828 4624286421681700864
14.3906 4624290819728211968
14.3984 4624295217774723072
14.4062 4624299615821234176
14.4141 4624304013867745280
14.4219 4624308411914256384
14.4297 4624312809960767488
14.4375 4624317208007278592
14.4453 4624321606053789696
14.4531 4624326004100300800
14.4609 4624330402146811904
14.4688 4624334800193323008
14.4766 4624339198239834112
14.4844 4624343596286345216
14.4922 4624347994332856320
14.5 4624352392379367424
14.5078 4624356790425878528
14.5156 4624361188472389632
14.5234 4624365586518900736
14.5312 4624369984565411840
14.5391 4624374382611922944
14.5469 4624378780658434048
14.5547 4624383178704945152
14.5625 4624387576751456256
14.5703 4624391974797967360
14.5781 4624396372844478464
14.5859 4624400770890989568
14.5938 4624405168937500672
14.6016 4624409566984011776
14.6094 4624413965030522880
14.6172 4624418363077033984
14.625 4624422761123545088
14.6328 4624427159170056192
14.6406 4624431557216567296
14.6484 4624435955263078400
14.6562 4624440353309589504
14.6641 4624444751356100608
14.6719 4624449149402611712
14.6797 4624453547449122816
14.6875 4624457945495633920
14.6953 4624462343542145024
14.7031 4624466741588656128
14.7109 4624471139635167232
14.7188 4624475537681678336
14.7266 4624479935728189440
14.7344 4624484333774700544
14.7422 4624488731821211648
14.75 4624493129867722752
14.7578 4624497527914233856
14.7656 4624501925960744960
14.7734 4624506324007256064
14.7812 4624510722053767168
14.7891 4624515120100278272
14.7969 4624519518146789376
14.8047 4624523916193300480
14.8125 4624528314239811584
14.8203 4624532712286322688
14.8281 4624537110332833792
14.8359 4624541508379344896
14.8438 4624545906425856000
14.8516 4624550304472367104
14.8594 4624554702518878208
14.8672 4624559100565389312
14.875 4624563498611900416
14.8828 4624567896658411520
14.8906 4624572294704922624
14.8984 4624576692751433728
14.9062 4624581090797944832
14.9141 4624585488844455936
14.9219 4624589886890967040
14.9297 4624594284937478144
14.9375 4624598682983989248
14.9453 4624603081030500352
14.9531 4624607479077011456
14.9609 4624611877123522560
14.9688 4624616275170033664
14.9766 4624620673216544768
14.9844 4624625071263055872
14.9922 4624629469309566976
15 4624633867356078080
15.0078 4624638265402589184
15.0156 4624642663449100288
15.0234 4624647061495611392
15.0312 4624651459542122496
15.0391 4624655857588633600
15.0469 4624660255635144704
15.0547 4624664653681655808
15.0625 4624669051728166912
15.0703 4624673449774678016
15.0781 4624677847821189120
15.0859 4624682245867700224
15.0938 4624686643914211328
15.1016 4624691041960722432
15.1094 4624695440007233536
15.1172 4624699838053744640
15.125 4624704236100255744
15.1328 4624708634146766848
15.1406 4624713032193277952
15.1484 4624717430239789056
15.1562 4624721828286300160
15.1641 4624726226332811264
15.1719 4624730624379322368
15.1797 4624735022425833472
15.1875 4624739420472344576
15.1953 4624743818518855680
15.2031 4624748216565366784
15.2109 4624752614611877888
15.2188 4624757012658388992
15.2266 4624761410704900096
15.2344 4624765808751411200
15.2422 4624770206797922304
15.25 4624774604844433408
15.2578 4624779002890944512
15.2656 4624783400937455616
15.2734 4624787798983966720
15.2812 4624792197030477824
15.2891 4624796595076988928
15.2969 4624800993123500032
15.3047 4624805391170011136
15.3125 4624809789216522240
15.3203 4624814187263033344
15.3281 4624818585309544448
15.3359 4624822983356055552
15.3438 4624827381402566656
15.3516 4624831779449077760
15.3594 4624836177495588864
15.3672 4624840575542099968
15.375 4624844973588611072
15.3828 4624849371635122176
15.3906 4624853769681633280
15.3984 4624858167728144384
15.4062 4624862565774655488
15.4141 4624866963821166592
15.4219 4624871361867677696
15.4297 4624875759914188800
15.4375 4624880157960699904
15.4453 4624884556007211008
15.4531 4624888954053722112
15.4609 4624893352100233216
15.4688 4624897750146744320
15.4766 4624902148193255424
15.4844 4624906546239766528
15.4922 4624910944286277632
15.5 4624915342332788736
15.5078 4624919740379299840
15.5156 4624924138425810944
15.5234 4624928536472322048
15.5312 4624932934518833152
15.5391 4624937332565344256
15.5469 4624941730611855360
15.5547 4624946128658366464
15.5625 4624950526704877568
15.5703 4624954924751388672
15.5781 4624959322797899776
15.5859 4624963720844410880
15.5938 4624968118890921984
15.6016 4624972516937433088
15.6094 4624976914983944192
15.6172 4624981313030455296
15.625 4624985711076966400
15.6328 4624990109123477504
15.6406 4624994507169988608
15.6484 4624998905216499712
15.6562 4625003303263010816
15.6641 4625007701309521920
15.6719 4625012099356033024
15.6797 4625016497402544128
15.6875 4625020895449055232
15.6953 4625025293495566336
15.7031 4625029691542077440
15.7109 4625034089588588544
15.7188 4625038487635099648
15.7266 4625042885681610752
15.7344 4625047283728121856
15.7422 4625051681774632960
15.75 4625056079821144064
15.7578 4625060477867655168
15.7656 4625064875914166272
15.7734 4625069273960677376
15.7812 4625073672007188480
15.7891 4625078070053699584
15.7969 4625082468100210688
15.8047 4625086866146721792
15.8125 4625091264193232896
15.8203 4625095662239744000
15.8281 4625100060286255104
15.8359 4625104458332766208
15.8438 4625108856379277312
15.8516 4625113254425788416
15.8594 4625117652472299520
15.8672 4625122050518810624
15.875 4625126448565321728
15.8828 4625130846611832832
15.8906 4625135244658343936
15.8984 4625139642704855040
15.9062 4625144040751366144
15.9141 4625148438797877248
15.9219 4625152836844388352
15.9297 4625157234890899456
15.9375 4625161632937410560
15.9453 4625166030983921664
15.9531 4625170429030432768
15.9609 4625174827076943872
15.9688 4625179225123454976
15.9766 4625183623169966080
15.9844 4625188021216477184
15.9922 4625192419262988288
16 4625196817309499392
16.0156 4625201215356010496
16.0312 4625205613402521600
16.0469 4625210011449032704
16.0625 4625214409495543808
16.0781 4625218807542054912
16.0938 4625223205588566016
16.1094 4625227603635077120
16.125 4625232001681588224
16.1406 4625236399728099328
16.1562 4625240797774610432
16.1719 4625245195821121536
16.1875 4625249593867632640
16.2031 4625253991914143744
16.2188 4625258389960654848
16.2344 4625262788007165952
16.25 4625267186053677056
16.2656 4625271584100188160
16.2812 4625275982146699264
16.2969 4625280380193210368
16.3125 4625284778239721472
16.3281 4625289176286232576
16.3438 4625293574332743680
16.3594 4625297972379254784
16.375 4625302370425765888
16.3906 4625306768472276992
16.4062 4625311166518788096
16.4219 4625315564565299200
16.4375 4625319962611810304
16.4531 4625324360658321408
16.4688 4625328758704832512
16.4844 4625333156751343616
16.5 4625337554797854720
16.5156 4625341952844365824
16.5312 4625346350890876928
16.5469 4625350748937388032
16.5625 4625355146983899136
16.5781 4625359545030410240
16.5938 4625363943076921344
16.6094 4625368341123432448
16.625 4625372739169943552
16.6406 4625377137216454656
16.6562 4625381535262965760
16.6719 4625385933309476864
16.6875 4625390331355987968
16.7031 4625394729402499072
16.7188 4625399127449010176
16.7344 4625403525495521280
16.75 4625407923542032384
16.7656 4625412321588543488
16.7812 4625416719635054592
16.7969 4625421117681565696
16.8125 4625425515728076800
16.8281 4625429913774587904
16.8438 4625434311821099008
16.8594 4625438709867610112
16.875 4625443107914121216
16.8906 4625447505960632320
16.9062 4625451904007143424
16.9219 4625456302053654528
16.9375 4625460700100165632
16.9531 4625465098146676736
16.9688 4625469496193187840
16.9844 4625473894239698944
17 4625478292286210048
17.0156 4625482690332721152
17.0312 4625487088379232256
17.0469 4625491486425743360
17.0625 4625495884472254464
17.0781 4625500282518765568
17.0938 4625504680565276672
17.1094 4625509078611787776
17.125 4625513476658298880
17.1406 4625517874704809984
17.1562 4625522272751321088
17.1719 4625526670797832192
17.1875 4625531068844343296
17.2031 4625535466890854400
17.2188 4625539864937365504
17.2344 4625544262983876608
17.25 4625548661030387712
17.2656 4625553059076898816
17.2812 4625557457123409920
17.2969 4625561855169921024
17.3125 4625566253216432128
17.3281 4625570651262943232
17.3438 4625575049309454336
17.3594 4625579447355965440
17.375 4625583845402476544
17.3906 4625588243448987648
17.4062 4625592641495498752
17.4219 4625597039542009856
17.4375 4625601437588520960
17.4531 4625605835635032064
17.4688 4625610233681543168
17.4844 4625614631728054272
17.5 4625619029774565376
17.5156 4625623427821076480
17.5312 4625627825867587584
17.5469 4625632223914098688
17.5625 4625636621960609792
17.5781 4625641020007120896
17.5938 4625645418053632000
17.6094 4625649816100143104
17.625 4625654214146654208
17.6406 4625658612193165312
17.6562 4625663010239676416
17.6719 4625667408286187520
17.6875 4625671806332698624
17.7031 4625676204379209728
17.7188 4625680602425720832
17.7344 4625685000472231936
17.75 4625689398518743040
17.7656 4625693796565254144
17.7812 4625698194611765248
17.7969 4625702592658276352
17.8125 4625706990704787456
17.8281 4625711388751298560
17.8438 4625715786797809664
17.8594 4625720184844320768
17.875 4625724582890831872
17.8906 4625728980937342976
17.9062 4625733378983854080
17.9219 4625737777030365184
17.9375 4625742175076876288
17.9531 4625746573123387392
17.9688 4625750971169898496
17.9844 4625755369216409600
18 4625759767262920704
18.0156 4625764165309431808
18.0312 4625768563355942912
18.0469 4625772961402454016
18.0625 4625777359448965120
18.0781 4625781757495476224
18.0938 4625786155541987328
18.1094 4625790553588498432
18.125 4625794951635009536
18.1406 4625799349681520640
18.1562 4625803747728031744
18.1719 4625808145774542848
18.1875 4625812543821053952
18.2031 4625816941867565056
18.2188 4625821339914076160
18.2344 4625825737960587264
18.25 4625830136007098368
18.2656 4625834534053609472
18.2812 4625838932100120576
18.2969 4625843330146631680
18.3125 4625847728193142784
18.3281 4625852126239653888
18.3438 4625856524286164992
18.3594 4625860922332676096
18.375 4625865320379187200
18.3906 4625869718425698304
18.4062 4625874116472209408
18.4219 4625878514518720512
18.4375 4625882912565231616
18.4531 4625887310611742720
18.4688 4625891708658253824
18.4844 4625896106704764928
18.5 4625900504751276032
18.5156 4625904902797787136
18.5312 4625909300844298240
18.5469 4625913698890809344
18.5625 4625918096937320448
18.5781 4625922494983831552
18.5938 4625926893030342656
18.6094 4625931291076853760
18.625 4625935689123364864
18.6406 4625940087169875968
18.6562 4625944485216387072
18.6719 4625948883262898176
18.6875 4625953281309409280
18.7031 4625957679355920384
18.7188 4625962077402431488
18.7344 4625966475448942592
18.75 4625970873495453696
18.7656 4625975271541964800
18.7812 4625979669588475904
18.7969 4625984067634987008
18.8125 4625988465681498112
18.8281 4625992863728009216
18.8438 4625997261774520320
18.8594 4626001659821031424
18.875 4626006057867542528
18.8906 4626010455914053632
18.9062 4626014853960564736
18.9219 4626019252007075840
18.9375 4626023650053586944
18.9531 4626028048100098048
18.9688 4626032446146609152
18.9844 4626036844193120256
19 4626041242239631360
19.0156 4626045640286142464
19.0312 4626050038332653568
19.0469 4626054436379164672
19.0625 4626058834425675776
19.0781 4626063232472186880
19.0938 4626067630518697984
19.1094 4626072028565209088
19.125 4626076426611720192
19.1406 4626080824658231296
19.1562 4626085222704742400
19.1719 4626089620751253504
19.1875 4626094018797764608
19.2031 4626098416844275712
19.2188 4626102814890786816
19.2344 4626107212937297920
19.25 4626111610983809024
19.2656 4626116009030320128
19.2812 4626120407076831232
19.2969 4626124805123342336
19.3125 4626129203169853440
19.3281 4626133601216364544
19.3438 4626137999262875648
19.3594 4626142397309386752
19.375 4626146795355897856
19.3906 4626151193402408960
19.4062 4626155591448920064
19.4219 4626159989495431168
19.4375 4626164387541942272
19.4531 4626168785588453376
19.4688 4626173183634964480
19.4844 4626177581681475584
19.5 4626181979727986688
19.5156 4626186377774497792
19.5312 4626190775821008896
19.5469 4626195173867520000
19.5625 4626199571914031104
19.5781 4626203969960542208
19.5938 4626208368007053312
19.6094 4626212766053564416
19.625 4626217164100075520
19.6406 4626221562146586624
19.6562 4626225960193097728
19.6719 4626230358239608832
19.6875 4626234756286119936
19.7031 4626239154332631040
19.7188 4626243552379142144
19.7344 4626247950425653248
19.75 4626252348472164352
19.7656 4626256746518675456
19.7812 4626261144565186560
19.7969 4626265542611697664
19.8125 4626269940658208768
19.8281 4626274338704719872
19.8438 4626278736751230976
19.8594 4626283134797742080
19.875 4626287532844253184
19.8906 4626291930890764288
19.9062 4626296328937275392
19.9219 4626300726983786496
19.9375 4626305125030297600
19.9531 4626309523076808704
19.9688 4626313921123319808
19.9844 4626318319169830912
20 4626322717216342016
20.0156 4626327115262853120
20.0312 4626331513309364224
20.0469 4626335911355875328
20.0625 4626340309402386432
20.0781 4626344707448897536
20.0938 4626349105495408640
20.1094 4626353503541919744
20.125 4626357901588430848
20.1406 4626362299634941952
20.1562 4626366697681453056
20.1719 4626371095727964160
20.1875 4626375493774475264
20.2031 4626379891820986368
20.2188 4626384289867497472
20.2344 4626388687914008576
20.25 4626393085960519680
20.2656 4626397484007030784
20.2812 4626401882053541888
20.2969 4626406280100052992
20.3125 4626410678146564096
20.3281 4626415076193075200
20.3438 4626419474239586304
20.3594 4626423872286097408
20.375 4626428270332608512
20.3906 4626432668379119616
20.4062 4626437066425630720
20.4219 4626441464472141824
20.4375 4626445862518652928
20.4531 4626450260565164032
20.4688 4626454658611675136
20.4844 4626459056658186240
20.5 4626463454704697344
20.5156 4626467852751208448
20.5312 4626472250797719552
20.5469 4626476648844230656
20.5625 4626481046890741760
20.5781 4626485444937252864
20.5938 4626489842983763968
20.6094 4626494241030275072
20.625 4626498639076786176
20.6406 4626503037123297280
20.6562 4626507435169808384
20.6719 4626511833216319488
20.6875 4626516231262830592
20.7031 4626520629309341696
20.7188 4626525027355852800
20.7344 4626529425402363904
20.75 4626533823448875008
20.7656 4626538221495386112
20.7812 4626542619541897216
20.7969 4626547017588408320
20.8125 4626551415634919424
20.8281 4626555813681430528
20.8438 4626560211727941632
20.8594 4626564609774452736
20.875 4626569007820963840
20.8906 4626573405867474944
20.9062 4626577803913986048
20.9219 4626582201960497152
20.9375 4626586600007008256
20.9531 4626590998053519360
20.9688 4626595396100030464
20.9844 4626599794146541568
21 4626604192193052672
21.0156 4626608590239563776
21.0312 4626612988286074880
21.0469 4626617386332585984
21.0625 4626621784379097088
21.0781 4626626182425608192
21.0938 4626630580472119296
21.1094 4626634978518630400
21.125 4626639376565141504
21.1406 4626643774611652608
21.1562 4626648172658163712
21.1719 4626652570704674816
21.1875 4626656968751185920
21.2031 4626661366797697024
21.2188 4626665764844208128
21.2344 4626670162890719232
21.25 4626674560937230336
21.2656 4626678958983741440
21.2812 4626683357030252544
21.2969 4626687755076763648
21.3125 4626692153123274752
21.3281 4626696551169785856
21.3438 4626700949216296960
21.3594 4626705347262808064
21.375 4626709745309319168
21.3906 4626714143355830272
21.4062 4626718541402341376
21.4219 4626722939448852480
21.4375 4626727337495363584
21.4531 4626731735541874688
21.4688 4626736133588385792
21.4844 4626740531634896896
21.5 4626744929681408000
21.5156 4626749327727919104
21.5312 4626753725774430208
21.5469 4626758123820941312
21.5625 4626762521867452416
21.5781 4626766919913963520
21.5938 4626771317960474624
21.6094 4626775716006985728
21.625 4626780114053496832
21.6406 4626784512100007936
21.6562 4626788910146519040
21.6719 4626793308193030144
21.6875 4626797706239541248
21.7031 4626802104286052352
21.7188 4626806502332563456
21.7344 4626810900379074560
21.75 4626815298425585664
21.7656 4626819696472096768
21.7812 4626824094518607872
21.7969 4626828492565118976
21.8125 4626832890611630080
21.8281 4626837288658141184
21.8438 4626841686704652288
21.8594 4626846084751163392
21.875 4626850482797674496
21.8906 4626854880844185600
21.9062 4626859278890696704
21.9219 4626863676937207808
21.9375 4626868074983718912
21.9531 4626872473030230016
21.9688 4626876871076741120
21.9844 4626881269123252224
22 4626885667169763328
22.0156 4626890065216274432
22.0312 4626894463262785536
22.0469 4626898861309296640
22.0625 4626903259355807744
22.0781 4626907657402318848
22.0938 4626912055448829952
22.1094 4626916453495341056
22.125 4626920851541852160
22.1406 4626925249588363264
22.1562 4626929647634874368
22.1719 4626934045681385472
22.1875 4626938443727896576
22.2031 4626942841774407680
22.2188 4626947239820918784
22.2344 4626951637867429888
22.25 4626956035913940992
22.2656 4626960433960452096
22.2812 4626964832006963200
22.2969 4626969230053474304
22.3125 4626973628099985408
22.3281 4626978026146496512
22.3438 4626982424193007616
22.3594 4626986822239518720
22.375 4626991220286029824
22.3906 4626995618332540928
22.4062 4627000016379052032
22.4219 4627004414425563136
22.4375 4627008812472074240
22.4531 4627013210518585344
22.4688 4627017608565096448
22.4844 4627022006611607552
22.5 4627026404658118656
22.5156 4627030802704629760
22.5312 4627035200751140864
22.5469 4627039598797651968
22.5625 4627043996844163072
22.5781 4627048394890674176
22.5938 4627052792937185280
22.6094 4627057190983696384
22.625 4627061589030207488
22.6406 4627065987076718592
22.6562 4627070385123229696
22.6719 4627074783169740800
22.6875 4627079181216251904
22.7031 4627083579262763008
22.7188 4627087977309274112
22.7344 4627092375355785216
22.75 4627096773402296320
22.7656 4627101171448807424
22.7812 4627105569495318528
22.7969 4627109967541829632
22.8125 4627114365588340736
22.8281 4627118763634851840
22.8438 4627123161681362944
22.8594 4627127559727874048
22.875 4627131957774385152
22.8906 4627136355820896256
22.9062 4627140753867407360
22.9219 4627145151913918464
22.9375 4627149549960429568
22.9531 4627153948006940672
22.9688 4627158346053451776
22.9844 4627162744099962880
23 4627167142146473984
23.0156 4627171540192985088
23.0312 4627175938239496192
23.0469 4627180336286007296
23.0625 4627184734332518400
23.0781 4627189132379029504
23.0938 4627193530425540608
23.1094 4627197928472051712
23.125 4627202326518562816
23.1406 4627206724565073920
23.1562 4627211122611585024
23.1719 4627215520658096128
23.1875 4627219918704607232
23.2031 4627224316751118336
23.2188 4627228714797629440
23.2344 4627233112844140544
23.25 4627237510890651648
23.2656 4627241908937162752
23.2812 4627246306983673856
23.2969 4627250705030184960
23.3125 4627255103076696064
23.3281 4627259501123207168
23.3438 4627263899169718272
23.3594 4627268297216229376
23.375 4627272695262740480
23.3906 4627277093309251584
23.4062 4627281491355762688
23.4219 4627285889402273792
23.4375 4627290287448784896
23.4531 4627294685495296000
23.4688 4627299083541807104
23.4844 4627303481588318208
23.5 4627307879634829312
23.5156 4627312277681340416
23.5312 4627316675727851520
23.5469 4627321073774362624
23.5625 4627325471820873728
23.5781 4627329869867384832
23.5938 4627334267913895936
23.6094 4627338665960407040
23.625 4627343064006918144
23.6406 4627347462053429248
23.6562 4627351860099940352
23.6719 4627356258146451456
23.6875 4627360656192962560
23.7031 4627365054239473664
23.7188 4627369452285984768
23.7344 4627373850332495872
23.75 4627378248379006976
23.7656 4627382646425518080
23.7812 4627387044472029184
23.7969 4627391442518540288
23.8125 4627395840565051392
23.8281 4627400238611562496
23.8438 4627404636658073600
23.8594 4627409034704584704
23.875 4627413432751095808
23.8906 4627417830797606912
23.9062 4627422228844118016
23.9219 4627426626890629120
23.9375 4627431024937140224
23.9531 4627435422983651328
23.9688 4627439821030162432
23.9844 4627444219076673536
24 4627448617123184640
24.0156 4627453015169695744
24.0312 4627457413216206848
24.0469 4627461811262717952
24.0625 4627466209309229056
24.0781 4627470607355740160
24.0938 4627475005402251264
24.1094 4627479403448762368
24.125 4627483801495273472
24.1406 4627488199541784576
24.1562 4627492597588295680
24.1719 4627496995634806784
24.1875 4627501393681317888
24.2031 4627505791727828992
24.2188 4627510189774340096
24.2344 4627514587820851200
24.25 4627518985867362304
24.2656 4627523383913873408
24.2812 4627527781960384512
24.2969 4627532180006895616
24.3125 4627536578053406720
24.3281 4627540976099917824
24.3438 4627545374146428928
24.3594 4627549772192940032
24.375 4627554170239451136
24.3906 4627558568285962240
24.4062 4627562966332473344
24.4219 4627567364378984448
24.4375 4627571762425495552
24.4531 4627576160472006656
24.4688 4627580558518517760
24.4844 4627584956565028864
24.5 4627589354611539968
24.5156 4627593752658051072
24.5312 4627598150704562176
24.5469 4627602548751073280
24.5625 4627606946797584384
24.5781 4627611344844095488
24.5938 4627615742890606592
24.6094 4627620140937117696
24.625 4627624538983628800
24.6406 4627628937030139904
24.6562 4627633335076651008
24.6719 4627637733123162112
24.6875 4627642131169673216
24.7031 4627646529216184320
24.7188 4627650927262695424
24.7344 4627655325309206528
24.75 4627659723355717632
24.7656 4627664121402228736
24.7812 4627668519448739840
24.7969 4627672917495250944
24.8125 4627677315541762048
24.8281 4627681713588273152
24.8438 4627686111634784256
24.8594 4627690509681295360
24.875 4627694907727806464
24.8906 4627699305774317568
24.9062 4627703703820828672
24.9219 4627708101867339776
24.9375 4627712499913850880
24.9531 4627716897960361984
24.9688 4627721296006873088
24.9844 4627725694053384192
25 4627730092099895296
25.0156 4627734490146406400
25.0312 4627738888192917504
25.0469 4627743286239428608
25.0625 4627747684285939712
25.0781 4627752082332450816
25.0938 4627756480378961920
25.1094 4627760878425473024
25.125 4627765276471984128
25.1406 4627769674518495232
25.1562 4627774072565006336
25.1719 4627778470611517440
25.1875 4627782868658028544
25.2031 4627787266704539648
25.2188 4627791664751050752
25.2344 4627796062797561856
25.25 4627800460844072960
25.2656 4627804858890584064
25.2812 4627809256937095168
25.2969 4627813654983606272
25.3125 4627818053030117376
25.3281 4627822451076628480
25.3438 4627826849123139584
25.3594 4627831247169650688
25.375 4627835645216161792
25.3906 4627840043262672896
25.4062 4627844441309184000
25.4219 4627848839355695104
25.4375 4627853237402206208
25.4531 4627857635448717312
25.4688 4627862033495228416
25.4844 4627866431541739520
25.5 4627870829588250624
25.5156 4627875227634761728
25.5312 4627879625681272832
25.5469 4627884023727783936
25.5625 4627888421774295040
25.5781 4627892819820806144
25.5938 4627897217867317248
25.6094 4627901615913828352
25.625 4627906013960339456
25.6406 4627910412006850560
25.6562 4627914810053361664
25.6719 4627919208099872768
25.6875 4627923606146383872
25.7031 4627928004192894976
25.7188 4627932402239406080
25.7344 4627936800285917184
25.75 4627941198332428288
25.7656 4627945596378939392
25.7812 4627949994425450496
25.7969 4627954392471961600
25.8125 4627958790518472704
25.8281 4627963188564983808
25.8438 4627967586611494912
25.8594 4627971984658006016
25.875 4627976382704517120
25.8906 4627980780751028224
25.9062 4627985178797539328
25.9219 4627989576844050432
25.9375 4627993974890561536
25.9531 4627998372937072640
25.9688 4628002770983583744
25.9844 4628007169030094848
26 4628011567076605952
26.0156 4628015965123117056
26.0312 4628020363169628160
26.0469 4628024761216139264
26.0625 4628029159262650368
26.0781 4628033557309161472
26.0938 4628037955355672576
26.1094 4628042353402183680
26.125 4628046751448694784
26.1406 4628051149495205888
26.1562 4628055547541716992
26.1719 4628059945588228096
26.1875 4628064343634739200
26.2031 4628068741681250304
26.2188 4628073139727761408
26.2344 4628077537774272512
26.25 4628081935820783616
26.2656 4628086333867294720
26.2812 4628090731913805824
26.2969 4628095129960316928
26.3125 4628099528006828032
26.3281 4628103926053339136
26.3438 4628108324099850240
26.3594 4628112722146361344
26.375 4628117120192872448
26.3906 4628121518239383552
26.4062 4628125916285894656
26.4219 4628130314332405760
26.4375 4628134712378916864
26.4531 4628139110425427968
26.4688 4628143508471939072
26.4844 4628147906518450176
26.5 4628152304564961280
26.5156 4628156702611472384
26.5312 4628161100657983488
26.5469 4628165498704494592
26.5625 4628169896751005696
26.5781 4628174294797516800
26.5938 4628178692844027904
26.6094 4628183090890539008
26.625 4628187488937050112
26.6406 4628191886983561216
26.6562 4628196285030072320
26.6719 4628200683076583424
26.6875 4628205081123094528
26.7031 4628209479169605632
26.7188 4628213877216116736
26.7344 4628218275262627840
26.75 4628222673309138944
26.7656 4628227071355650048
26.7812 4628231469402161152
26.7969 4628235867448672256
26.8125 4628240265495183360
26.8281 4628244663541694464
26.8438 4628249061588205568
26.8594 4628253459634716672
26.875 4628257857681227776
26.8906 4628262255727738880
26.9062 4628266653774249984
26.9219 4628271051820761088
26.9375 4628275449867272192
26.9531 4628279847913783296
26.9688 4628284245960294400
26.9844 4628288644006805504
27 4628293042053316608
27.0156 4628297440099827712
27.0312 4628301838146338816
27.0469 4628306236192849920
27.0625 4628310634239361024
27.0781 4628315032285872128
27.0938 4628319430332383232
27.1094 4628323828378894336
27.125 4628328226425405440
27.1406 4628332624471916544
27.1562 4628337022518427648
27.1719 4628341420564938752
27.1875 4628345818611449856
27.2031 4628350216657960960
27.2188 4628354614704472064
27.2344 4628359012750983168
27.25 4628363410797494272
27.2656 4628367808844005376
27.2812 4628372206890516480
27.2969 4628376604937027584
27.3125 4628381002983538688
27.3281 4628385401030049792
27.3438 4628389799076560896
27.3594 4628394197123072000
27.375 4628398595169583104
27.3906 4628402993216094208
27.4062 4628407391262605312
27.4219 4628411789309116416
27.4375 4628416187355627520
27.4531 4628420585402138624
27.4688 4628424983448649728
27.4844 4628429381495160832
27.5 4628433779541671936
27.5156 4628438177588183040
27.5312 4628442575634694144
27.5469 4628446973681205248
27.5625 4628451371727716352
27.5781 4628455769774227456
27.5938 4628460167820738560
27.6094 4628464565867249664
27.625 4628468963913760768
27.6406 4628473361960271872
27.6562 4628477760006782976
27.6719 4628482158053294080
27.6875 4628486556099805184
27.7031 4628490954146316288
27.7188 4628495352192827392
27.7344 4628499750239338496
27.75 4628504148285849600
27.7656 4628508546332360704
27.7812 4628512944378871808
27.7969 4628517342425382912
27.8125 4628521740471894016
27.8281 4628526138518405120
27.8438 4628530536564916224
27.8594 4628534934611427328
27.875 4628539332657938432
27.8906 4628543730704449536
27.9062 4628548128750960640
27.9219 4628552526797471744
27.9375 4628556924843982848
27.9531 4628561322890493952
27.9688 4628565720937005056
27.9844 4628570118983516160
28 4628574517030027264
28.0156 4628578915076538368
28.0312 4628583313123049472
28.0469 4628587711169560576
28.0625 4628592109216071680
28.0781 4628596507262582784
28.0938 4628600905309093888
28.1094 4628605303355604992
28.125 4628609701402116096
28.1406 4628614099448627200
28.1562 4628618497495138304
28.1719 4628622895541649408
28.1875 4628627293588160512
28.2031 4628631691634671616
28.2188 4628636089681182720
28.2344 4628640487727693824
28.25 4628644885774204928
28.2656 4628649283820716032
28.2812 4628653681867227136
28.2969 4628658079913738240
28.3125 4628662477960249344
28.3281 4628666876006760448
28.3438 4628671274053271552
28.3594 4628675672099782656
28.375 4628680070146293760
28.3906 4628684468192804864
28.4062 4628688866239315968
28.4219 4628693264285827072
28.4375 4628697662332338176
28.4531 4628702060378849280
28.4688 4628706458425360384
28.4844 4628710856471871488
28.5 4628715254518382592
28.5156 4628719652564893696
28.5312 4628724050611404800
28.5469 4628728448657915904
28.5625 4628732846704427008
28.5781 4628737244750938112
28.5938 4628741642797449216
28.6094 4628746040843960320
28.625 4628750438890471424
28.6406 4628754836936982528
28.6562 4628759234983493632
28.6719 4628763633030004736
28.6875 4628768031076515840
28.7031 4628772429123026944
28.7188 4628776827169538048
28.7344 4628781225216049152
28.75 4628785623262560256
28.7656 4628790021309071360
28.7812 4628794419355582464
28.7969 4628798817402093568
28.8125 4628803215448604672
28.8281 4628807613495115776
28.8438 4628812011541626880
28.8594 4628816409588137984
28.875 4628820807634649088
28.8906 4628825205681160192
28.9062 4628829603727671296
28.9219 4628834001774182400
28.9375 4628838399820693504
28.9531 4628842797867204608
28.9688 4628847195913715712
28.9844 4628851593960226816
29 4628855992006737920
29.0156 4628860390053249024
29.0312 4628864788099760128
29.0469 4628869186146271232
29.0625 4628873584192782336
29.0781 4628877982239293440
29.0938 4628882380285804544
29.1094 4628886778332315648
29.125 4628891176378826752
29.1406 4628895574425337856
29.1562 4628899972471848960
29.1719 4628904370518360064
29.1875 4628908768564871168
29.2031 4628913166611382272
29.2188 4628917564657893376
29.2344 4628921962704404480
29.25 4628926360750915584
29.2656 4628930758797426688
29.2812 4628935156843937792
29.2969 4628939554890448896
29.3125 4628943952936960000
29.3281 4628948350983471104
29.3438 4628952749029982208
29.3594 4628957147076493312
29.375 4628961545123004416
29.3906 4628965943169515520
29.4062 4628970341216026624
29.4219 4628974739262537728
29.4375 4628979137309048832
29.4531 4628983535355559936
29.4688 4628987933402071040
29.4844 4628992331448582144
29.5 4628996729495093248
29.5156 4629001127541604352
29.5312 4629005525588115456
29.5469 4629009923634626560
29.5625 4629014321681137664
29.5781 4629018719727648768
29.5938 4629023117774159872
29.6094 4629027515820670976
29.625 4629031913867182080
29.6406 4629036311913693184
29.6562 4629040709960204288
29.6719 4629045108006715392
29.6875 4629049506053226496
29.7031 4629053904099737600
29.7188 4629058302146248704
29.7344 4629062700192759808
29.75 4629067098239270912
29.7656 4629071496285782016
29.7812 4629075894332293120
29.7969 4629080292378804224
29.8125 4629084690425315328
29.8281 4629089088471826432
29.8438 4629093486518337536
29.8594 4629097884564848640
29.875 4629102282611359744
29.8906 4629106680657870848
29.9062 4629111078704381952
29.9219 4629115476750893056
29.9375 4629119874797404160
29.9531 4629124272843915264
29.9688 4629128670890426368
29.9844 4629133068936937472
30 4629137466983448576
30.0156 4629141865029959680
30.0312 4629146263076470784
30.0469 4629150661122981888
30.0625 4629155059169492992
30.0781 4629159457216004096
30.0938 4629163855262515200
30.1094 4629168253309026304
30.125 4629172651355537408
30.1406 4629177049402048512
30.1562 4629181447448559616
30.1719 4629185845495070720
30.1875 4629190243541581824
30.2031 4629194641588092928
30.2188 4629199039634604032
30.2344 4629203437681115136
30.25 4629207835727626240
30.2656 4629212233774137344
30.2812 4629216631820648448
30.2969 4629221029867159552
30.3125 4629225427913670656
30.3281 4629229825960181760
30.3438 4629234224006692864
30.3594 4629238622053203968
30.375 4629243020099715072
30.3906 4629247418146226176
30.4062 4629251816192737280
30.4219 4629256214239248384
30.4375 4629260612285759488
30.4531 4629265010332270592
30.4688 4629269408378781696
30.4844 4629273806425292800
30.5 4629278204471803904
30.5156 4629282602518315008
30.5312 4629287000564826112
30.5469 4629291398611337216
30.5625 4629295796657848320
30.5781 4629300194704359424
30.5938 4629304592750870528
30.6094 4629308990797381632
30.625 4629313388843892736
30.6406 4629317786890403840
30.6562 4629322184936914944
30.6719 4629326582983426048
30.6875 4629330981029937152
30.7031 4629335379076448256
30.7188 4629339777122959360
30.7344 4629344175169470464
30.75 4629348573215981568
30.7656 4629352971262492672
30.7812 4629357369309003776
30.7969 4629361767355514880
30.8125 4629366165402025984
30.8281 4629370563448537088
30.8438 4629374961495048192
30.8594 4629379359541559296
30.875 4629383757588070400
30.8906 4629388155634581504
30.9062 4629392553681092608
30.9219 4629396951727603712
30.9375 4629401349774114816
30.9531 4629405747820625920
30.9688 4629410145867137024
30.9844 4629414543913648128
31 4629418941960159232
31.0156 4629423340006670336
31.0312 4629427738053181440
31.0469 4629432136099692544
31.0625 4629436534146203648
31.0781 4629440932192714752
31.0938 4629445330239225856
31.1094 4629449728285736960
31.125 4629454126332248064
31.1406 4629458524378759168
31.1562 4629462922425270272
31.1719 4629467320471781376
31.1875 4629471718518292480
31.2031 4629476116564803584
31.2188 4629480514611314688
31.2344 4629484912657825792
31.25 4629489310704336896
31.2656 4629493708750848000
31.2812 4629498106797359104
31.2969 4629502504843870208
31.3125 4629506902890381312
31.3281 4629511300936892416
31.3438 4629515698983403520
31.3594 4629520097029914624
31.375 4629524495076425728
31.3906 4629528893122936832
31.4062 4629533291169447936
31.4219 4629537689215959040
31.4375 4629542087262470144
31.4531 4629546485308981248
31.4688 4629550883355492352
31.4844 4629555281402003456
31.5 4629559679448514560
31.5156 4629564077495025664
31.5312 4629568475541536768
31.5469 4629572873588047872
31.5625 4629577271634558976
31.5781 4629581669681070080
31.5938 4629586067727581184
31.6094 4629590465774092288
31.625 4629594863820603392
31.6406 4629599261867114496
31.6562 4629603659913625600
31.6719 4629608057960136704
31.6875 4629612456006647808
31.7031 4629616854053158912
31.7188 4629621252099670016
31.7344 4629625650146181120
31.75 4629630048192692224
31.7656 4629634446239203328
31.7812 4629638844285714432
31.7969 4629643242332225536
31.8125 4629647640378736640
31.8281 4629652038425247744
31.8438 4629656436471758848
31.8594 4629660834518269952
31.875 4629665232564781056
31.8906 4629669630611292160
31.9062 4629674028657803264
31.9219 4629678426704314368
31.9375 4629682824750825472
31.9531 4629687222797336576
31.9688 4629691620843847680
31.9844 4629696018890358784
32 4629700416936869888
32.0312 4629704814983380992
32.0625 4629709213029892096
32.0938 4629713611076403200
32.125 4629718009122914304
32.1562 4629722407169425408
32.1875 4629726805215936512
32.2188 4629731203262447616
32.25 4629735601308958720
32.2812 4629739999355469824
32.3125 4629744397401980928
32.3438 4629748795448492032
32.375 4629753193495003136
32.4062 4629757591541514240
32.4375 4629761989588025344
32.4688 4629766387634536448
32.5 4629770785681047552
32.5312 4629775183727558656
32.5625 4629779581774069760
32.5938 4629783979820580864
32.625 4629788377867091968
32.6562 4629792775913603072
32.6875 4629797173960114176
32.7188 4629801572006625280
32.75 4629805970053136384
32.7812 4629810368099647488
32.8125 4629814766146158592
32.8438 4629819164192669696
32.875 4629823562239180800
32.9062 4629827960285691904
32.9375 4629832358332203008
32.9688 4629836756378714112
33 4629841154425225216
33.0312 4629845552471736320
33.0625 4629849950518247424
33.0938 4629854348564758528
33.125 4629858746611269632
33.1562 4629863144657780736
33.1875 4629867542704291840
33.2188 4629871940750802944
33.25 4629876338797314048
33.2812 4629880736843825152
33.3125 4629885134890336256
33.3438 4629889532936847360
33.375 4629893930983358464
33.4062 4629898329029869568
33.4375 4629902727076380672
33.4688 4629907125122891776
33.5 4629911523169402880
33.5312 4629915921215913984
33.5625 4629920319262425088
33.5938 4629924717308936192
33.625 4629929115355447296
33.6562 4629933513401958400
33.6875 4629937911448469504
33.7188 4629942309494980608
33.75 4629946707541491712
33.7812 4629951105588002816
33.8125 4629955503634513920
33.8438 4629959901681025024
33.875 4629964299727536128
33.9062 4629968697774047232
33.9375 4629973095820558336
33.9688 4629977493867069440
34 4629981891913580544
34.0312 4629986289960091648
34.0625 4629990688006602752
34.0938 4629995086053113856
34.125 4629999484099624960
34.1562 4630003882146136064
34.1875 4630008280192647168
34.2188 4630012678239158272
34.25 4630017076285669376
34.2812 4630021474332180480
34.3125 4630025872378691584
34.3438 4630030270425202688
34.375 4630034668471713792
34.4062 4630039066518224896
34.4375 4630043464564736000
34.4688 4630047862611247104
34.5 4630052260657758208
34.5312 4630056658704269312
34.5625 4630061056750780416
34.5938 4630065454797291520
34.625 4630069852843802624
34.6562 4630074250890313728
34.6875 4630078648936824832
34.7188 4630083046983335936
34.75 4630087445029847040
34.7812 4630091843076358144
34.8125 4630096241122869248
34.8438 4630100639169380352
34.875 4630105037215891456
34.9062 4630109435262402560
34.9375 4630113833308913664
34.9688 4630118231355424768
35 4630122629401935872
35.0312 4630127027448446976
35.0625 4630131425494958080
35.0938 4630135823541469184
35.125 4630140221587980288
35.1562 4630144619634491392
35.1875 4630149017681002496
35.2188 4630153415727513600
35.25 4630157813774024704
35.2812 4630162211820535808
35.3125 4630166609867046912
35.3438 4630171007913558016
35.375 4630175405960069120
35.4062 4630179804006580224
35.4375 4630184202053091328
35.4688 4630188600099602432
35.5 4630192998146113536
35.5312 4630197396192624640
35.5625 4630201794239135744
35.5938 4630206192285646848
35.625 4630210590332157952
35.6562 4630214988378669056
35.6875 4630219386425180160
35.7188 4630223784471691264
35.75 4630228182518202368
35.7812 4630232580564713472
35.8125 4630236978611224576
35.8438 4630241376657735680
35.875 4630245774704246784
35.9062 4630250172750757888
35.9375 4630254570797268992
35.9688 4630258968843780096
36 4630263366890291200
36.0312 4630267764936802304
36.0625 4630272162983313408
36.0938 4630276561029824512
36.125 4630280959076335616
36.1562 4630285357122846720
36.1875 4630289755169357824
36.2188 4630294153215868928
36.25 4630298551262380032
36.2812 4630302949308891136
36.3125 4630307347355402240
36.3438 4630311745401913344
36.375 4630316143448424448
36.4062 4630320541494935552
36.4375 4630324939541446656
36.4688 4630329337587957760
36.5 4630333735634468864
36.5312 4630338133680979968
36.5625 4630342531727491072
36.5938 4630346929774002176
36.625 4630351327820513280
36.6562 4630355725867024384
36.6875 4630360123913535488
36.7188 4630364521960046592
36.75 4630368920006557696
36.7812 4630373318053068800
36.8125 4630377716099579904
36.8438 4630382114146091008
36.875 4630386512192602112
36.9062 4630390910239113216
36.9375 4630395308285624320
36.9688 4630399706332135424
37 4630404104378646528
37.0312 4630408502425157632
37.0625 4630412900471668736
37.0938 4630417298518179840
37.125 4630421696564690944
37.1562 4630426094611202048
37.1875 4630430492657713152
37.2188 4630434890704224256
37.25 4630439288750735360
37.2812 4630443686797246464
37.3125 4630448084843757568
37.3438 4630452482890268672
37.375 4630456880936779776
37.4062 4630461278983290880
37.4375 4630465677029801984
37.4688 4630470075076313088
37.5 4630474473122824192
37.5312 4630478871169335296
37.5625 4630483269215846400
37.5938 4630487667262357504
37.625 4630492065308868608
37.6562 4630496463355379712
37.6875 4630500861401890816
37.7188 4630505259448401920
37.75 4630509657494913024
37.7812 4630514055541424128
37.8125 4630518453587935232
37.8438 4630522851634446336
37.875 4630527249680957440
37.9062 4630531647727468544
37.9375 4630536045773979648
37.9688 4630540443820490752
38 4630544841867001856
38.0312 4630549239913512960
38.0625 4630553637960024064
38.0938 4630558036006535168
38.125 4630562434053046272
38.1562 4630566832099557376
38.1875 4630571230146068480
38.2188 4630575628192579584
38.25 4630580026239090688
38.2812 4630584424285601792
38.3125 4630588822332112896
38.3438 4630593220378624000
38.375 4630597618425135104
38.4062 4630602016471646208
38.4375 4630606414518157312
38.4688 4630610812564668416
38.5 4630615210611179520
38.5312 4630619608657690624
38.5625 4630624006704201728
38.5938 4630628404750712832
38.625 4630632802797223936
38.6562 4630637200843735040
38.6875 4630641598890246144
38.7188 4630645996936757248
38.75 4630650394983268352
38.7812 4630654793029779456
38.8125 4630659191076290560
38.8438 4630663589122801664
38.875 4630667987169312768
38.9062 4630672385215823872
38.9375 4630676783262334976
38.9688 4630681181308846080
39 4630685579355357184
39.0312 4630689977401868288
39.0625 4630694375448379392
39.0938 4630698773494890496
39.125 4630703171541401600
39.1562 4630707569587912704
39.1875 4630711967634423808
39.2188 4630716365680934912
39.25 4630720763727446016
39.2812 4630725161773957120
39.3125 4630729559820468224
39.3438 4630733957866979328
39.375 4630738355913490432
39.4062 4630742753960001536
39.4375 4630747152006512640
39.4688 4630751550053023744
39.5 4630755948099534848
39.5312 4630760346146045952
39.5625 4630764744192557056
39.5938 4630769142239068160
39.625 4630773540285579264
39.6562 4630777938332090368
39.6875 4630782336378601472
39.7188 4630786734425112576
39.75 4630791132471623680
39.7812 4630795530518134784
39.8125 4630799928564645888
39.8438 4630804326611156992
39.875 4630808724657668096
39.9062 4630813122704179200
39.9375 4630817520750690304
39.9688 4630821918797201408
40 4630826316843712512
40.0312 4630830714890223616
40.0625 4630835112936734720
40.0938 4630839510983245824
40.125 4630843909029756928
40.1562 4630848307076268032
40.1875 4630852705122779136
40.2188 4630857103169290240
40.25 4630861501215801344
40.2812 4630865899262312448
40.3125 4630870297308823552
40.3438 4630874695355334656
40.375 4630879093401845760
40.4062 4630883491448356864
40.4375 4630887889494867968
40.4688 4630892287541379072
40.5 4630896685587890176
40.5312 4630901083634401280
40.5625 4630905481680912384
40.5938 4630909879727423488
40.625 4630914277773934592
40.6562 4630918675820445696
40.6875 4630923073866956800
40.7188 4630927471913467904
40.75 4630931869959979008
40.7812 4630936268006490112
40.8125 4630940666053001216
40.8438 4630945064099512320
40.875 4630949462146023424
40.9062 4630953860192534528
40.9375 4630958258239045632
40.9688 4630962656285556736
41 4630967054332067840
41.0312 4630971452378578944
41.0625 4630975850425090048
41.0938 4630980248471601152
41.125 4630984646518112256
41.1562 4630989044564623360
41.1875 4630993442611134464
41.2188 4630997840657645568
41.25 4631002238704156672
41.2812 4631006636750667776
41.3125 4631011034797178880
41.3438 4631015432843689984
41.375 4631019830890201088
41.4062 4631024228936712192
41.4375 4631028626983223296
41.4688 4631033025029734400
41.5 4631037423076245504
41.5312 4631041821122756608
41.5625 4631046219169267712
41.5938 4631050617215778816
41.625 4631055015262289920
41.6562 4631059413308801024
41.6875 4631063811355312128
41.7188 4631068209401823232
41.75 4631072607448334336
41.7812 4631077005494845440
41.8125 4631081403541356544
41.8438 4631085801587867648
41.875 4631090199634378752
41.9062 4631094597680889856
41.9375 4631098995727400960
41.9688 4631103393773912064
42 4631107791820423168
42.0312 4631112189866934272
42.0625 4631116587913445376
42.0938 4631120985959956480
42.125 4631125384006467584
42.1562 4631129782052978688
42.1875 4631134180099489792
42.2188 4631138578146000896
42.25 4631142976192512000
42.2812 4631147374239023104
42.3125 4631151772285534208
42.3438 4631156170332045312
42.375 4631160568378556416
42.4062 4631164966425067520
42.4375 4631169364471578624
42.4688 4631173762518089728
42.5 4631178160564600832
42.5312 4631182558611111936
42.5625 4631186956657623040
42.5938 4631191354704134144
42.625 4631195752750645248
42.6562 4631200150797156352
42.6875 4631204548843667456
42.7188 4631208946890178560
42.75 4631213344936689664
42.7812 4631217742983200768
42.8125 4631222141029711872
42.8438 4631226539076222976
42.875 4631230937122734080
42.9062 4631235335169245184
42.9375 4631239733215756288
42.9688 4631244131262267392
43 4631248529308778496
43.0312 4631252927355289600
43.0625 4631257325401800704
43.0938 4631261723448311808
43.125 4631266121494822912
43.1562 4631270519541334016
43.1875 4631274917587845120
43.2188 4631279315634356224
43.25 4631283713680867328
43.2812 4631288111727378432
43.3125 4631292509773889536
43.3438 4631296907820400640
43.375 4631301305866911744
43.4062 4631305703913422848
43.4375 4631310101959933952
43.4688 4631314500006445056
43.5 4631318898052956160
43.5312 4631323296099467264
43.5625 4631327694145978368
43.5938 4631332092192489472
43.625 4631336490239000576
43.6562 4631340888285511680
43.6875 4631345286332022784
43.7188 4631349684378533888
43.75 4631354082425044992
43.7812 4631358480471556096
43.8125 4631362878518067200
43.8438 4631367276564578304
43.875 4631371674611089408
43.9062 4631376072657600512
43.9375 4631380470704111616
43.9688 4631384868750622720
44 4631389266797133824
44.0312 4631393664843644928
44.0625 4631398062890156032
44.0938 4631402460936667136
44.125 4631406858983178240
44.1562 4631411257029689344
44.1875 4631415655076200448
44.2188 4631420053122711552
44.25 4631424451169222656
44.2812 4631428849215733760
44.3125 4631433247262244864
44.3438 4631437645308755968
44.375 4631442043355267072
44.4062 4631446441401778176
44.4375 4631450839448289280
44.4688 4631455237494800384
44.5 4631459635541311488
44.5312 4631464033587822592
44.5625 4631468431634333696
44.5938 4631472829680844800
44.625 4631477227727355904
44.6562 4631481625773867008
44.6875 4631486023820378112
44.7188 4631490421866889216
44.75 4631494819913400320
44.7812 4631499217959911424
44.8125 4631503616006422528
44.8438 4631508014052933632
44.875 4631512412099444736
44.9062 4631516810145955840
44.9375 4631521208192466944
44.9688 4631525606238978048
45 4631530004285489152
45.0312 4631534402332000256
45.0625 4631538800378511360
45.0938 4631543198425022464
45.125 4631547596471533568
45.1562 4631551994518044672
45.1875 4631556392564555776
45.2188 4631560790611066880
45.25 4631565188657577984
45.2812 4631569586704089088
45.3125 4631573984750600192
45.3438 4631578382797111296
45.375 4631582780843622400
45.4062 4631587178890133504
45.4375 4631591576936644608
45.4688 4631595974983155712
45.5 4631600373029666816
45.5312 4631604771076177920
45.5625 4631609169122689024
45.5938 4631613567169200128
45.625 4631617965215711232
45.6562 4631622363262222336
45.6875 4631626761308733440
45.7188 4631631159355244544
45.75 4631635557401755648
45.7812 4631639955448266752
45.8125 4631644353494777856
45.8438 4631648751541288960
45.875 4631653149587800064
45.9062 4631657547634311168
45.9375 4631661945680822272
45.9688 4631666343727333376
46 4631670741773844480
46.0312 4631675139820355584
46.0625 4631679537866866688
46.0938 4631683935913377792
46.125 4631688333959888896
46.1562 4631692732006400000
46.1875 4631697130052911104
46.2188 4631701528099422208
46.25 4631705926145933312
46.2812 4631710324192444416
46.3125 4631714722238955520
46.3438 4631719120285466624
46.375 4631723518331977728
46.4062 4631727916378488832
46.4375 4631732314424999936
46.4688 4631736712471511040
46.5 4631741110518022144
46.5312 4631745508564533248
46.5625 4631749906611044352
46.5938 4631754304657555456
46.625 4631758702704066560
46.6562 4631763100750577664
46.6875 4631767498797088768
46.7188 4631771896843599872
46.75 4631776294890110976
46.7812 4631780692936622080
46.8125 4631785090983133184
46.8438 4631789489029644288
46.875 4631793887076155392
46.9062 4631798285122666496
46.9375 4631802683169177600
46.9688 4631807081215688704
47 4631811479262199808
47.0312 4631815877308710912
47.0625 4631820275355222016
47.0938 4631824673401733120
47.125 4631829071448244224
47.1562 4631833469494755328
47.1875 4631837867541266432
47.2188 4631842265587777536
47.25 4631846663634288640
47.2812 4631851061680799744
47.3125 4631855459727310848
47.3438 4631859857773821952
47.375 4631864255820333056
47.4062 4631868653866844160
47.4375 4631873051913355264
47.4688 4631877449959866368
47.5 4631881848006377472
47.5312 4631886246052888576
47.5625 4631890644099399680
47.5938 4631895042145910784
47.625 4631899440192421888
47.6562 4631903838238932992
47.6875 4631908236285444096
47.7188 4631912634331955200
47.75 4631917032378466304
47.7812 4631921430424977408
47.8125 4631925828471488512
47.8438 4631930226517999616
47.875 4631934624564510720
47.9062 4631939022611021824
47.9375 4631943420657532928
47.9688 4631947818704044032
48 4631952216750555136
48.0312 4631956614797066240
48.0625 4631961012843577344
48.0938 4631965410890088448
48.125 4631969808936599552
48.1562 4631974206983110656
48.1875 4631978605029621760
48.2188 4631983003076132864
48.25 4631987401122643968
48.2812 4631991799169155072
48.3125 4631996197215666176
48.3438 4632000595262177280
48.375 4632004993308688384
48.4062 4632009391355199488
48.4375 4632013789401710592
48.4688 4632018187448221696
48.5 4632022585494732800
48.5312 4632026983541243904
48.5625 4632031381587755008
48.5938 4632035779634266112
48.625 4632040177680777216
48.6562 4632044575727288320
48.6875 4632048973773799424
48.7188 4632053371820310528
48.75 4632057769866821632
48.7812 4632062167913332736
48.8125 4632066565959843840
48.8438 4632070964006354944
48.875 4632075362052866048
48.9062 4632079760099377152
48.9375 4632084158145888256
48.9688 4632088556192399360
49 4632092954238910464
49.0312 4632097352285421568
49.0625 4632101750331932672
49.0938 4632106148378443776
49.125 4632110546424954880
49.1562 4632114944471465984
49.1875 4632119342517977088
49.2188 4632123740564488192
49.25 4632128138610999296
49.2812 4632132536657510400
49.3125 4632136934704021504
49.3438 4632141332750532608
49.375 4632145730797043712
49.4062 4632150128843554816
49.4375 4632154526890065920
49.4688 4632158924936577024
49.5 4632163322983088128
49.5312 4632167721029599232
49.5625 4632172119076110336
49.5938 4632176517122621440
49.625 4632180915169132544
49.6562 4632185313215643648
49.6875 4632189711262154752
49.7188 4632194109308665856
49.75 4632198507355176960
49.7812 4632202905401688064
49.8125 4632207303448199168
49.8438 4632211701494710272
49.875 4632216099541221376
49.9062 4632220497587732480
49.9375 4632224895634243584
49.9688 4632229293680754688
50 4632233691727265792
50.0312 4632238089773776896
50.0625 4632242487820288000
50.0938 4632246885866799104
50.125 4632251283913310208
50.1562 4632255681959821312
50.1875 4632260080006332416
50.2188 4632264478052843520
50.25 4632268876099354624
50.2812 4632273274145865728
50.3125 4632277672192376832
50.3438 4632282070238887936
50.375 4632286468285399040
50.4062 4632290866331910144
50.4375 4632295264378421248
50.4688 4632299662424932352
50.5 4632304060471443456
50.5312 4632308458517954560
50.5625 4632312856564465664
50.5938 4632317254610976768
50.625 4632321652657487872
50.6562 4632326050703998976
50.6875 4632330448750510080
50.7188 4632334846797021184
50.75 4632339244843532288
50.7812 4632343642890043392
50.8125 4632348040936554496
50.8438 4632352438983065600
50.875 4632356837029576704
50.9062 4632361235076087808
50.9375 4632365633122598912
50.9688 4632370031169110016
51 4632374429215621120
51.0312 4632378827262132224
51.0625 4632383225308643328
51.0938 4632387623355154432
51.125 4632392021401665536
51.1562 4632396419448176640
51.1875 4632400817494687744
51.2188 4632405215541198848
51.25 4632409613587709952
51.2812 4632414011634221056
51.3125 4632418409680732160
51.3438 4632422807727243264
51.375 4632427205773754368
51.4062 4632431603820265472
51.4375 4632436001866776576
51.4688 4632440399913287680
51.5 4632444797959798784
51.5312 4632449196006309888
51.5625 4632453594052820992
51.5938 4632457992099332096
51.625 4632462390145843200
51.6562 4632466788192354304
51.6875 4632471186238865408
51.7188 4632475584285376512
51.75 4632479982331887616
51.7812 4632484380378398720
51.8125 4632488778424909824
51.8438 4632493176471420928
51.875 4632497574517932032
51.9062 4632501972564443136
51.9375 4632506370610954240
51.9688 4632510768657465344
52 4632515166703976448
52.0312 4632519564750487552
52.0625 4632523962796998656
52.0938 4632528360843509760
52.125 4632532758890020864
52.1562 4632537156936531968
52.1875 4632541554983043072
52.2188 4632545953029554176
52.25 4632550351076065280
52.2812 4632554749122576384
52.3125 4632559147169087488
52.3438 4632563545215598592
52.375 4632567943262109696
52.4062 4632572341308620800
52.4375 4632576739355131904
52.4688 4632581137401643008
52.5 4632585535448154112
52.5312 4632589933494665216
52.5625 4632594331541176320
52.5938 4632598729587687424
52.625 4632603127634198528
52.6562 4632607525680709632
52.6875 4632611923727220736
52.7188 4632616321773731840
52.75 4632620719820242944
52.7812 4632625117866754048
52.8125 4632629515913265152
52.8438 4632633913959776256
52.875 4632638312006287360
52.9062 4632642710052798464
52.9375 4632647108099309568
52.9688 4632651506145820672
53 4632655904192331776
53.0312 4632660302238842880
53.0625 4632664700285353984
53.0938 4632669098331865088
53.125 4632673496378376192
53.1562 4632677894424887296
53.1875 4632682292471398400
53.2188 4632686690517909504
53.25 4632691088564420608
53.2812 4632695486610931712
53.3125 4632699884657442816
53.3438 4632704282703953920
53.375 4632708680750465024
53.4062 4632713078796976128
53.4375 4632717476843487232
53.4688 4632721874889998336
53.5 4632726272936509440
53.5312 4632730670983020544
53.5625 4632735069029531648
53.5938 4632739467076042752
53.625 4632743865122553856
53.6562 4632748263169064960
53.6875 4632752661215576064
53.7188 4632757059262087168
53.75 4632761457308598272
53.7812 4632765855355109376
53.8125 4632770253401620480
53.8438 4632774651448131584
53.875 4632779049494642688
53.9062 4632783447541153792
53.9375 4632787845587664896
53.9688 4632792243634176000
54 4632796641680687104
54.0312 4632801039727198208
54.0625 4632805437773709312
54.0938 4632809835820220416
54.125 4632814233866731520
54.1562 4632818631913242624
54.1875 4632823029959753728
54.2188 4632827428006264832
54.25 4632831826052775936
54.2812 4632836224099287040
54.3125 4632840622145798144
54.3438 4632845020192309248
54.375 4632849418238820352
54.4062 4632853816285331456
54.4375 4632858214331842560
54.4688 4632862612378353664
54.5 4632867010424864768
54.5312 4632871408471375872
54.5625 4632875806517886976
54.5938 4632880204564398080
54.625 4632884602610909184
54.6562 4632889000657420288
54.6875 4632893398703931392
54.7188 4632897796750442496
54.75 4632902194796953600
54.7812 4632906592843464704
54.8125 4632910990889975808
54.8438 4632915388936486912
54.875 4632919786982998016
54.9062 4632924185029509120
54.9375 4632928583076020224
54.9688 4632932981122531328
55 4632937379169042432
55.0312 4632941777215553536
55.0625 4632946175262064640
55.0938 4632950573308575744
55.125 4632954971355086848
55.1562 4632959369401597952
55.1875 4632963767448109056
55.2188 4632968165494620160
55.25 4632972563541131264
55.2812 4632976961587642368
55.3125 4632981359634153472
55.3438 4632985757680664576
55.375 4632990155727175680
55.4062 4632994553773686784
55.4375 4632998951820197888
55.4688 4633003349866708992
55.5 4633007747913220096
55.5312 4633012145959731200
55.5625 4633016544006242304
55.5938 4633020942052753408
55.625 4633025340099264512
55.6562 4633029738145775616
55.6875 4633034136192286720
55.7188 4633038534238797824
55.75 4633042932285308928
55.7812 4633047330331820032
55.8125 4633051728378331136
55.8438 4633056126424842240
55.875 4633060524471353344
55.9062 4633064922517864448
55.9375 4633069320564375552
55.9688 4633073718610886656
56 4633078116657397760
56.0312 4633082514703908864
56.0625 4633086912750419968
56.0938 4633091310796931072
56.125 4633095708843442176
56.1562 4633100106889953280
56.1875 4633104504936464384
56.2188 4633108902982975488
56.25 4633113301029486592
56.2812 4633117699075997696
56.3125 4633122097122508800
56.3438 4633126495169019904
56.375 4633130893215531008
56.4062 4633135291262042112
56.4375 4633139689308553216
56.4688 4633144087355064320
56.5 4633148485401575424
56.5312 4633152883448086528
56.5625 4633157281494597632
56.5938 4633161679541108736
56.625 4633166077587619840
56.6562 4633170475634130944
56.6875 4633174873680642048
56.7188 4633179271727153152
56.75 4633183669773664256
56.7812 4633188067820175360
56.8125 4633192465866686464
56.8438 4633196863913197568
56.875 4633201261959708672
56.9062 4633205660006219776
56.9375 4633210058052730880
56.9688 4633214456099241984
57 4633218854145753088
57.0312 4633223252192264192
57.0625 4633227650238775296
57.0938 4633232048285286400
57.125 4633236446331797504
57.1562 4633240844378308608
57.1875 4633245242424819712
57.2188 4633249640471330816
57.25 4633254038517841920
57.2812 4633258436564353024
57.3125 4633262834610864128
57.3438 4633267232657375232
57.375 4633271630703886336
57.4062 4633276028750397440
57.4375 4633280426796908544
57.4688 4633284824843419648
57.5 4633289222889930752
57.5312 4633293620936441856
57.5625 4633298018982952960
57.5938 4633302417029464064
57.625 4633306815075975168
57.6562 4633311213122486272
57.6875 4633315611168997376
57.7188 4633320009215508480
57.75 4633324407262019584
57.7812 4633328805308530688
57.8125 4633333203355041792
57.8438 4633337601401552896
57.875 4633341999448064000
57.9062 4633346397494575104
57.9375 4633350795541086208
57.9688 4633355193587597312
58 4633359591634108416
58.0312 4633363989680619520
58.0625 4633368387727130624
58.0938 4633372785773641728
58.125 4633377183820152832
58.1562 4633381581866663936
58.1875 4633385979913175040
58.2188 4633390377959686144
58.25 4633394776006197248
58.2812 4633399174052708352
58.3125 4633403572099219456
58.3438 4633407970145730560
58.375 4633412368192241664
58.4062 4633416766238752768
58.4375 4633421164285263872
58.4688 4633425562331774976
58.5 4633429960378286080
58.5312 4633434358424797184
58.5625 4633438756471308288
58.5938 4633443154517819392
58.625 4633447552564330496
58.6562 4633451950610841600
58.6875 4633456348657352704
58.7188 4633460746703863808
58.75 4633465144750374912
58.7812 4633469542796886016
58.8125 4633473940843397120
58.8438 4633478338889908224
58.875 4633482736936419328
58.9062 4633487134982930432
58.9375 4633491533029441536
58.9688 4633495931075952640
59 4633500329122463744
59.0312 4633504727168974848
59.0625 4633509125215485952
59.0938 4633513523261997056
59.125 4633517921308508160
59.1562 4633522319355019264
59.1875 4633526717401530368
59.2188 4633531115448041472
59.25 4633535513494552576
59.2812 4633539911541063680
59.3125 4633544309587574784
59.3438 4633548707634085888
59.375 4633553105680596992
59.4062 4633557503727108096
59.4375 4633561901773619200
59.4688 4633566299820130304
59.5 4633570697866641408
59.5312 4633575095913152512
59.5625 4633579493959663616
59.5938 4633583892006174720
59.625 4633588290052685824
59.6562 4633592688099196928
59.6875 4633597086145708032
59.7188 4633601484192219136
59.75 4633605882238730240
59.7812 4633610280285241344
59.8125 4633614678331752448
59.8438 4633619076378263552
59.875 4633623474424774656
59.9062 4633627872471285760
59.9375 4633632270517796864
59.9688 4633636668564307968
60 4633641066610819072
60.0312 4633645464657330176
60.0625 4633649862703841280
60.0938 4633654260750352384
60.125 4633658658796863488
60.1562 4633663056843374592
60.1875 4633667454889885696
60.2188 4633671852936396800
60.25 4633676250982907904
60.2812 4633680649029419008
60.3125 4633685047075930112
60.3438 4633689445122441216
60.375 4633693843168952320
60.4062 4633698241215463424
60.4375 4633702639261974528
60.4688 4633707037308485632
60.5 4633711435354996736
60.5312 4633715833401507840
60.5625 4633720231448018944
60.5938 4633724629494530048
60.625 4633729027541041152
60.6562 4633733425587552256
60.6875 4633737823634063360
60.7188 4633742221680574464
60.75 4633746619727085568
60.7812 4633751017773596672
60.8125 4633755415820107776
60.8438 4633759813866618880
60.875 4633764211913129984
60.9062 4633768609959641088
60.9375 4633773008006152192
60.9688 4633777406052663296
61 4633781804099174400
61.0312 4633786202145685504
61.0625 4633790600192196608
61.0938 4633794998238707712
61.125 4633799396285218816
61.1562 4633803794331729920
61.1875 4633808192378241024
61.2188 4633812590424752128
61.25 4633816988471263232
61.2812 4633821386517774336
61.3125 4633825784564285440
61.3438 4633830182610796544
61.375 4633834580657307648
61.4062 4633838978703818752
61.4375 4633843376750329856
61.4688 4633847774796840960
61.5 4633852172843352064
61.5312 4633856570889863168
61.5625 4633860968936374272
61.5938 4633865366982885376
61.625 4633869765029396480
61.6562 4633874163075907584
61.6875 4633878561122418688
61.7188 4633882959168929792
61.75 4633887357215440896
61.7812 4633891755261952000
61.8125 4633896153308463104
61.8438 4633900551354974208
61.875 4633904949401485312
61.9062 4633909347447996416
61.9375 4633913745494507520
61.9688 4633918143541018624
62 4633922541587529728
62.0312 4633926939634040832
62.0625 4633931337680551936
62.0938 4633935735727063040
62.125 4633940133773574144
62.1562 4633944531820085248
62.1875 4633948929866596352
62.2188 4633953327913107456
62.25 4633957725959618560
62.2812 4633962124006129664
62.3125 4633966522052640768
62.3438 4633970920099151872
62.375 4633975318145662976
62.4062 4633979716192174080
62.4375 4633984114238685184
62.4688 4633988512285196288
62.5 4633992910331707392
62.5312 4633997308378218496
62.5625 4634001706424729600
62.5938 4634006104471240704
62.625 4634010502517751808
62.6562 4634014900564262912
62.6875 4634019298610774016
62.7188 4634023696657285120
62.75 4634028094703796224
62.7812 4634032492750307328
62.8125 4634036890796818432
62.8438 4634041288843329536
62.875 4634045686889840640
62.9062 4634050084936351744
62.9375 4634054482982862848
62.9688 4634058881029373952
63 4634063279075885056
63.0312 4634067677122396160
63.0625 4634072075168907264
63.0938 4634076473215418368
63.125 4634080871261929472
63.1562 4634085269308440576
63.1875 4634089667354951680
63.2188 4634094065401462784
63.25 4634098463447973888
63.2812 4634102861494484992
63.3125 4634107259540996096
63.3438 4634111657587507200
63.375 4634116055634018304
63.4062 4634120453680529408
63.4375 4634124851727040512
63.4688 4634129249773551616
63.5 4634133647820062720
63.5312 4634138045866573824
63.5625 4634142443913084928
63.5938 4634146841959596032
63.625 4634151240006107136
63.6562 4634155638052618240
63.6875 4634160036099129344
63.7188 4634164434145640448
63.75 4634168832192151552
63.7812 4634173230238662656
63.8125 4634177628285173760
63.8438 4634182026331684864
63.875 4634186424378195968
63.9062 4634190822424707072
63.9375 4634195220471218176
63.9688 4634199618517729280
64 4634204016564240384
64.0625 4634208414610751488
64.125 4634212812657262592
64.1875 4634217210703773696
64.25 4634221608750284800
64.3125 4634226006796795904
64.375 4634230404843307008
64.4375 4634234802889818112
64.5 4634239200936329216
64.5625 4634243598982840320
64.625 4634247997029351424
64.6875 4634252395075862528
64.75 4634256793122373632
64.8125 4634261191168884736
64.875 4634265589215395840
64.9375 4634269987261906944
65 4634274385308418048
65.0625 4634278783354929152
65.125 4634283181401440256
65.1875 4634287579447951360
65.25 4634291977494462464
65.3125 4634296375540973568
65.375 4634300773587484672
65.4375 4634305171633995776
65.5 4634309569680506880
65.5625 4634313967727017984
65.625 4634318365773529088
65.6875 4634322763820040192
65.75 4634327161866551296
65.8125 4634331559913062400
65.875 4634335957959573504
65.9375 4634340356006084608
66 4634344754052595712
66.0625 4634349152099106816
66.125 4634353550145617920
66.1875 4634357948192129024
66.25 4634362346238640128
66.3125 4634366744285151232
66.375 4634371142331662336
66.4375 4634375540378173440
66.5 4634379938424684544
66.5625 4634384336471195648
66.625 4634388734517706752
66.6875 4634393132564217856
66.75 4634397530610728960
66.8125 4634401928657240064
66.875 4634406326703751168
66.9375 4634410724750262272
67 4634415122796773376
67.0625 4634419520843284480
67.125 4634423918889795584
67.1875 4634428316936306688
67.25 4634432714982817792
67.3125 4634437113029328896
67.375 4634441511075840000
67.4375 4634445909122351104
67.5 4634450307168862208
67.5625 4634454705215373312
67.625 4634459103261884416
67.6875 4634463501308395520
67.75 4634467899354906624
67.8125 4634472297401417728
67.875 4634476695447928832
67.9375 4634481093494439936
68 4634485491540951040
68.0625 4634489889587462144
68.125 4634494287633973248
68.1875 4634498685680484352
68.25 4634503083726995456
68.3125 4634507481773506560
68.375 4634511879820017664
68.4375 4634516277866528768
68.5 4634520675913039872
68.5625 4634525073959550976
68.625 4634529472006062080
68.6875 4634533870052573184
68.75 4634538268099084288
68.8125 4634542666145595392
68.875 4634547064192106496
68.9375 4634551462238617600
69 4634555860285128704
69.0625 4634560258331639808
69.125 4634564656378150912
69.1875 4634569054424662016
69.25 4634573452471173120
69.3125 4634577850517684224
69.375 4634582248564195328
69.4375 4634586646610706432
69.5 4634591044657217536
69.5625 4634595442703728640
69.625 4634599840750239744
69.6875 4634604238796750848
69.75 4634608636843261952
69.8125 4634613034889773056
69.875 4634617432936284160
69.9375 4634621830982795264
70 4634626229029306368
70.0625 4634630627075817472
70.125 4634635025122328576
70.1875 4634639423168839680
70.25 4634643821215350784
70.3125 4634648219261861888
70.375 4634652617308372992
70.4375 4634657015354884096
70.5 4634661413401395200
70.5625 4634665811447906304
70.625 4634670209494417408
70.6875 4634674607540928512
70.75 4634679005587439616
70.8125 4634683403633950720
70.875 4634687801680461824
70.9375 4634692199726972928
71 4634696597773484032
71.0625 4634700995819995136
71.125 4634705393866506240
71.1875 4634709791913017344
71.25 4634714189959528448
71.3125 4634718588006039552
71.375 4634722986052550656
71.4375 4634727384099061760
71.5 4634731782145572864
71.5625 4634736180192083968
71.625 4634740578238595072
71.6875 4634744976285106176
71.75 4634749374331617280
71.8125 4634753772378128384
71.875 4634758170424639488
71.9375 4634762568471150592
72 4634766966517661696
72.0625 4634771364564172800
72.125 4634775762610683904
72.1875 4634780160657195008
72.25 4634784558703706112
72.3125 4634788956750217216
72.375 4634793354796728320
72.4375 4634797752843239424
72.5 4634802150889750528
72.5625 4634806548936261632
72.625 4634810946982772736
72.6875 4634815345029283840
72.75 4634819743075794944
72.8125 4634824141122306048
72.875 4634828539168817152
72.9375 4634832937215328256
73 4634837335261839360
73.0625 4634841733308350464
73.125 4634846131354861568
73.1875 4634850529401372672
73.25 4634854927447883776
73.3125 4634859325494394880
73.375 4634863723540905984
73.4375 4634868121587417088
73.5 4634872519633928192
73.5625 4634876917680439296
73.625 4634881315726950400
73.6875 4634885713773461504
73.75 4634890111819972608
73.8125 4634894509866483712
73.875 4634898907912994816
73.9375 4634903305959505920
74 4634907704006017024
74.0625 4634912102052528128
74.125 4634916500099039232
74.1875 4634920898145550336
74.25 4634925296192061440
74.3125 4634929694238572544
74.375 4634934092285083648
74.4375 4634938490331594752
74.5 4634942888378105856
74.5625 4634947286424616960
74.625 4634951684471128064
74.6875 4634956082517639168
74.75 4634960480564150272
74.8125 4634964878610661376
74.875 4634969276657172480
74.9375 4634973674703683584
75 4634978072750194688
75.0625 4634982470796705792
75.125 4634986868843216896
75.1875 4634991266889728000
75.25 4634995664936239104
75.3125 4635000062982750208
75.375 4635004461029261312
75.4375 4635008859075772416
75.5 4635013257122283520
75.5625 4635017655168794624
75.625 4635022053215305728
75.6875 4635026451261816832
75.75 4635030849308327936
75.8125 4635035247354839040
75.875 4635039645401350144
75.9375 4635044043447861248
76 4635048441494372352
76.0625 4635052839540883456
76.125 4635057237587394560
76.1875 4635061635633905664
76.25 4635066033680416768
76.3125 4635070431726927872
76.375 4635074829773438976
76.4375 4635079227819950080
76.5 4635083625866461184
76.5625 4635088023912972288
76.625 4635092421959483392
76.6875 4635096820005994496
76.75 4635101218052505600
76.8125 4635105616099016704
76.875 4635110014145527808
76.9375 4635114412192038912
77 4635118810238550016
77.0625 4635123208285061120
77.125 4635127606331572224
77.1875 4635132004378083328
77.25 4635136402424594432
77.3125 4635140800471105536
77.375 4635145198517616640
77.4375 4635149596564127744
77.5 4635153994610638848
77.5625 4635158392657149952
77.625 4635162790703661056
77.6875 4635167188750172160
77.75 4635171586796683264
77.8125 4635175984843194368
77.875 4635180382889705472
77.9375 4635184780936216576
78 4635189178982727680
78.0625 4635193577029238784
78.125 4635197975075749888
78.1875 4635202373122260992
78.25 4635206771168772096
78.3125 4635211169215283200
78.375 4635215567261794304
78.4375 4635219965308305408
78.5 4635224363354816512
78.5625 4635228761401327616
78.625 4635233159447838720
78.6875 4635237557494349824
78.75 4635241955540860928
78.8125 4635246353587372032
78.875 4635250751633883136
78.9375 4635255149680394240
79 4635259547726905344
79.0625 4635263945773416448
79.125 4635268343819927552
79.1875 4635272741866438656
79.25 4635277139912949760
79.3125 4635281537959460864
79.375 4635285936005971968
79.4375 4635290334052483072
79.5 4635294732098994176
79.5625 4635299130145505280
79.625 4635303528192016384
79.6875 4635307926238527488
79.75 4635312324285038592
79.8125 4635316722331549696
79.875 4635321120378060800
79.9375 4635325518424571904
80 4635329916471083008
80.0625 4635334314517594112
80.125 4635338712564105216
80.1875 4635343110610616320
80.25 4635347508657127424
80.3125 4635351906703638528
80.375 4635356304750149632
80.4375 4635360702796660736
80.5 4635365100843171840
80.5625 4635369498889682944
80.625 4635373896936194048
80.6875 4635378294982705152
80.75 4635382693029216256
80.8125 4635387091075727360
80.875 4635391489122238464
80.9375 4635395887168749568
81 4635400285215260672
81.0625 4635404683261771776
81.125 4635409081308282880
81.1875 4635413479354793984
81.25 4635417877401305088
81.3125 4635422275447816192
81.375 4635426673494327296
81.4375 4635431071540838400
81.5 4635435469587349504
81.5625 4635439867633860608
81.625 4635444265680371712
81.6875 4635448663726882816
81.75 4635453061773393920
81.8125 4635457459819905024
81.875 4635461857866416128
81.9375 4635466255912927232
82 4635470653959438336
82.0625 4635475052005949440
82.125 4635479450052460544
82.1875 4635483848098971648
82.25 4635488246145482752
82.3125 4635492644191993856
82.375 4635497042238504960
82.4375 4635501440285016064
82.5 4635505838331527168
82.5625 4635510236378038272
82.625 4635514634424549376
82.6875 4635519032471060480
82.75 4635523430517571584
82.8125 4635527828564082688
82.875 4635532226610593792
82.9375 4635536624657104896
83 4635541022703616000
83.0625 4635545420750127104
83.125 4635549818796638208
83.1875 4635554216843149312
83.25 4635558614889660416
83.3125 4635563012936171520
83.375 4635567410982682624
83.4375 4635571809029193728
83.5 4635576207075704832
83.5625 4635580605122215936
83.625 4635585003168727040
83.6875 4635589401215238144
83.75 4635593799261749248
83.8125 4635598197308260352
83.875 4635602595354771456
83.9375 4635606993401282560
84 4635611391447793664
84.0625 4635615789494304768
84.125 4635620187540815872
84.1875 4635624585587326976
84.25 4635628983633838080
84.3125 4635633381680349184
84.375 4635637779726860288
84.4375 4635642177773371392
84.5 4635646575819882496
84.5625 4635650973866393600
84.625 4635655371912904704
84.6875 4635659769959415808
84.75 4635664168005926912
84.8125 4635668566052438016
84.875 4635672964098949120
84.9375 4635677362145460224
85 4635681760191971328
85.0625 4635686158238482432
85.125 4635690556284993536
85.1875 4635694954331504640
85.25 4635699352378015744
85.3125 4635703750424526848
85.375 4635708148471037952
85.4375 4635712546517549056
85.5 4635716944564060160
85.5625 4635721342610571264
85.625 4635725740657082368
85.6875 4635730138703593472
85.75 4635734536750104576
85.8125 4635738934796615680
85.875 4635743332843126784
85.9375 4635747730889637888
86 4635752128936148992
86.0625 4635756526982660096
86.125 4635760925029171200
86.1875 4635765323075682304
86.25 4635769721122193408
86.3125 4635774119168704512
86.375 4635778517215215616
86.4375 4635782915261726720
86.5 4635787313308237824
86.5625 4635791711354748928
86.625 4635796109401260032
86.6875 4635800507447771136
86.75 4635804905494282240
86.8125 4635809303540793344
86.875 4635813701587304448
86.9375 4635818099633815552
87 4635822497680326656
87.0625 4635826895726837760
87.125 4635831293773348864
87.1875 4635835691819859968
87.25 4635840089866371072
87.3125 4635844487912882176
87.375 4635848885959393280
87.4375 4635853284005904384
87.5 4635857682052415488
87.5625 4635862080098926592
87.625 4635866478145437696
87.6875 4635870876191948800
87.75 4635875274238459904
87.8125 4635879672284971008
87.875 4635884070331482112
87.9375 4635888468377993216
88 4635892866424504320
88.0625 4635897264471015424
88.125 4635901662517526528
88.1875 4635906060564037632
88.25 4635910458610548736
88.3125 4635914856657059840
88.375 4635919254703570944
88.4375 4635923652750082048
88.5 4635928050796593152
88.5625 4635932448843104256
88.625 4635936846889615360
88.6875 4635941244936126464
88.75 4635945642982637568
88.8125 4635950041029148672
88.875 4635954439075659776
88.9375 4635958837122170880
89 4635963235168681984
89.0625 4635967633215193088
89.125 4635972031261704192
89.1875 4635976429308215296
89.25 4635980827354726400
89.3125 4635985225401237504
89.375 4635989623447748608
89.4375 4635994021494259712
89.5 4635998419540770816
89.5625 4636002817587281920
89.625 4636007215633793024
89.6875 4636011613680304128
89.75 4636016011726815232
89.8125 4636020409773326336
89.875 4636024807819837440
89.9375 4636029205866348544
90 4636033603912859648
90.0625 4636038001959370752
90.125 4636042400005881856
90.1875 4636046798052392960
90.25 4636051196098904064
90.3125 4636055594145415168
90.375 4636059992191926272
90.4375 4636064390238437376
90.5 4636068788284948480
90.5625 4636073186331459584
90.625 4636077584377970688
90.6875 4636081982424481792
90.75 4636086380470992896
90.8125 4636090778517504000
90.875 4636095176564015104
90.9375 4636099574610526208
91 4636103972657037312
91.0625 4636108370703548416
91.125 4636112768750059520
91.1875 4636117166796570624
91.25 4636121564843081728
91.3125 4636125962889592832
91.375 4636130360936103936
91.4375 4636134758982615040
91.5 4636139157029126144
91.5625 4636143555075637248
91.625 4636147953122148352
91.6875 4636152351168659456
91.75 4636156749215170560
91.8125 4636161147261681664
91.875 4636165545308192768
91.9375 4636169943354703872
92 4636174341401214976
92.0625 4636178739447726080
92.125 4636183137494237184
92.1875 4636187535540748288
92.25 4636191933587259392
92.3125 4636196331633770496
92.375 4636200729680281600
92.4375 4636205127726792704
92.5 4636209525773303808
92.5625 4636213923819814912
92.625 4636218321866326016
92.6875 4636222719912837120
92.75 4636227117959348224
92.8125 4636231516005859328
92.875 4636235914052370432
92.9375 4636240312098881536
93 4636244710145392640
93.0625 4636249108191903744
93.125 4636253506238414848
93.1875 4636257904284925952
93.25 4636262302331437056
93.3125 4636266700377948160
93.375 4636271098424459264
93.4375 4636275496470970368
93.5 4636279894517481472
93.5625 4636284292563992576
93.625 4636288690610503680
93.6875 4636293088657014784
93.75 4636297486703525888
93.8125 4636301884750036992
93.875 4636306282796548096
93.9375 4636310680843059200
94 4636315078889570304
94.0625 4636319476936081408
94.125 4636323874982592512
94.1875 4636328273029103616
94.25 4636332671075614720
94.3125 4636337069122125824
94.375 4636341467168636928
94.4375 4636345865215148032
94.5 4636350263261659136
94.5625 4636354661308170240
94.625 4636359059354681344
94.6875 4636363457401192448
94.75 4636367855447703552
94.8125 4636372253494214656
94.875 4636376651540725760
94.9375 4636381049587236864
95 4636385447633747968
95.0625 4636389845680259072
95.125 4636394243726770176
95.1875 4636398641773281280
95.25 4636403039819792384
95.3125 4636407437866303488
95.375 4636411835912814592
95.4375 4636416233959325696
95.5 4636420632005836800
95.5625 4636425030052347904
95.625 4636429428098859008
95.6875 4636433826145370112
95.75 4636438224191881216
95.8125 4636442622238392320
95.875 4636447020284903424
95.9375 4636451418331414528
96 4636455816377925632
96.0625 4636460214424436736
96.125 4636464612470947840
96.1875 4636469010517458944
96.25 4636473408563970048
96.3125 4636477806610481152
96.375 4636482204656992256
96.4375 4636486602703503360
96.5 4636491000750014464
96.5625 4636495398796525568
96.625 4636499796843036672
96.6875 4636504194889547776
96.75 4636508592936058880
96.8125 4636512990982569984
96.875 4636517389029081088
96.9375 4636521787075592192
97 4636526185122103296
97.0625 4636530583168614400
97.125 4636534981215125504
97.1875 4636539379261636608
97.25 4636543777308147712
97.3125 4636548175354658816
97.375 4636552573401169920
97.4375 4636556971447681024
97.5 4636561369494192128
97.5625 4636565767540703232
97.625 4636570165587214336
97.6875 4636574563633725440
97.75 4636578961680236544
97.8125 4636583359726747648
97.875 4636587757773258752
97.9375 4636592155819769856
98 4636596553866280960
98.0625 4636600951912792064
98.125 4636605349959303168
98.1875 4636609748005814272
98.25 4636614146052325376
98.3125 4636618544098836480
98.375 4636622942145347584
98.4375 4636627340191858688
98.5 4636631738238369792
98.5625 4636636136284880896
98.625 4636640534331392000
98.6875 4636644932377903104
98.75 4636649330424414208
98.8125 4636653728470925312
98.875 4636658126517436416
98.9375 4636662524563947520
99 4636666922610458624
99.0625 4636671320656969728
99.125 4636675718703480832
99.1875 4636680116749991936
99.25 4636684514796503040
99.3125 4636688912843014144
99.375 4636693310889525248
99.4375 4636697708936036352
99.5 4636702106982547456
99.5625 4636706505029058560
99.625 4636710903075569664
99.6875 4636715301122080768
99.75 4636719699168591872
99.8125 4636724097215102976
99.875 4636728495261614080
99.9375 4636732893308125184
100 4636737291354636288
Seleted Interval: [0.01, 100]
preprocessing: x = 0.009995, maximumULP = 67782.65, maximumRelative = 7.525724e-12

--------------------existing significant error, excute three-layer search----------------------
half-precisoin layer: x = 0.009995, maximumULP = 67782.65, maximumRelative = 7.525724e-12

float-precisoin layer: x = 0.0099983643740416, maximumULP = 69469.51, maximumRelative = 7.713012e-12, elapsedTime = 0.043647
double-precision layer: x = 0.0099983650650404, maximumULP = 70140.47, maximumRelative = 7.787507e-12, BitsError = 16.1
