{
    "0": [
        [
            "linear",
            {
                "hsed": [
                    1.9232403744102058
                ],
                "inputs": [
                    0.9475234968115063
                ],
                "results": [
                    1.3832184284465627
                ],
                "results_i": [
                    1.3832184284465643
                ]
            }
        ]
    ],
    "1": [
        [
            "linear",
            {
                "hsed": [
                    2.4336434427657276
                ],
                "inputs": [
                    258.420781149017
                ],
                "results": [
                    0.03107325524534235
                ],
                "results_i": [
                    0.03107325524534233
                ]
            }
        ]
    ],
    "10": [
        [
            "linear",
            {
                "hsed": [
                    4028.9134802547933
                ],
                "inputs": [
                    0.0105394485936052
                ],
                "results": [
                    0.0001110810048911004
                ],
                "results_i": [
                    0.00011108100489143348
                ]
            }
        ]
    ],
    "11": [
        [
            "linear",
            {
                "inputs": [
                    0.1391795651431005
                ],
                "results": [
                    0.49469050445487855
                ],
                "results_i": [
                    0.4946905044548788
                ]
            }
        ]
    ],
    "12": [
        [
            "linear",
            {
                "inputs": [
                    0.2038767065478421
                ],
                "results": [
                    0.1215953509620437
                ],
                "results_i": [
                    0.12159535096204364
                ]
            }
        ]
    ],
    "13": [
        [
            "linear",
            {
                "inputs": [
                    0.6933694532937099
                ],
                "results": [
                    0.0004444960733395906
                ],
                "results_i": [
                    0.0004444960733398125
                ]
            }
        ]
    ],
    "14": [
        [
            "linear",
            {
                "inputs": [
                    -1.510257683388978
                ],
                "results": [
                    -0.9980577567827955
                ],
                "results_i": [
                    -0.9980577567827943
                ]
            }
        ]
    ],
    "15": [
        [
            "linear",
            {
                "inputs": [
                    0.2151158667249352
                ],
                "results": [
                    7528645.176818291
                ],
                "results_i": [
                    7528645.176818294
                ]
            }
        ]
    ],
    "16": [
        [
            "linear",
            {
                "inputs": [
                    6.283185483177097
                ],
                "results": [
                    3.90899638694059e-16
                ],
                "results_i": [
                    3.8808741107755514e-16
                ]
            }
        ]
    ],
    "17": [
        [
            "linear",
            {
                "inputs": [
                    0.542211419737508
                ],
                "results": [
                    -2.4802382370125997e-13
                ],
                "results_i": [
                    -2.4913404672588513e-13
                ]
            }
        ]
    ],
    "18": [
        [
            "linear",
            {
                "inputs": [
                    99.5398938635648
                ],
                "results": [
                    0.015467920791254919
                ],
                "results_i": [
                    0.015467920791256692
                ]
            }
        ]
    ],
    "19": [
        [
            "linear",
            {
                "inputs": [
                    96.62841791739832
                ],
                "results": [
                    2.216980658836451e-06
                ],
                "results_i": [
                    2.2169806588260414e-06
                ]
            }
        ]
    ],
    "2": [
        [
            "linear",
            {
                "hsed": [
                    42.78097314032093
                ],
                "inputs": [
                    0.0102680349232534
                ],
                "results": [
                    1.005151634752316
                ],
                "results_i": [
                    1.0051516347523157
                ]
            }
        ]
    ],
    "20": [
        [
            "linear",
            {
                "inputs": [
                    98.00440032366319
                ],
                "results": [
                    -0.0001030623229242942
                ],
                "results_i": [
                    -0.00010306232292429592
                ]
            }
        ]
    ],
    "21": [
        [
            "linear",
            {
                "inputs": [
                    63.56549214276435
                ],
                "results": [
                    0.0009751025405222574
                ],
                "results_i": [
                    0.0009751025405221605
                ]
            }
        ]
    ],
    "22": [
        [
            "linear",
            {
                "inputs": [
                    63.993471609908575
                ],
                "results": [
                    -1.1044011374600777
                ],
                "results_i": [
                    -1.1044011374601388
                ]
            }
        ]
    ],
    "23": [
        [
            "linear",
            {
                "inputs": [
                    6.283185483177097
                ],
                "results": [
                    8.768362685772776e-08
                ],
                "results_i": [
                    8.894526177654404e-08
                ]
            }
        ]
    ],
    "24": [
        [
            "linear",
            {
                "inputs": [
                    84.7814456539969
                ],
                "results": [
                    0.05414328396055268
                ],
                "results_i": [
                    0.05414328396055445
                ]
            }
        ]
    ],
    "25": [
        [
            "linear",
            {
                "inputs": [
                    1.0000115650339847
                ],
                "results": [
                    0.49999710875582254
                ],
                "results_i": [
                    0.499997108770222
                ]
            }
        ]
    ],
    "26": [
        [
            "linear",
            {
                "inputs": [
                    1.0036839093827405
                ],
                "results": [
                    0.4990807159339132
                ],
                "results_i": [
                    0.4990807159339128
                ]
            }
        ]
    ],
    "27": [
        [
            "linear",
            {
                "inputs": [
                    127.04006096126729
                ],
                "results": [
                    0.9921899443620034
                ],
                "results_i": [
                    0.9921899443620034
                ]
            }
        ]
    ],
    "28": [
        [
            "linear",
            {
                "inputs": [
                    1.992619871643447
                ],
                "results": [
                    0.8821455869903705
                ],